ESTU_GENERO,ESTU_DEPTO_RESIDE,FAMI_ESTRATOVIVIENDA,FAMI_TIENEINTERNET,FAMI_TIENESERVICIOTV,FAMI_TIENECOMPUTADOR,FAMI_SITUACIONECONOMICA,ESTU_DEDICACIONLECTURADIARIA,ESTU_DEDICACIONINTERNET,COLE_AREA_UBICACION,PUNT_LECTURA_CRITICA,PUNT_MATEMATICAS,PUNT_C_NATURALES,PUNT_SOCIALES_CIUDADANAS,PUNT_INGLES,PUNT_GLOBAL,PROMEDIO_AREAS,DESVIACION_AREAS,BRECHA_MEJOR_PEOR,MEJOR_AREA,PEOR_AREA,TIENE_INTERNET_Y_TV,INDICE_RECURSOS_HOGAR,DEDICACION_TOTAL_MIN,ZONA_RURAL,NIVEL_INGLES,Z_LECTURA_CRITICA,Z_MATEMATICAS,Z_C_NATURALES,Z_SOCIALES_CIUDADANAS,Z_INGLES,NIVEL_DESEMPENO_GLOBAL,PERCENTIL_GLOBAL,RATIO_LECTURA_MATEMATICAS,GRUPO_ESTRATO
0,15,2,1,1,1,0,0,15,0,53,50,54,53,58.0,265,53.6,2.8809720581775866,8.0,PUNT_INGLES,PUNT_MATEMATICAS,1,3,15,0,medio,0.007418711773220604,-0.07841420769045998,0.36106561822968863,0.3488195321534149,0.5767055285726409,Medio,59.233333333333334,1.06,medio
0,7,3,0,0,1,1,15,45,0,41,38,42,37,49.0,201,41.4,4.722287581247038,12.0,PUNT_INGLES,PUNT_SOCIALES_CIUDADANAS,0,1,60,0,medio,-1.195615629830152,-1.0923910312739973,-0.7865913000352577,-0.9808610224339355,-0.20994948160525678,Bajo,15.833333333333332,1.0789473684210527,medio
1,2,2,0,1,0,1,0,15,0,58,58,51,56,42.0,273,53.0,6.782329983125268,16.0,PUNT_LECTURA_CRITICA,PUNT_INGLES,0,1,15,0,medio,0.5086830207746258,0.5975703413652315,0.07415138866345206,0.598134636138543,-0.8217922672991772,Medio,64.43333333333334,1.0,medio
0,31,2,0,1,0,1,45,120,0,70,62,63,62,68.0,323,65.0,3.7416573867739413,8.0,PUNT_LECTURA_CRITICA,PUNT_MATEMATICAS,0,1,165,0,alto,1.7117173623779984,0.9355626158930772,1.2218083069283985,1.0967648441087994,1.4507666509925272,Alto,89.86666666666666,1.1290322580645162,medio
1,2,6,1,1,1,2,0,180,0,69,63,73,60,80.0,337,69.0,7.968688725254614,20.0,PUNT_INGLES,PUNT_SOCIALES_CIUDADANAS,1,3,180,0,alto,1.6114645005777173,1.0200606845250386,2.178189072149187,0.9305547747853806,2.4996399978963906,Alto,95.0,1.0952380952380953,alto
1,15,3,1,1,1,1,0,180,0,69,71,64,71,82.0,349,71.4,6.58027355054484,18.0,PUNT_INGLES,PUNT_C_NATURALES,1,3,180,0,alto,1.6114645005777173,1.6960452335807301,1.3174463834504773,1.8447101560641839,2.674452222380368,Alto,96.86666666666667,0.971830985915493,medio
0,12,1,1,0,0,1,45,15,0,62,51,49,55,52.0,270,53.8,5.069516742254631,13.0,PUNT_LECTURA_CRITICA,PUNT_C_NATURALES,0,1,60,0,medio,0.90969446797575,0.006083860941501454,-0.11712476438070567,0.5150296014768336,0.05226885512070911,Medio,62.4,1.2156862745098038,bajo
0,2,1,0,1,0,2,15,45,0,35,30,38,29,37.0,167,33.8,4.08656334834051,9.0,PUNT_C_NATURALES,PUNT_SOCIALES_CIUDADANAS,0,1,60,0,bajo,-1.7971328006318381,-1.7683755803296886,-1.1691436061235732,-1.6457012997276106,-1.2588228285091203,Bajo,2.6,1.1666666666666667,bajo
0,20,1,1,0,0,2,15,15,0,55,56,56,53,45.0,271,53.0,4.636809247747852,11.0,PUNT_MATEMATICAS,PUNT_INGLES,0,1,30,0,medio,0.2079244353737827,0.42857420410130864,0.5523417712738464,0.3488195321534149,-0.5595739305732113,Medio,62.96666666666667,0.9821428571428571,bajo
0,3,1,0,1,1,1,45,45,1,57,63,64,56,56.0,298,59.2,3.96232255123179,8.0,PUNT_C_NATURALES,PUNT_SOCIALES_CIUDADANAS,0,2,90,1,medio,0.4084301589743448,1.0200606845250386,1.3174463834504773,0.598134636138543,0.40189330408866364,Medio,79.63333333333334,0.9047619047619048,bajo
0,15,3,1,1,1,0,90,45,0,66,72,64,55,68.0,323,65.0,6.324555320336759,17.0,PUNT_MATEMATICAS,PUNT_SOCIALES_CIUDADANAS,1,3,135,0,alto,1.3107059151768743,1.7805433022126915,1.3174463834504773,0.5150296014768336,1.4507666509925272,Alto,89.86666666666666,0.9166666666666666,medio
0,4,3,1,1,1,2,0,15,0,66,65,71,55,60.0,320,63.4,6.107372593840988,16.0,PUNT_C_NATURALES,PUNT_SOCIALES_CIUDADANAS,1,3,15,0,medio,1.3107059151768743,1.1890568217889614,1.9869129191050294,0.5150296014768336,0.7515177530566182,Alto,88.76666666666667,1.0153846153846153,medio
0,8,1,0,1,0,1,45,180,0,60,60,62,60,44.0,296,57.2,7.429670248402684,18.0,PUNT_C_NATURALES,PUNT_INGLES,0,1,225,0,medio,0.709188744375188,0.7665664786291544,1.1261702304063195,0.9305547747853806,-0.6469800428151999,Medio,78.5,1.0,bajo
0,15,2,0,1,1,1,0,15,0,46,55,46,46,41.0,238,46.8,5.06951674225463,14.0,PUNT_MATEMATICAS,PUNT_INGLES,0,2,15,0,medio,-0.6943513208287467,0.3440761354693472,-0.40403899394694226,-0.2329157104785509,-0.9091983795411658,Bajo,41.699999999999996,0.8363636363636363,medio
1,19,0,1,1,1,2,15,45,0,32,31,44,40,34.0,183,36.2,5.585696017507577,13.0,PUNT_C_NATURALES,PUNT_MATEMATICAS,1,3,60,0,bajo,-2.0978913860326815,-1.6838775116977271,-0.5953151469911,-0.7315459184488072,-1.5210411652350861,Bajo,7.1,1.032258064516129,bajo
0,23,1,0,1,1,1,45,45,0,55,61,52,47,61.0,272,55.2,6.016643582596529,14.0,PUNT_MATEMATICAS,PUNT_SOCIALES_CIUDADANAS,0,2,90,0,alto,0.2079244353737827,0.8510645472611158,0.16978946518553092,-0.14981067581684152,0.8389238652986067,Medio,63.7,0.9016393442622951,bajo
0,15,2,1,1,1,1,120,15,0,61,57,57,61,60.0,295,59.2,2.04939015319192,4.0,PUNT_LECTURA_CRITICA,PUNT_MATEMATICAS,1,3,135,0,medio,0.809441606175469,0.51307227273327,0.6479798477959252,1.01365980944709,0.7515177530566182,Medio,77.96666666666667,1.0701754385964912,medio
0,18,2,1,1,1,0,15,15,0,39,37,31,38,39.0,182,36.8,3.3466401061363023,8.0,PUNT_LECTURA_CRITICA,PUNT_C_NATURALES,1,3,30,0,bajo,-1.396121353430714,-1.1768890999059587,-1.8386101417781253,-0.8977559877722261,-1.084010604025143,Bajo,6.566666666666666,1.054054054054054,medio
0,4,1,0,0,1,0,15,120,0,51,34,37,44,49.0,210,43.0,7.3824115301167,17.0,PUNT_LECTURA_CRITICA,PUNT_MATEMATICAS,0,1,135,0,medio,-0.19308701182734148,-1.430383305801843,-1.264781682645652,-0.39912577980196967,-0.20994948160525678,Bajo,21.96666666666667,1.5,bajo
1,28,2,1,1,1,1,45,120,0,58,62,68,64,65.0,316,63.4,3.714835124201342,10.0,PUNT_C_NATURALES,PUNT_LECTURA_CRITICA,1,3,165,0,alto,0.5086830207746258,0.9355626158930772,1.6999986895387929,1.2629749134322181,1.1885483142665612,Alto,87.46666666666667,0.9354838709677419,medio
1,5,2,0,1,1,1,0,15,0,50,46,36,37,34.0,208,40.6,6.985699678629192,16.0,PUNT_LECTURA_CRITICA,PUNT_INGLES,0,2,15,0,bajo,-0.29333987362762254,-0.41640648221830573,-1.360419759167731,-0.9808610224339355,-1.5210411652350861,Bajo,20.366666666666667,1.0869565217391304,medio
1,15,3,1,1,1,2,0,120,0,66,66,62,58,51.0,310,60.6,6.308724118235001,15.0,PUNT_LECTURA_CRITICA,PUNT_INGLES,1,3,120,0,medio,1.3107059151768743,1.273554890420923,1.1261702304063195,0.7643447054619619,-0.03513725712127952,Alto,85.2,1.0,medio
0,31,2,1,1,1,1,15,120,0,55,53,53,47,48.0,258,51.2,3.492849839314596,8.0,PUNT_LECTURA_CRITICA,PUNT_SOCIALES_CIUDADANAS,1,3,135,0,medio,0.2079244353737827,0.17507999820542433,0.2654275417076098,-0.14981067581684152,-0.2973555938472454,Medio,54.400000000000006,1.0377358490566038,medio
0,30,1,1,1,1,2,15,120,0,59,45,48,55,52.0,259,51.8,5.540758070878027,14.0,PUNT_LECTURA_CRITICA,PUNT_MATEMATICAS,1,3,135,0,medio,0.6089358825749068,-0.5009045508502672,-0.21276284090278455,0.5150296014768336,0.05226885512070911,Medio,55.06666666666666,1.3111111111111111,bajo
1,28,3,1,1,1,1,45,120,0,59,63,63,63,72.0,314,64.0,4.795831523312719,13.0,PUNT_INGLES,PUNT_LECTURA_CRITICA,1,3,165,0,alto,0.6089358825749068,1.0200606845250386,1.2218083069283985,1.1798698787705089,1.8003910999604817,Alto,86.56666666666666,0.9365079365079365,medio
1,15,2,1,1,1,1,45,45,0,56,55,50,57,52.0,272,54.0,2.9154759474226504,7.0,PUNT_SOCIALES_CIUDADANAS,PUNT_C_NATURALES,1,3,90,0,medio,0.3081772971740637,0.3440761354693472,-0.02148668785862681,0.6812396708002525,0.05226885512070911,Medio,63.7,1.018181818181818,medio
0,6,2,0,1,0,2,15,15,0,59,51,57,54,45.0,272,53.2,5.495452665613635,14.0,PUNT_LECTURA_CRITICA,PUNT_INGLES,0,1,30,0,medio,0.6089358825749068,0.006083860941501454,0.6479798477959252,0.43192456681512426,-0.5595739305732113,Medio,63.7,1.1568627450980393,medio
0,15,3,1,1,1,2,45,120,0,69,58,61,55,64.0,305,61.4,5.412947441089743,14.0,PUNT_LECTURA_CRITICA,PUNT_SOCIALES_CIUDADANAS,1,3,165,0,alto,1.6114645005777173,0.5975703413652315,1.0305321538842407,0.5150296014768336,1.1011422020245727,Alto,82.69999999999999,1.1896551724137931,medio
0,26,1,0,0,1,1,120,15,1,57,52,53,41,49.0,253,50.4,5.9833101206606365,16.0,PUNT_LECTURA_CRITICA,PUNT_SOCIALES_CIUDADANAS,0,1,135,1,medio,0.4084301589743448,0.0905819295734629,0.2654275417076098,-0.6484408837870979,-0.20994948160525678,Medio,51.26666666666667,1.0961538461538463,bajo
0,22,2,0,0,0,1,0,120,0,46,30,34,37,38.0,184,37.0,5.916079783099616,16.0,PUNT_LECTURA_CRITICA,PUNT_MATEMATICAS,0,0,120,0,bajo,-0.6943513208287467,-1.7683755803296886,-1.5516959122118887,-0.9808610224339355,-1.1714167162671316,Bajo,7.533333333333333,1.5333333333333334,medio
0,14,2,0,1,1,1,45,180,0,37,36,35,34,41.0,180,36.6,2.701851217221259,7.0,PUNT_INGLES,PUNT_SOCIALES_CIUDADANAS,0,2,225,0,medio,-1.596627077031276,-1.26138716853792,-1.4560578356898097,-1.2301761264190636,-0.9091983795411658,Bajo,5.733333333333333,1.0277777777777777,medio
0,5,3,1,1,1,1,15,45,0,56,57,49,37,59.0,252,51.6,8.988882021697693,22.0,PUNT_INGLES,PUNT_SOCIALES_CIUDADANAS,1,3,60,0,medio,0.3081772971740637,0.51307227273327,-0.11712476438070567,-0.9808610224339355,0.6641116408146295,Medio,50.76666666666667,0.9824561403508771,medio
1,15,3,1,1,1,0,0,180,1,61,51,57,58,61.0,285,57.6,4.098780306383839,10.0,PUNT_LECTURA_CRITICA,PUNT_MATEMATICAS,1,3,180,1,alto,0.809441606175469,0.006083860941501454,0.6479798477959252,0.7643447054619619,0.8389238652986067,Medio,72.73333333333333,1.196078431372549,medio
1,15,2,1,1,1,1,15,15,0,54,53,52,53,58.0,267,54.0,2.345207879911715,6.0,PUNT_INGLES,PUNT_C_NATURALES,1,3,30,0,medio,0.10767157357350166,0.17507999820542433,0.16978946518553092,0.3488195321534149,0.5767055285726409,Medio,60.3,1.0188679245283019,medio
1,15,2,1,1,1,2,45,15,0,64,65,67,66,76.0,332,67.6,4.8270073544588685,12.0,PUNT_INGLES,PUNT_LECTURA_CRITICA,1,3,60,0,alto,1.110200191576312,1.1890568217889614,1.6043606130167138,1.429184982755637,2.1500155489284363,Alto,93.0,0.9846153846153847,medio
1,15,4,1,1,1,2,0,180,0,60,56,59,66,72.0,306,62.6,6.387487769068525,16.0,PUNT_INGLES,PUNT_MATEMATICAS,1,3,180,0,alto,0.709188744375188,0.42857420410130864,0.839256000840083,1.429184982755637,1.8003910999604817,Alto,83.46666666666667,1.0714285714285714,alto
1,14,2,1,0,1,0,90,120,0,60,62,59,53,58.0,292,58.4,3.361547262794322,9.0,PUNT_MATEMATICAS,PUNT_SOCIALES_CIUDADANAS,0,2,210,0,medio,0.709188744375188,0.9355626158930772,0.839256000840083,0.3488195321534149,0.5767055285726409,Medio,76.33333333333333,0.967741935483871,medio
1,19,3,1,1,0,1,120,120,0,51,67,63,58,58.0,298,59.4,6.024948132556828,16.0,PUNT_MATEMATICAS,PUNT_LECTURA_CRITICA,1,2,240,0,medio,-0.19308701182734148,1.3580529590528845,1.2218083069283985,0.7643447054619619,0.5767055285726409,Medio,79.63333333333334,0.7611940298507462,medio
0,8,1,0,0,0,1,15,15,0,68,66,61,61,65.0,320,64.2,3.1144823004794873,7.0,PUNT_LECTURA_CRITICA,PUNT_C_NATURALES,0,0,30,0,alto,1.5112116387774364,1.273554890420923,1.0305321538842407,1.01365980944709,1.1885483142665612,Alto,88.76666666666667,1.0303030303030303,bajo
0,18,1,0,0,0,1,45,15,0,55,46,47,52,48.0,249,49.6,3.7815340802378072,9.0,PUNT_LECTURA_CRITICA,PUNT_MATEMATICAS,0,0,60,0,medio,0.2079244353737827,-0.41640648221830573,-0.3084009174248634,0.26571449749170545,-0.2973555938472454,Bajo,48.9,1.1956521739130435,bajo
0,15,2,1,1,1,2,45,45,0,54,54,48,48,49.0,254,50.6,3.1304951684997055,6.0,PUNT_LECTURA_CRITICA,PUNT_C_NATURALES,1,3,90,0,medio,0.10767157357350166,0.25957806683738577,-0.21276284090278455,-0.06670564115513211,-0.20994948160525678,Medio,51.9,1.0,medio
0,13,0,0,1,0,1,90,180,0,43,35,45,43,49.0,210,43.0,5.0990195135927845,14.0,PUNT_INGLES,PUNT_MATEMATICAS,0,1,270,0,medio,-0.9951099062295898,-1.3458852371698815,-0.49967707046902116,-0.4822308144636791,-0.20994948160525678,Bajo,21.96666666666667,1.2285714285714286,bajo
0,18,4,1,1,1,2,90,15,0,64,40,46,60,52.0,262,52.4,9.838699100999074,24.0,PUNT_LECTURA_CRITICA,PUNT_MATEMATICAS,1,3,105,0,medio,1.110200191576312,-0.9233948940100744,-0.40403899394694226,0.9305547747853806,0.05226885512070911,Medio,56.96666666666667,1.6,alto
1,15,3,1,1,1,1,0,180,0,60,62,57,56,58.0,293,58.6,2.4083189157584592,6.0,PUNT_MATEMATICAS,PUNT_SOCIALES_CIUDADANAS,1,3,180,0,medio,0.709188744375188,0.9355626158930772,0.6479798477959252,0.598134636138543,0.5767055285726409,Medio,76.96666666666667,0.967741935483871,medio
0,11,2,0,0,0,1,0,45,0,51,40,37,40,35.0,207,40.6,6.18869937870632,16.0,PUNT_LECTURA_CRITICA,PUNT_INGLES,0,0,45,0,bajo,-0.19308701182734148,-0.9233948940100744,-1.264781682645652,-0.7315459184488072,-1.4336350529930975,Bajo,19.566666666666666,1.275,medio
0,10,1,1,1,1,2,15,180,0,45,42,44,34,48.0,209,42.6,5.272570530585627,14.0,PUNT_INGLES,PUNT_SOCIALES_CIUDADANAS,1,3,195,0,medio,-0.7946041826290278,-0.7543987567461514,-0.5953151469911,-1.2301761264190636,-0.2973555938472454,Bajo,21.166666666666668,1.0714285714285714,bajo
1,2,1,1,1,1,1,0,180,0,56,59,54,61,46.0,283,55.2,5.805170109479997,15.0,PUNT_SOCIALES_CIUDADANAS,PUNT_INGLES,1,3,180,0,medio,0.3081772971740637,0.6820684099971929,0.36106561822968863,1.01365980944709,-0.4721678183312227,Medio,71.46666666666667,0.9491525423728814,bajo
1,15,1,1,1,1,1,15,180,0,62,57,57,60,60.0,295,59.2,2.1679483388678804,5.0,PUNT_LECTURA_CRITICA,PUNT_MATEMATICAS,1,3,195,0,medio,0.90969446797575,0.51307227273327,0.6479798477959252,0.9305547747853806,0.7515177530566182,Medio,77.96666666666667,1.087719298245614,bajo
0,5,1,0,1,0,1,0,15,1,40,22,35,31,41.0,163,33.8,7.726577508832743,19.0,PUNT_INGLES,PUNT_MATEMATICAS,0,1,15,1,medio,-1.295868491630433,-2.4443601293853803,-1.4560578356898097,-1.4794912304041918,-0.9091983795411658,Bajo,1.633333333333333,1.8181818181818181,bajo
0,21,4,1,1,1,1,15,180,0,49,47,42,46,55.0,233,47.8,4.764451699828638,13.0,PUNT_INGLES,PUNT_C_NATURALES,1,3,195,0,medio,-0.3935927354279036,-0.33190841358634426,-0.7865913000352577,-0.2329157104785509,0.314487191846675,Bajo,37.96666666666667,1.0425531914893618,alto
0,6,4,1,0,0,0,15,45,0,53,61,57,52,59.0,280,56.4,3.847076812334269,9.0,PUNT_MATEMATICAS,PUNT_SOCIALES_CIUDADANAS,0,1,60,0,medio,0.007418711773220604,0.8510645472611158,0.6479798477959252,0.26571449749170545,0.6641116408146295,Medio,69.3,0.8688524590163934,alto
0,22,1,0,0,0,2,15,0,1,52,45,53,47,53.0,248,50.0,3.7416573867739413,8.0,PUNT_C_NATURALES,PUNT_MATEMATICAS,0,0,15,1,medio,-0.09283415002706044,-0.5009045508502672,0.2654275417076098,-0.14981067581684152,0.13967496736269774,Bajo,48.3,1.1555555555555554,bajo
0,15,3,1,1,1,1,15,120,0,58,57,48,55,55.0,273,54.6,3.911521443121589,10.0,PUNT_LECTURA_CRITICA,PUNT_C_NATURALES,1,3,135,0,medio,0.5086830207746258,0.51307227273327,-0.21276284090278455,0.5150296014768336,0.314487191846675,Medio,64.43333333333334,1.0175438596491229,medio
1,10,3,1,1,0,0,0,120,0,50,55,49,45,50.0,249,49.8,3.5637059362410923,10.0,PUNT_MATEMATICAS,PUNT_SOCIALES_CIUDADANAS,1,2,120,0,medio,-0.29333987362762254,0.3440761354693472,-0.11712476438070567,-0.3160207451402603,-0.12254336936326815,Bajo,48.9,0.9090909090909091,medio
0,4,3,0,0,0,0,15,0,0,61,47,61,58,38.0,277,53.0,10.173494974687902,23.0,PUNT_LECTURA_CRITICA,PUNT_INGLES,0,0,15,0,bajo,0.809441606175469,-0.33190841358634426,1.0305321538842407,0.7643447054619619,-1.1714167162671316,Medio,66.73333333333333,1.297872340425532,medio
0,25,4,1,1,1,1,45,180,0,54,52,41,37,63.0,237,49.4,10.4546640309481,26.0,PUNT_INGLES,PUNT_SOCIALES_CIUDADANAS,1,3,225,0,alto,0.10767157357350166,0.0905819295734629,-0.8822293765573366,-0.9808610224339355,1.013736089782584,Bajo,40.8,1.0384615384615385,alto
0,19,1,1,1,1,0,0,180,1,59,65,62,64,58.0,311,61.6,3.0495901363953815,7.0,PUNT_MATEMATICAS,PUNT_INGLES,1,3,180,1,medio,0.6089358825749068,1.1890568217889614,1.1261702304063195,1.2629749134322181,0.5767055285726409,Alto,85.5,0.9076923076923077,bajo
0,20,2,0,0,0,1,0,45,0,46,41,39,36,39.0,202,40.2,3.701351104664349,10.0,PUNT_LECTURA_CRITICA,PUNT_SOCIALES_CIUDADANAS,0,0,45,0,bajo,-0.6943513208287467,-0.8388968253781128,-1.0735055296014944,-1.0639660570956448,-1.084010604025143,Bajo,16.3,1.1219512195121952,medio
1,5,4,1,0,1,2,0,15,0,46,43,40,31,45.0,202,41.0,6.041522986797286,15.0,PUNT_LECTURA_CRITICA,PUNT_SOCIALES_CIUDADANAS,0,2,15,0,medio,-0.6943513208287467,-0.66990068811419,-0.9778674530794155,-1.4794912304041918,-0.5595739305732113,Bajo,16.3,1.069767441860465,alto
1,4,3,1,1,1,1,90,180,0,59,53,51,47,75.0,271,57.0,10.954451150103322,28.0,PUNT_INGLES,PUNT_SOCIALES_CIUDADANAS,1,3,270,0,alto,0.6089358825749068,0.17507999820542433,0.07415138866345206,-0.14981067581684152,2.0626094366864476,Medio,62.96666666666667,1.1132075471698113,medio
1,21,2,0,1,0,2,15,120,0,63,59,61,62,50.0,302,59.0,5.244044240850758,13.0,PUNT_LECTURA_CRITICA,PUNT_INGLES,0,1,135,0,medio,1.009947329776031,0.6820684099971929,1.0305321538842407,1.0967648441087994,-0.12254336936326815,Alto,81.2,1.0677966101694916,medio
0,2,1,1,0,0,0,15,180,0,32,33,36,36,34.0,171,34.2,1.7888543819998317,4.0,PUNT_C_NATURALES,PUNT_LECTURA_CRITICA,0,1,195,0,bajo,-2.0978913860326815,-1.5148813744338043,-1.360419759167731,-1.0639660570956448,-1.5210411652350861,Bajo,3.266666666666666,0.9696969696969697,bajo
1,20,3,1,1,0,2,15,120,0,52,38,37,45,48.0,217,44.0,6.442049363362563,15.0,PUNT_LECTURA_CRITICA,PUNT_C_NATURALES,1,2,135,0,medio,-0.09283415002706044,-1.0923910312739973,-1.264781682645652,-0.3160207451402603,-0.2973555938472454,Bajo,25.900000000000002,1.368421052631579,medio
0,22,1,0,0,0,1,90,15,0,56,53,49,39,52.0,247,49.8,6.534523701081816,17.0,PUNT_LECTURA_CRITICA,PUNT_SOCIALES_CIUDADANAS,0,0,105,0,medio,0.3081772971740637,0.17507999820542433,-0.11712476438070567,-0.8146509531105167,0.05226885512070911,Bajo,47.56666666666667,1.0566037735849056,bajo
0,15,3,1,1,1,2,90,180,0,58,54,55,52,58.0,275,55.4,2.6076809620810595,6.0,PUNT_LECTURA_CRITICA,PUNT_SOCIALES_CIUDADANAS,1,3,270,0,medio,0.5086830207746258,0.25957806683738577,0.45670369475176753,0.26571449749170545,0.5767055285726409,Medio,65.36666666666666,1.0740740740740742,medio
0,7,1,0,0,0,1,15,15,1,43,33,28,42,36.0,182,36.4,6.268971207462991,15.0,PUNT_LECTURA_CRITICA,PUNT_C_NATURALES,0,0,30,1,bajo,-0.9951099062295898,-1.5148813744338043,-2.125524371344362,-0.5653358491253885,-1.346228940751109,Bajo,6.566666666666666,1.303030303030303,bajo
0,15,2,1,1,1,2,0,15,0,48,39,40,34,46.0,203,41.4,5.639148871948674,14.0,PUNT_LECTURA_CRITICA,PUNT_SOCIALES_CIUDADANAS,1,3,15,0,medio,-0.4938455972281846,-1.0078929626420357,-0.9778674530794155,-1.2301761264190636,-0.4721678183312227,Bajo,17.266666666666666,1.2307692307692308,medio
1,15,1,1,1,1,1,15,120,0,45,37,41,42,51.0,210,43.2,5.215361924162119,14.0,PUNT_INGLES,PUNT_MATEMATICAS,1,3,135,0,medio,-0.7946041826290278,-1.1768890999059587,-0.8822293765573366,-0.5653358491253885,-0.03513725712127952,Bajo,21.96666666666667,1.2162162162162162,bajo
0,2,1,1,1,1,1,90,120,0,50,54,51,47,54.0,254,51.2,2.949576240750525,7.0,PUNT_MATEMATICAS,PUNT_SOCIALES_CIUDADANAS,1,3,210,0,medio,-0.29333987362762254,0.25957806683738577,0.07415138866345206,-0.14981067581684152,0.22708107960468638,Medio,51.9,0.9259259259259259,bajo
0,4,2,1,1,0,1,15,180,0,57,61,61,60,56.0,297,59.0,2.345207879911715,5.0,PUNT_MATEMATICAS,PUNT_INGLES,1,2,195,0,medio,0.4084301589743448,0.8510645472611158,1.0305321538842407,0.9305547747853806,0.40189330408866364,Medio,79.03333333333333,0.9344262295081968,medio
0,14,2,1,1,0,1,15,120,0,57,58,60,63,53.0,295,58.2,3.7013511046643495,10.0,PUNT_SOCIALES_CIUDADANAS,PUNT_INGLES,1,2,135,0,medio,0.4084301589743448,0.5975703413652315,0.9348940773621618,1.1798698787705089,0.13967496736269774,Medio,77.96666666666667,0.9827586206896551,medio
0,25,2,1,1,1,1,45,45,0,64,51,46,56,57.0,272,54.8,6.760177512462228,18.0,PUNT_LECTURA_CRITICA,PUNT_C_NATURALES,1,3,90,0,medio,1.110200191576312,0.006083860941501454,-0.40403899394694226,0.598134636138543,0.48929941633065227,Medio,63.7,1.2549019607843137,medio
1,2,3,1,1,1,2,0,180,0,45,38,47,32,41.0,203,40.6,5.9413803110051795,15.0,PUNT_C_NATURALES,PUNT_SOCIALES_CIUDADANAS,1,3,180,0,medio,-0.7946041826290278,-1.0923910312739973,-0.3084009174248634,-1.3963861957424824,-0.9091983795411658,Bajo,17.266666666666666,1.1842105263157894,medio
0,2,1,0,0,1,0,0,0,0,50,43,41,46,39.0,223,43.8,4.324349662087931,11.0,PUNT_LECTURA_CRITICA,PUNT_INGLES,0,1,0,0,bajo,-0.29333987362762254,-0.66990068811419,-0.8822293765573366,-0.2329157104785509,-1.084010604025143,Bajo,30.033333333333335,1.1627906976744187,bajo
1,31,1,0,1,1,0,15,45,0,53,44,44,42,52.0,231,47.0,5.0990195135927845,11.0,PUNT_LECTURA_CRITICA,PUNT_SOCIALES_CIUDADANAS,0,2,60,0,medio,0.007418711773220604,-0.5854026194822286,-0.5953151469911,-0.5653358491253885,0.05226885512070911,Bajo,36.0,1.2045454545454546,bajo
1,4,1,0,0,0,2,15,15,0,56,45,56,62,62.0,277,56.2,6.942621983083913,17.0,PUNT_SOCIALES_CIUDADANAS,PUNT_MATEMATICAS,0,0,30,0,alto,0.3081772971740637,-0.5009045508502672,0.5523417712738464,1.0967648441087994,0.9263299775405954,Medio,66.73333333333333,1.2444444444444445,bajo
0,2,2,0,1,0,1,120,180,1,55,38,49,53,48.0,243,48.6,6.58027355054484,17.0,PUNT_LECTURA_CRITICA,PUNT_MATEMATICAS,0,1,300,1,medio,0.2079244353737827,-1.0923910312739973,-0.11712476438070567,0.3488195321534149,-0.2973555938472454,Bajo,44.733333333333334,1.4473684210526316,medio
1,13,1,0,0,0,1,15,15,0,37,50,42,30,43.0,200,40.4,7.436396977031283,20.0,PUNT_MATEMATICAS,PUNT_SOCIALES_CIUDADANAS,0,0,30,0,medio,-1.596627077031276,-0.07841420769045998,-0.7865913000352577,-1.5625962650659013,-0.7343861550571885,Bajo,15.266666666666667,0.74,bajo
0,15,1,1,1,0,0,45,15,0,62,60,65,69,63.0,320,63.8,3.420526275297414,9.0,PUNT_SOCIALES_CIUDADANAS,PUNT_MATEMATICAS,1,2,60,0,alto,0.90969446797575,0.7665664786291544,1.413084459972556,1.6785000867407651,1.013736089782584,Alto,88.76666666666667,1.0333333333333334,bajo
1,18,1,1,1,1,2,45,45,0,59,62,68,58,60.0,308,61.4,3.974921382870358,10.0,PUNT_C_NATURALES,PUNT_SOCIALES_CIUDADANAS,1,3,90,0,medio,0.6089358825749068,0.9355626158930772,1.6999986895387929,0.7643447054619619,0.7515177530566182,Alto,84.39999999999999,0.9516129032258065,bajo
1,2,2,1,0,1,1,15,120,1,44,35,35,36,48.0,192,39.6,6.024948132556827,13.0,PUNT_INGLES,PUNT_MATEMATICAS,0,2,135,1,medio,-0.8948570444293088,-1.3458852371698815,-1.4560578356898097,-1.0639660570956448,-0.2973555938472454,Bajo,11.166666666666666,1.2571428571428571,medio
1,28,2,1,0,1,1,0,180,0,61,65,61,60,58.0,307,61.0,2.5495097567963922,7.0,PUNT_MATEMATICAS,PUNT_INGLES,0,2,180,0,medio,0.809441606175469,1.1890568217889614,1.0305321538842407,0.9305547747853806,0.5767055285726409,Alto,83.96666666666667,0.9384615384615385,medio
0,15,2,1,1,1,0,15,120,0,59,55,51,50,66.0,273,56.2,6.534523701081817,16.0,PUNT_INGLES,PUNT_SOCIALES_CIUDADANAS,1,3,135,0,alto,0.6089358825749068,0.3440761354693472,0.07415138866345206,0.09950442816828668,1.2759544265085498,Medio,64.43333333333334,1.0727272727272728,medio
0,2,2,1,1,0,2,15,180,0,46,32,37,39,44.0,195,39.6,5.594640292279745,14.0,PUNT_LECTURA_CRITICA,PUNT_MATEMATICAS,1,2,195,0,medio,-0.6943513208287467,-1.5993794430657657,-1.264781682645652,-0.8146509531105167,-0.6469800428151999,Bajo,12.933333333333334,1.4375,medio
1,29,2,0,1,0,1,45,15,0,65,79,72,79,65.0,365,72.0,7.0,14.0,PUNT_MATEMATICAS,PUNT_LECTURA_CRITICA,0,1,60,0,alto,1.2104530533765931,2.3720297826364214,2.082550995627108,2.5095504333578593,1.1885483142665612,Superior,98.5,0.8227848101265823,medio
0,15,3,1,1,1,1,0,45,0,51,57,60,50,56.0,273,54.8,4.207136793592526,10.0,PUNT_C_NATURALES,PUNT_SOCIALES_CIUDADANAS,1,3,45,0,medio,-0.19308701182734148,0.51307227273327,0.9348940773621618,0.09950442816828668,0.40189330408866364,Medio,64.43333333333334,0.8947368421052632,medio
0,9,2,1,1,0,1,0,15,0,61,65,62,64,65.0,316,63.4,1.816590212458495,4.0,PUNT_MATEMATICAS,PUNT_LECTURA_CRITICA,1,2,15,0,alto,0.809441606175469,1.1890568217889614,1.1261702304063195,1.2629749134322181,1.1885483142665612,Alto,87.46666666666667,0.9384615384615385,medio
1,15,2,1,1,1,2,15,180,0,48,51,50,38,52.0,236,47.8,5.674504383644443,14.0,PUNT_INGLES,PUNT_SOCIALES_CIUDADANAS,1,3,195,0,medio,-0.4938455972281846,0.006083860941501454,-0.02148668785862681,-0.8977559877722261,0.05226885512070911,Bajo,40.13333333333333,0.9411764705882353,medio
1,25,3,1,1,1,2,45,120,0,44,46,44,47,50.0,228,46.2,2.4899799195977463,6.0,PUNT_INGLES,PUNT_LECTURA_CRITICA,1,3,165,0,medio,-0.8948570444293088,-0.41640648221830573,-0.5953151469911,-0.14981067581684152,-0.12254336936326815,Bajo,34.03333333333333,0.9565217391304348,medio
0,15,2,1,1,0,1,90,45,0,66,55,63,62,54.0,305,60.0,5.244044240850758,12.0,PUNT_LECTURA_CRITICA,PUNT_INGLES,1,2,135,0,medio,1.3107059151768743,0.3440761354693472,1.2218083069283985,1.0967648441087994,0.22708107960468638,Alto,82.69999999999999,1.2,medio
0,13,1,0,0,0,1,45,15,0,51,51,53,40,46.0,243,48.2,5.263078946776307,13.0,PUNT_C_NATURALES,PUNT_SOCIALES_CIUDADANAS,0,0,60,0,medio,-0.19308701182734148,0.006083860941501454,0.2654275417076098,-0.7315459184488072,-0.4721678183312227,Bajo,44.733333333333334,1.0,bajo
0,28,1,1,1,1,2,90,120,0,52,63,62,57,67.0,296,60.2,5.805170109479997,15.0,PUNT_INGLES,PUNT_LECTURA_CRITICA,1,3,210,0,alto,-0.09283415002706044,1.0200606845250386,1.1261702304063195,0.6812396708002525,1.3633605387505385,Medio,78.5,0.8253968253968254,bajo
0,2,2,1,1,1,1,45,45,0,38,43,48,40,38.0,210,41.4,4.219004621945797,10.0,PUNT_C_NATURALES,PUNT_LECTURA_CRITICA,1,3,90,0,bajo,-1.4963742152309951,-0.66990068811419,-0.21276284090278455,-0.7315459184488072,-1.1714167162671316,Bajo,21.96666666666667,0.8837209302325582,medio
0,15,3,1,1,0,2,15,45,0,46,34,42,42,40.0,205,40.8,4.3817804600413295,12.0,PUNT_LECTURA_CRITICA,PUNT_MATEMATICAS,1,2,60,0,bajo,-0.6943513208287467,-1.430383305801843,-0.7865913000352577,-0.5653358491253885,-0.9966044917831545,Bajo,18.566666666666666,1.3529411764705883,medio
0,18,1,0,1,1,1,15,15,0,47,47,51,38,38.0,226,44.2,5.890670590009256,13.0,PUNT_C_NATURALES,PUNT_SOCIALES_CIUDADANAS,0,2,30,0,bajo,-0.5940984590284657,-0.33190841358634426,0.07415138866345206,-0.8977559877722261,-1.1714167162671316,Bajo,32.13333333333333,1.0,bajo
1,29,3,0,0,0,1,15,15,0,46,31,39,31,30.0,181,35.4,6.9498201415576215,16.0,PUNT_LECTURA_CRITICA,PUNT_INGLES,0,0,30,0,bajo,-0.6943513208287467,-1.6838775116977271,-1.0735055296014944,-1.4794912304041918,-1.8706656142030407,Bajo,6.133333333333333,1.4838709677419355,medio
0,13,1,0,1,1,1,45,15,0,45,42,37,33,49.0,200,41.2,6.340346993658944,16.0,PUNT_INGLES,PUNT_SOCIALES_CIUDADANAS,0,2,60,0,medio,-0.7946041826290278,-0.7543987567461514,-1.264781682645652,-1.313281161080773,-0.20994948160525678,Bajo,15.266666666666667,1.0714285714285714,bajo
0,9,1,0,1,1,1,0,15,0,35,32,37,24,39.0,163,33.4,5.856620185738529,15.0,PUNT_INGLES,PUNT_SOCIALES_CIUDADANAS,0,2,15,0,bajo,-1.7971328006318381,-1.5993794430657657,-1.264781682645652,-2.061226473036158,-1.084010604025143,Bajo,1.633333333333333,1.09375,bajo
1,2,2,0,0,0,0,15,120,0,68,61,61,74,56.0,326,64.0,7.035623639735144,18.0,PUNT_SOCIALES_CIUDADANAS,PUNT_INGLES,0,0,135,0,medio,1.5112116387774364,0.8510645472611158,1.0305321538842407,2.094025260049312,0.40189330408866364,Alto,90.96666666666667,1.1147540983606556,medio
0,25,2,1,1,1,1,90,120,0,65,53,50,51,59.0,275,55.6,6.308724118235002,15.0,PUNT_LECTURA_CRITICA,PUNT_C_NATURALES,1,3,210,0,medio,1.2104530533765931,0.17507999820542433,-0.02148668785862681,0.18260946282999607,0.6641116408146295,Medio,65.36666666666666,1.2264150943396226,medio
1,19,2,0,1,1,1,15,15,0,57,46,52,46,47.0,250,49.6,4.827007354458868,11.0,PUNT_LECTURA_CRITICA,PUNT_MATEMATICAS,0,2,30,0,medio,0.4084301589743448,-0.41640648221830573,0.16978946518553092,-0.2329157104785509,-0.38476170608923405,Bajo,49.6,1.2391304347826086,medio
0,15,2,1,1,1,0,15,180,0,62,61,56,67,55.0,305,60.2,4.868264577855234,12.0,PUNT_SOCIALES_CIUDADANAS,PUNT_INGLES,1,3,195,0,medio,0.90969446797575,0.8510645472611158,0.5523417712738464,1.5122900174173464,0.314487191846675,Alto,82.69999999999999,1.0163934426229508,medio
1,15,3,1,1,1,1,15,45,0,57,53,50,43,51.0,254,50.8,5.118593556827891,14.0,PUNT_LECTURA_CRITICA,PUNT_SOCIALES_CIUDADANAS,1,3,60,0,medio,0.4084301589743448,0.17507999820542433,-0.02148668785862681,-0.4822308144636791,-0.03513725712127952,Medio,51.9,1.0754716981132075,medio
0,18,2,1,1,0,0,0,180,1,56,46,45,38,36.0,227,44.2,7.886697661252141,20.0,PUNT_LECTURA_CRITICA,PUNT_INGLES,1,2,180,1,bajo,0.3081772971740637,-0.41640648221830573,-0.49967707046902116,-0.8977559877722261,-1.346228940751109,Bajo,33.0,1.2173913043478262,medio
0,2,2,0,1,0,1,0,120,1,49,58,56,60,56.0,279,55.8,4.147288270665544,11.0,PUNT_SOCIALES_CIUDADANAS,PUNT_LECTURA_CRITICA,0,1,120,1,medio,-0.3935927354279036,0.5975703413652315,0.5523417712738464,0.9305547747853806,0.40189330408866364,Medio,68.60000000000001,0.8448275862068966,medio
1,10,1,0,0,0,2,0,15,0,51,51,55,58,55.0,269,54.0,3.0,7.0,PUNT_SOCIALES_CIUDADANAS,PUNT_LECTURA_CRITICA,0,0,15,0,medio,-0.19308701182734148,0.006083860941501454,0.45670369475176753,0.7643447054619619,0.314487191846675,Medio,61.9,1.0,bajo
0,30,2,1,1,1,1,15,120,0,59,56,57,54,53.0,281,55.8,2.3874672772626644,6.0,PUNT_LECTURA_CRITICA,PUNT_INGLES,1,3,135,0,medio,0.6089358825749068,0.42857420410130864,0.6479798477959252,0.43192456681512426,0.13967496736269774,Medio,69.89999999999999,1.0535714285714286,medio
1,31,2,0,0,0,1,15,15,1,46,45,38,31,34.0,198,38.8,6.6105975524153635,15.0,PUNT_LECTURA_CRITICA,PUNT_SOCIALES_CIUDADANAS,0,0,30,1,bajo,-0.6943513208287467,-0.5009045508502672,-1.1691436061235732,-1.4794912304041918,-1.5210411652350861,Bajo,14.266666666666666,1.0222222222222221,medio
0,2,2,0,0,1,1,45,0,0,40,37,38,38,43.0,193,39.2,2.3874672772626644,6.0,PUNT_INGLES,PUNT_MATEMATICAS,0,1,45,0,medio,-1.295868491630433,-1.1768890999059587,-1.1691436061235732,-0.8977559877722261,-0.7343861550571885,Bajo,11.833333333333334,1.0810810810810811,medio
0,6,2,0,1,0,1,15,45,0,45,49,49,46,49.0,237,47.6,1.9493588689617927,4.0,PUNT_MATEMATICAS,PUNT_LECTURA_CRITICA,0,1,60,0,medio,-0.7946041826290278,-0.16291227632242142,-0.11712476438070567,-0.2329157104785509,-0.20994948160525678,Bajo,40.8,0.9183673469387755,medio
0,2,2,1,1,1,2,0,180,0,45,54,49,30,47.0,223,45.0,9.027735042633894,24.0,PUNT_MATEMATICAS,PUNT_SOCIALES_CIUDADANAS,1,3,180,0,medio,-0.7946041826290278,0.25957806683738577,-0.11712476438070567,-1.5625962650659013,-0.38476170608923405,Bajo,30.033333333333335,0.8333333333333334,medio
1,28,4,1,1,1,1,45,120,0,61,70,66,63,68.0,326,65.6,3.6469165057620936,9.0,PUNT_MATEMATICAS,PUNT_LECTURA_CRITICA,1,3,165,0,alto,0.809441606175469,1.6115471649487687,1.508722536494635,1.1798698787705089,1.4507666509925272,Alto,90.96666666666667,0.8714285714285714,alto
1,28,1,0,1,0,1,15,120,1,58,52,58,52,54.0,275,54.8,3.03315017762062,6.0,PUNT_LECTURA_CRITICA,PUNT_MATEMATICAS,0,1,135,1,medio,0.5086830207746258,0.0905819295734629,0.7436179243180041,0.26571449749170545,0.22708107960468638,Medio,65.36666666666666,1.1153846153846154,bajo
0,26,2,0,1,0,1,45,120,0,48,46,45,46,49.0,232,46.8,1.6431676725154982,4.0,PUNT_INGLES,PUNT_C_NATURALES,0,1,165,0,medio,-0.4938455972281846,-0.41640648221830573,-0.49967707046902116,-0.2329157104785509,-0.20994948160525678,Bajo,36.833333333333336,1.0434782608695652,medio
1,20,4,0,1,0,1,15,0,0,46,45,45,44,47.0,226,45.4,1.1401754250991378,3.0,PUNT_INGLES,PUNT_SOCIALES_CIUDADANAS,0,1,15,0,medio,-0.6943513208287467,-0.5009045508502672,-0.49967707046902116,-0.39912577980196967,-0.38476170608923405,Bajo,32.13333333333333,1.0222222222222221,alto
1,15,1,0,1,0,2,15,0,0,46,51,55,54,54.0,258,52.0,3.6742346141747673,9.0,PUNT_C_NATURALES,PUNT_LECTURA_CRITICA,0,1,15,0,medio,-0.6943513208287467,0.006083860941501454,0.45670369475176753,0.43192456681512426,0.22708107960468638,Medio,54.400000000000006,0.9019607843137255,bajo
0,14,3,1,1,1,2,90,180,0,48,50,56,43,47.0,245,48.8,4.764451699828638,13.0,PUNT_C_NATURALES,PUNT_SOCIALES_CIUDADANAS,1,3,270,0,medio,-0.4938455972281846,-0.07841420769045998,0.5523417712738464,-0.4822308144636791,-0.38476170608923405,Bajo,46.0,0.96,medio
0,15,2,0,1,0,1,45,45,0,52,41,44,46,55.0,232,47.6,5.770615218501403,14.0,PUNT_INGLES,PUNT_MATEMATICAS,0,1,90,0,medio,-0.09283415002706044,-0.8388968253781128,-0.5953151469911,-0.2329157104785509,0.314487191846675,Bajo,36.833333333333336,1.2682926829268293,medio
0,20,1,0,0,0,1,45,120,0,47,30,39,38,40.0,193,38.8,6.058052492344383,17.0,PUNT_LECTURA_CRITICA,PUNT_MATEMATICAS,0,0,165,0,bajo,-0.5940984590284657,-1.7683755803296886,-1.0735055296014944,-0.8977559877722261,-0.9966044917831545,Bajo,11.833333333333334,1.5666666666666667,bajo
0,10,1,0,1,0,1,15,15,0,45,46,40,35,46.0,209,42.4,4.827007354458868,11.0,PUNT_MATEMATICAS,PUNT_SOCIALES_CIUDADANAS,0,1,30,0,medio,-0.7946041826290278,-0.41640648221830573,-0.9778674530794155,-1.1470710917573543,-0.4721678183312227,Bajo,21.166666666666668,0.9782608695652174,bajo
0,2,3,1,1,1,2,0,120,0,54,49,43,42,62.0,241,50.0,8.276472678623424,20.0,PUNT_INGLES,PUNT_SOCIALES_CIUDADANAS,1,3,120,0,alto,0.10767157357350166,-0.16291227632242142,-0.6909532235131789,-0.5653358491253885,0.9263299775405954,Bajo,43.266666666666666,1.1020408163265305,medio
1,15,3,1,1,1,1,45,120,0,50,51,36,41,58.0,228,47.2,8.700574693662482,22.0,PUNT_INGLES,PUNT_C_NATURALES,1,3,165,0,medio,-0.29333987362762254,0.006083860941501454,-1.360419759167731,-0.6484408837870979,0.5767055285726409,Bajo,34.03333333333333,0.9803921568627451,medio
1,5,1,0,1,1,2,0,180,0,55,36,36,52,38.0,221,43.4,9.316651759081692,19.0,PUNT_LECTURA_CRITICA,PUNT_MATEMATICAS,0,2,180,0,bajo,0.2079244353737827,-1.26138716853792,-1.360419759167731,0.26571449749170545,-1.1714167162671316,Bajo,28.733333333333334,1.5277777777777777,bajo
1,10,1,0,0,0,0,90,15,1,52,61,64,56,44.0,286,55.4,7.861297602813418,20.0,PUNT_C_NATURALES,PUNT_INGLES,0,0,105,1,medio,-0.09283415002706044,0.8510645472611158,1.3174463834504773,0.598134636138543,-0.6469800428151999,Medio,73.4,0.8524590163934426,bajo
0,15,2,1,1,1,2,45,120,0,53,41,48,42,52.0,232,47.2,5.540758070878027,12.0,PUNT_LECTURA_CRITICA,PUNT_MATEMATICAS,1,3,165,0,medio,0.007418711773220604,-0.8388968253781128,-0.21276284090278455,-0.5653358491253885,0.05226885512070911,Bajo,36.833333333333336,1.2926829268292683,medio
0,7,2,1,1,1,1,15,15,0,47,52,46,52,41.0,243,47.6,4.61519230368573,11.0,PUNT_MATEMATICAS,PUNT_INGLES,1,3,30,0,medio,-0.5940984590284657,0.0905819295734629,-0.40403899394694226,0.26571449749170545,-0.9091983795411658,Bajo,44.733333333333334,0.9038461538461539,medio
1,15,3,1,1,1,1,45,180,0,63,62,61,58,52.0,302,59.2,4.43846820423443,11.0,PUNT_LECTURA_CRITICA,PUNT_INGLES,1,3,225,0,medio,1.009947329776031,0.9355626158930772,1.0305321538842407,0.7643447054619619,0.05226885512070911,Alto,81.2,1.0161290322580645,medio
1,15,3,1,1,1,2,0,180,0,53,44,43,39,48.0,225,45.4,5.319774431308154,14.0,PUNT_LECTURA_CRITICA,PUNT_SOCIALES_CIUDADANAS,1,3,180,0,medio,0.007418711773220604,-0.5854026194822286,-0.6909532235131789,-0.8146509531105167,-0.2973555938472454,Bajo,31.433333333333337,1.2045454545454546,medio
0,4,1,1,1,1,1,0,120,0,45,24,33,35,40.0,173,35.4,7.893034904268447,21.0,PUNT_LECTURA_CRITICA,PUNT_MATEMATICAS,1,3,120,0,bajo,-0.7946041826290278,-2.2753639921214575,-1.6473339887339675,-1.1470710917573543,-0.9966044917831545,Bajo,4.266666666666667,1.875,bajo
0,31,1,1,0,0,0,15,180,0,70,77,71,68,68.0,356,70.8,3.701351104664349,9.0,PUNT_MATEMATICAS,PUNT_SOCIALES_CIUDADANAS,0,1,195,0,alto,1.7117173623779984,2.2030336453724986,1.9869129191050294,1.5953950520790559,1.4507666509925272,Superior,98.1,0.9090909090909091,bajo
0,15,2,1,1,1,1,45,180,0,72,70,72,62,60.0,342,67.2,5.761944116355173,12.0,PUNT_LECTURA_CRITICA,PUNT_INGLES,1,3,225,0,medio,1.9122230859785605,1.6115471649487687,2.082550995627108,1.0967648441087994,0.7515177530566182,Alto,96.16666666666667,1.0285714285714285,medio
0,31,1,0,1,0,1,0,120,0,54,54,57,48,60.0,269,54.6,4.449719092257398,12.0,PUNT_INGLES,PUNT_SOCIALES_CIUDADANAS,0,1,120,0,medio,0.10767157357350166,0.25957806683738577,0.6479798477959252,-0.06670564115513211,0.7515177530566182,Medio,61.9,1.0,bajo
0,14,1,1,1,1,2,0,0,0,61,47,54,60,43.0,273,53.0,7.905694150420948,18.0,PUNT_LECTURA_CRITICA,PUNT_INGLES,1,3,0,0,medio,0.809441606175469,-0.33190841358634426,0.36106561822968863,0.9305547747853806,-0.7343861550571885,Medio,64.43333333333334,1.297872340425532,bajo
1,15,2,1,1,1,2,15,45,0,55,61,58,55,53.0,285,56.4,3.1304951684997055,8.0,PUNT_MATEMATICAS,PUNT_INGLES,1,3,60,0,medio,0.2079244353737827,0.8510645472611158,0.7436179243180041,0.5150296014768336,0.13967496736269774,Medio,72.73333333333333,0.9016393442622951,medio
1,25,2,0,1,0,2,0,45,0,47,55,53,49,35.0,249,47.8,7.8230428862431785,20.0,PUNT_MATEMATICAS,PUNT_INGLES,0,1,45,0,bajo,-0.5940984590284657,0.3440761354693472,0.2654275417076098,0.016399393506577285,-1.4336350529930975,Bajo,48.9,0.8545454545454545,medio
0,5,1,1,1,1,1,45,45,0,70,60,56,64,61.0,312,62.2,5.215361924162119,14.0,PUNT_LECTURA_CRITICA,PUNT_C_NATURALES,1,3,90,0,alto,1.7117173623779984,0.7665664786291544,0.5523417712738464,1.2629749134322181,0.8389238652986067,Alto,85.83333333333333,1.1666666666666667,bajo
0,15,4,1,1,1,1,45,120,0,74,77,76,74,83.0,379,76.8,3.7013511046643495,9.0,PUNT_INGLES,PUNT_LECTURA_CRITICA,1,3,165,0,alto,2.1127288095791226,2.2030336453724986,2.465103301715424,2.094025260049312,2.7618583346223566,Superior,99.53333333333333,0.961038961038961,alto
1,21,1,0,1,0,0,0,0,0,46,48,53,48,48.0,243,48.6,2.6076809620810595,7.0,PUNT_C_NATURALES,PUNT_LECTURA_CRITICA,0,1,0,0,medio,-0.6943513208287467,-0.24741034495438285,0.2654275417076098,-0.06670564115513211,-0.2973555938472454,Bajo,44.733333333333334,0.9583333333333334,bajo
0,22,4,0,0,0,1,15,180,0,49,38,51,39,51.0,224,45.6,6.542170893518451,13.0,PUNT_C_NATURALES,PUNT_MATEMATICAS,0,0,195,0,medio,-0.3935927354279036,-1.0923910312739973,0.07415138866345206,-0.8146509531105167,-0.03513725712127952,Bajo,30.766666666666666,1.2894736842105263,alto
1,30,2,1,1,1,2,45,120,0,52,61,57,54,51.0,278,55.0,4.06201920231798,10.0,PUNT_MATEMATICAS,PUNT_INGLES,1,3,165,0,medio,-0.09283415002706044,0.8510645472611158,0.6479798477959252,0.43192456681512426,-0.03513725712127952,Medio,67.80000000000001,0.8524590163934426,medio
1,23,3,1,1,1,1,15,45,0,65,73,70,61,75.0,339,68.8,5.761944116355173,14.0,PUNT_INGLES,PUNT_SOCIALES_CIUDADANAS,1,3,60,0,alto,1.2104530533765931,1.865041370844653,1.8912748425829504,1.01365980944709,2.0626094366864476,Alto,95.53333333333333,0.8904109589041096,medio
0,22,1,0,1,0,1,15,0,1,54,41,51,57,37.0,248,48.0,8.602325267042627,20.0,PUNT_SOCIALES_CIUDADANAS,PUNT_INGLES,0,1,15,1,bajo,0.10767157357350166,-0.8388968253781128,0.07415138866345206,0.6812396708002525,-1.2588228285091203,Bajo,48.3,1.3170731707317074,bajo
0,15,1,1,0,1,1,45,120,0,55,46,50,37,44.0,234,46.4,6.730527468185536,18.0,PUNT_LECTURA_CRITICA,PUNT_SOCIALES_CIUDADANAS,0,2,165,0,medio,0.2079244353737827,-0.41640648221830573,-0.02148668785862681,-0.9808610224339355,-0.6469800428151999,Bajo,38.9,1.1956521739130435,bajo
0,20,2,0,1,1,1,45,120,0,68,49,48,60,55.0,281,56.0,8.276472678623424,20.0,PUNT_LECTURA_CRITICA,PUNT_C_NATURALES,0,2,165,0,medio,1.5112116387774364,-0.16291227632242142,-0.21276284090278455,0.9305547747853806,0.314487191846675,Medio,69.89999999999999,1.3877551020408163,medio
1,14,2,1,1,1,1,15,15,0,58,67,63,63,66.0,315,63.4,3.507135583350036,9.0,PUNT_MATEMATICAS,PUNT_LECTURA_CRITICA,1,3,30,0,alto,0.5086830207746258,1.3580529590528845,1.2218083069283985,1.1798698787705089,1.2759544265085498,Alto,87.03333333333333,0.8656716417910447,medio
0,31,1,0,1,1,1,90,15,0,48,45,44,52,45.0,235,46.8,3.271085446759225,8.0,PUNT_SOCIALES_CIUDADANAS,PUNT_C_NATURALES,0,2,105,0,medio,-0.4938455972281846,-0.5009045508502672,-0.5953151469911,0.26571449749170545,-0.5595739305732113,Bajo,39.56666666666667,1.0666666666666667,bajo
0,15,3,1,1,1,1,90,180,0,48,55,51,41,47.0,243,48.4,5.176871642217914,14.0,PUNT_MATEMATICAS,PUNT_SOCIALES_CIUDADANAS,1,3,270,0,medio,-0.4938455972281846,0.3440761354693472,0.07415138866345206,-0.6484408837870979,-0.38476170608923405,Bajo,44.733333333333334,0.8727272727272727,medio
1,19,1,0,0,0,1,15,15,0,41,55,57,37,48.0,238,47.6,8.648699324175862,20.0,PUNT_C_NATURALES,PUNT_SOCIALES_CIUDADANAS,0,0,30,0,medio,-1.195615629830152,0.3440761354693472,0.6479798477959252,-0.9808610224339355,-0.2973555938472454,Bajo,41.699999999999996,0.7454545454545455,bajo
0,2,4,1,1,1,2,120,120,0,63,60,63,64,70.0,315,64.0,3.6742346141747673,10.0,PUNT_INGLES,PUNT_MATEMATICAS,1,3,240,0,alto,1.009947329776031,0.7665664786291544,1.2218083069283985,1.2629749134322181,1.6255788754765044,Alto,87.03333333333333,1.05,alto
1,4,2,1,1,1,1,15,180,0,48,46,39,42,40.0,217,43.0,3.872983346207417,9.0,PUNT_LECTURA_CRITICA,PUNT_C_NATURALES,1,3,195,0,bajo,-0.4938455972281846,-0.41640648221830573,-1.0735055296014944,-0.5653358491253885,-0.9966044917831545,Bajo,25.900000000000002,1.0434782608695652,medio
0,12,0,0,0,0,2,15,0,1,23,34,30,36,34.0,155,31.4,5.176871642217914,13.0,PUNT_SOCIALES_CIUDADANAS,PUNT_LECTURA_CRITICA,0,0,15,1,bajo,-3.000167142235211,-1.430383305801843,-1.934248218300204,-1.0639660570956448,-1.5210411652350861,Bajo,0.46666666666666673,0.6764705882352942,bajo
1,9,1,0,1,0,1,0,0,1,48,54,61,57,62.0,278,56.4,5.683308895353129,14.0,PUNT_INGLES,PUNT_LECTURA_CRITICA,0,1,0,1,alto,-0.4938455972281846,0.25957806683738577,1.0305321538842407,0.6812396708002525,0.9263299775405954,Medio,67.80000000000001,0.8888888888888888,bajo
1,2,2,1,1,1,1,0,120,0,53,47,49,35,53.0,233,47.4,7.402702209328699,18.0,PUNT_LECTURA_CRITICA,PUNT_SOCIALES_CIUDADANAS,1,3,120,0,medio,0.007418711773220604,-0.33190841358634426,-0.11712476438070567,-1.1470710917573543,0.13967496736269774,Bajo,37.96666666666667,1.127659574468085,medio
0,14,3,1,1,1,1,15,120,0,45,43,48,50,52.0,235,47.6,3.646916505762094,9.0,PUNT_INGLES,PUNT_MATEMATICAS,1,3,135,0,medio,-0.7946041826290278,-0.66990068811419,-0.21276284090278455,0.09950442816828668,0.05226885512070911,Bajo,39.56666666666667,1.0465116279069768,medio
1,31,2,1,1,0,1,45,180,0,53,61,61,57,58.0,290,58.0,3.3166247903554,8.0,PUNT_MATEMATICAS,PUNT_LECTURA_CRITICA,1,2,225,0,medio,0.007418711773220604,0.8510645472611158,1.0305321538842407,0.6812396708002525,0.5767055285726409,Medio,75.23333333333333,0.8688524590163934,medio
0,12,1,1,1,0,1,15,45,0,54,54,52,53,55.0,267,53.6,1.1401754250991378,3.0,PUNT_INGLES,PUNT_C_NATURALES,1,2,60,0,medio,0.10767157357350166,0.25957806683738577,0.16978946518553092,0.3488195321534149,0.314487191846675,Medio,60.3,1.0,bajo
1,13,2,1,1,1,1,45,120,0,50,52,50,36,43.0,233,46.2,6.648308055437864,16.0,PUNT_MATEMATICAS,PUNT_SOCIALES_CIUDADANAS,1,3,165,0,medio,-0.29333987362762254,0.0905819295734629,-0.02148668785862681,-1.0639660570956448,-0.7343861550571885,Bajo,37.96666666666667,0.9615384615384616,medio
0,2,1,1,0,1,0,90,180,0,59,62,50,59,59.0,288,57.8,4.54972526643093,12.0,PUNT_MATEMATICAS,PUNT_C_NATURALES,0,2,270,0,medio,0.6089358825749068,0.9355626158930772,-0.02148668785862681,0.8474497401236712,0.6641116408146295,Medio,74.4,0.9516129032258065,bajo
0,4,2,1,1,1,2,90,45,0,35,36,29,32,35.0,166,33.4,2.8809720581775866,7.0,PUNT_MATEMATICAS,PUNT_C_NATURALES,1,3,135,0,bajo,-1.7971328006318381,-1.26138716853792,-2.029886294822283,-1.3963861957424824,-1.4336350529930975,Bajo,2.3,0.9722222222222222,medio
0,15,4,1,1,1,1,0,180,0,70,73,63,74,84.0,355,72.8,7.5960516059331775,21.0,PUNT_INGLES,PUNT_C_NATURALES,1,3,180,0,alto,1.7117173623779984,1.865041370844653,1.2218083069283985,2.094025260049312,2.8492644468643453,Superior,97.86666666666667,0.958904109589041,alto
1,23,3,1,1,0,1,15,45,0,57,49,43,52,57.0,254,51.6,5.8991524815010505,14.0,PUNT_LECTURA_CRITICA,PUNT_C_NATURALES,1,2,60,0,medio,0.4084301589743448,-0.16291227632242142,-0.6909532235131789,0.26571449749170545,0.48929941633065227,Medio,51.9,1.163265306122449,medio
0,15,2,1,1,1,1,45,180,0,50,52,44,35,56.0,230,47.4,8.17312669668102,21.0,PUNT_INGLES,PUNT_SOCIALES_CIUDADANAS,1,3,225,0,medio,-0.29333987362762254,0.0905819295734629,-0.5953151469911,-1.1470710917573543,0.40189330408866364,Bajo,35.333333333333336,0.9615384615384616,medio
1,31,3,1,1,1,1,45,45,0,51,42,40,47,49.0,227,45.8,4.658325879540847,11.0,PUNT_LECTURA_CRITICA,PUNT_C_NATURALES,1,3,90,0,medio,-0.19308701182734148,-0.7543987567461514,-0.9778674530794155,-0.14981067581684152,-0.20994948160525678,Bajo,33.0,1.2142857142857142,medio
0,15,2,1,1,1,1,45,180,0,59,61,63,54,63.0,298,60.0,3.7416573867739413,9.0,PUNT_C_NATURALES,PUNT_SOCIALES_CIUDADANAS,1,3,225,0,alto,0.6089358825749068,0.8510645472611158,1.2218083069283985,0.43192456681512426,1.013736089782584,Medio,79.63333333333334,0.9672131147540983,medio
0,2,1,0,0,0,1,15,45,0,40,23,35,37,39.0,171,34.8,6.870225614927066,17.0,PUNT_LECTURA_CRITICA,PUNT_MATEMATICAS,0,0,60,0,bajo,-1.295868491630433,-2.359862060753419,-1.4560578356898097,-0.9808610224339355,-1.084010604025143,Bajo,3.266666666666666,1.7391304347826086,bajo
0,6,2,1,1,1,1,45,120,0,74,84,64,76,62.0,368,72.0,9.055385138137417,22.0,PUNT_MATEMATICAS,PUNT_INGLES,1,3,165,0,alto,2.1127288095791226,2.794520125796229,1.3174463834504773,2.260235329372731,0.9263299775405954,Superior,98.8,0.8809523809523809,medio
1,15,3,1,0,1,0,45,45,0,51,28,38,34,46.0,192,39.4,9.20869154657707,23.0,PUNT_LECTURA_CRITICA,PUNT_MATEMATICAS,0,2,90,0,medio,-0.19308701182734148,-1.9373717175936116,-1.1691436061235732,-1.2301761264190636,-0.4721678183312227,Bajo,11.166666666666666,1.8214285714285714,medio
0,30,1,0,0,0,1,15,180,0,40,33,42,39,31.0,190,37.0,4.743416490252569,11.0,PUNT_C_NATURALES,PUNT_INGLES,0,0,195,0,bajo,-1.295868491630433,-1.5148813744338043,-0.7865913000352577,-0.8146509531105167,-1.783259501961052,Bajo,9.966666666666667,1.2121212121212122,bajo
0,14,3,1,1,1,2,45,180,0,57,59,51,50,33.0,263,50.0,10.246950765959598,26.0,PUNT_MATEMATICAS,PUNT_INGLES,1,3,225,0,bajo,0.4084301589743448,0.6820684099971929,0.07415138866345206,0.09950442816828668,-1.6084472774770748,Medio,57.93333333333334,0.9661016949152542,medio
1,31,2,1,1,0,2,15,120,0,53,54,38,38,44.0,228,45.4,7.797435475847172,16.0,PUNT_MATEMATICAS,PUNT_C_NATURALES,1,2,135,0,medio,0.007418711773220604,0.25957806683738577,-1.1691436061235732,-0.8977559877722261,-0.6469800428151999,Bajo,34.03333333333333,0.9814814814814815,medio
1,22,1,0,0,0,1,15,45,1,56,54,52,59,33.0,268,50.8,10.2810505299799,26.0,PUNT_SOCIALES_CIUDADANAS,PUNT_INGLES,0,0,60,1,bajo,0.3081772971740637,0.25957806683738577,0.16978946518553092,0.8474497401236712,-1.6084472774770748,Medio,61.16666666666667,1.037037037037037,bajo
1,2,3,0,1,0,0,15,120,0,58,51,47,65,45.0,272,53.2,8.258329128825032,20.0,PUNT_SOCIALES_CIUDADANAS,PUNT_INGLES,0,1,135,0,medio,0.5086830207746258,0.006083860941501454,-0.3084009174248634,1.3460799480939276,-0.5595739305732113,Medio,63.7,1.1372549019607843,medio
0,31,2,1,1,1,1,45,180,0,59,45,60,52,71.0,277,57.4,9.710818709048173,26.0,PUNT_INGLES,PUNT_MATEMATICAS,1,3,225,0,alto,0.6089358825749068,-0.5009045508502672,0.9348940773621618,0.26571449749170545,1.712984987718493,Medio,66.73333333333333,1.3111111111111111,medio
0,2,3,0,1,1,2,0,180,0,46,39,40,40,44.0,207,41.8,3.03315017762062,7.0,PUNT_LECTURA_CRITICA,PUNT_MATEMATICAS,0,2,180,0,medio,-0.6943513208287467,-1.0078929626420357,-0.9778674530794155,-0.7315459184488072,-0.6469800428151999,Bajo,19.566666666666666,1.1794871794871795,medio
1,15,2,1,0,1,2,15,180,0,61,61,58,50,63.0,290,58.6,5.128352561983234,13.0,PUNT_INGLES,PUNT_SOCIALES_CIUDADANAS,0,2,195,0,alto,0.809441606175469,0.8510645472611158,0.7436179243180041,0.09950442816828668,1.013736089782584,Medio,75.23333333333333,1.0,medio
1,15,2,0,1,0,2,15,45,0,61,49,49,47,49.0,257,51.0,5.656854249492381,14.0,PUNT_LECTURA_CRITICA,PUNT_SOCIALES_CIUDADANAS,0,1,60,0,medio,0.809441606175469,-0.16291227632242142,-0.11712476438070567,-0.14981067581684152,-0.20994948160525678,Medio,53.733333333333334,1.2448979591836735,medio
0,15,2,0,1,0,1,90,45,0,73,49,49,54,54.0,280,55.8,9.934787365615835,24.0,PUNT_LECTURA_CRITICA,PUNT_MATEMATICAS,0,1,135,0,medio,2.0124759477788414,-0.16291227632242142,-0.11712476438070567,0.43192456681512426,0.22708107960468638,Medio,69.3,1.489795918367347,medio
1,4,1,0,0,0,0,45,0,0,59,58,59,51,40.0,277,53.4,8.203657720797475,19.0,PUNT_LECTURA_CRITICA,PUNT_INGLES,0,0,45,0,bajo,0.6089358825749068,0.5975703413652315,0.839256000840083,0.18260946282999607,-0.9966044917831545,Medio,66.73333333333333,1.0172413793103448,bajo
0,22,1,0,0,0,1,15,15,1,43,48,44,38,44.0,217,43.4,3.5777087639996634,10.0,PUNT_MATEMATICAS,PUNT_SOCIALES_CIUDADANAS,0,0,30,1,medio,-0.9951099062295898,-0.24741034495438285,-0.5953151469911,-0.8977559877722261,-0.6469800428151999,Bajo,25.900000000000002,0.8958333333333334,bajo
1,28,3,1,1,0,2,45,120,0,63,65,63,63,57.0,315,62.2,3.03315017762062,8.0,PUNT_MATEMATICAS,PUNT_INGLES,1,2,165,0,medio,1.009947329776031,1.1890568217889614,1.2218083069283985,1.1798698787705089,0.48929941633065227,Alto,87.03333333333333,0.9692307692307692,medio
0,28,2,1,0,1,0,15,120,0,60,66,56,70,51.0,310,60.6,7.602631123499285,19.0,PUNT_SOCIALES_CIUDADANAS,PUNT_INGLES,0,2,135,0,medio,0.709188744375188,1.273554890420923,0.5523417712738464,1.7616051214024746,-0.03513725712127952,Alto,85.2,0.9090909090909091,medio
1,10,2,1,1,1,2,0,180,0,63,44,41,48,50.0,245,49.2,8.467585252006618,22.0,PUNT_LECTURA_CRITICA,PUNT_C_NATURALES,1,3,180,0,medio,1.009947329776031,-0.5854026194822286,-0.8822293765573366,-0.06670564115513211,-0.12254336936326815,Bajo,46.0,1.4318181818181819,medio
0,2,3,1,1,1,1,15,45,0,58,59,60,51,54.0,284,56.4,3.7815340802378077,9.0,PUNT_C_NATURALES,PUNT_SOCIALES_CIUDADANAS,1,3,60,0,medio,0.5086830207746258,0.6820684099971929,0.9348940773621618,0.18260946282999607,0.22708107960468638,Medio,72.16666666666667,0.9830508474576272,medio
0,2,2,0,0,1,2,45,45,0,44,34,33,30,34.0,176,35.0,5.291502622129181,14.0,PUNT_LECTURA_CRITICA,PUNT_SOCIALES_CIUDADANAS,0,1,90,0,bajo,-0.8948570444293088,-1.430383305801843,-1.6473339887339675,-1.5625962650659013,-1.5210411652350861,Bajo,4.966666666666667,1.2941176470588236,medio
1,18,1,0,1,0,1,15,180,0,49,62,62,54,56.0,283,56.6,5.5497747702046425,13.0,PUNT_MATEMATICAS,PUNT_LECTURA_CRITICA,0,1,195,0,medio,-0.3935927354279036,0.9355626158930772,1.1261702304063195,0.43192456681512426,0.40189330408866364,Medio,71.46666666666667,0.7903225806451613,bajo
1,15,2,1,1,1,1,0,180,0,54,49,55,53,55.0,265,53.2,2.489979919597747,6.0,PUNT_C_NATURALES,PUNT_MATEMATICAS,1,3,180,0,medio,0.10767157357350166,-0.16291227632242142,0.45670369475176753,0.3488195321534149,0.314487191846675,Medio,59.233333333333334,1.1020408163265305,medio
0,7,1,0,1,0,1,0,15,0,52,50,54,50,52.0,258,51.6,1.6733200530681511,4.0,PUNT_C_NATURALES,PUNT_MATEMATICAS,0,1,15,0,medio,-0.09283415002706044,-0.07841420769045998,0.36106561822968863,0.09950442816828668,0.05226885512070911,Medio,54.400000000000006,1.04,bajo
1,15,3,1,1,1,1,15,15,0,64,61,60,66,71.0,317,64.4,4.393176527297759,11.0,PUNT_INGLES,PUNT_C_NATURALES,1,3,30,0,alto,1.110200191576312,0.8510645472611158,0.9348940773621618,1.429184982755637,1.712984987718493,Alto,87.7,1.0491803278688525,medio
0,15,2,1,1,0,1,15,120,0,50,34,38,52,36.0,215,42.0,8.366600265340756,18.0,PUNT_SOCIALES_CIUDADANAS,PUNT_MATEMATICAS,1,2,135,0,bajo,-0.29333987362762254,-1.430383305801843,-1.1691436061235732,0.26571449749170545,-1.346228940751109,Bajo,24.766666666666666,1.4705882352941178,medio
0,9,2,0,0,0,1,90,15,0,55,60,55,59,46.0,282,55.0,5.522680508593631,14.0,PUNT_MATEMATICAS,PUNT_INGLES,0,0,105,0,medio,0.2079244353737827,0.7665664786291544,0.45670369475176753,0.8474497401236712,-0.4721678183312227,Medio,70.5,0.9166666666666666,medio
1,14,1,1,0,0,1,45,180,0,55,50,56,60,59.0,278,56.0,3.9370039370059056,10.0,PUNT_SOCIALES_CIUDADANAS,PUNT_MATEMATICAS,0,1,225,0,medio,0.2079244353737827,-0.07841420769045998,0.5523417712738464,0.9305547747853806,0.6641116408146295,Medio,67.80000000000001,1.1,bajo
0,15,2,1,0,1,0,45,15,0,49,44,45,47,49.0,232,46.8,2.2803508501982757,5.0,PUNT_LECTURA_CRITICA,PUNT_MATEMATICAS,0,2,60,0,medio,-0.3935927354279036,-0.5854026194822286,-0.49967707046902116,-0.14981067581684152,-0.20994948160525678,Bajo,36.833333333333336,1.1136363636363635,medio
0,2,1,0,0,0,1,15,120,0,43,32,45,38,40.0,198,39.6,5.029910535983716,13.0,PUNT_C_NATURALES,PUNT_MATEMATICAS,0,0,135,0,bajo,-0.9951099062295898,-1.5993794430657657,-0.49967707046902116,-0.8977559877722261,-0.9966044917831545,Bajo,14.266666666666666,1.34375,bajo
1,21,3,1,1,1,1,0,45,0,50,28,40,43,40.0,201,40.2,7.949842765740716,22.0,PUNT_LECTURA_CRITICA,PUNT_MATEMATICAS,1,3,45,0,bajo,-0.29333987362762254,-1.9373717175936116,-0.9778674530794155,-0.4822308144636791,-0.9966044917831545,Bajo,15.833333333333332,1.7857142857142858,medio
1,6,4,1,1,1,1,15,45,0,62,61,61,54,70.0,302,61.6,5.683308895353129,16.0,PUNT_INGLES,PUNT_SOCIALES_CIUDADANAS,1,3,60,0,alto,0.90969446797575,0.8510645472611158,1.0305321538842407,0.43192456681512426,1.6255788754765044,Alto,81.2,1.0163934426229508,alto
0,5,1,0,0,0,1,45,120,0,65,53,50,62,53.0,286,56.6,6.5038450166036395,15.0,PUNT_LECTURA_CRITICA,PUNT_C_NATURALES,0,0,165,0,medio,1.2104530533765931,0.17507999820542433,-0.02148668785862681,1.0967648441087994,0.13967496736269774,Medio,73.4,1.2264150943396226,bajo
1,2,1,0,1,0,1,15,15,1,45,27,32,34,33.0,172,34.2,6.6105975524153635,18.0,PUNT_LECTURA_CRITICA,PUNT_MATEMATICAS,0,1,30,1,bajo,-0.7946041826290278,-2.021869786225573,-1.7429720652560463,-1.2301761264190636,-1.6084472774770748,Bajo,3.733333333333334,1.6666666666666667,bajo
0,2,3,1,1,1,2,15,180,0,39,30,43,40,39.0,190,38.2,4.868264577855235,13.0,PUNT_C_NATURALES,PUNT_MATEMATICAS,1,3,195,0,bajo,-1.396121353430714,-1.7683755803296886,-0.6909532235131789,-0.7315459184488072,-1.084010604025143,Bajo,9.966666666666667,1.3,medio
0,15,1,1,1,1,0,90,180,0,43,53,54,41,44.0,237,47.0,6.041522986797286,13.0,PUNT_C_NATURALES,PUNT_SOCIALES_CIUDADANAS,1,3,270,0,medio,-0.9951099062295898,0.17507999820542433,0.36106561822968863,-0.6484408837870979,-0.6469800428151999,Bajo,40.8,0.8113207547169812,bajo
1,14,2,0,1,1,1,0,120,1,60,60,59,63,56.0,301,59.6,2.5099800796022267,7.0,PUNT_SOCIALES_CIUDADANAS,PUNT_INGLES,0,2,120,1,medio,0.709188744375188,0.7665664786291544,0.839256000840083,1.1798698787705089,0.40189330408866364,Alto,80.7,1.0,medio
0,11,1,0,0,0,1,15,15,0,67,65,70,77,62.0,346,68.2,5.718391382198319,15.0,PUNT_SOCIALES_CIUDADANAS,PUNT_INGLES,0,0,30,0,alto,1.4109587769771552,1.1890568217889614,1.8912748425829504,2.3433403640344403,0.9263299775405954,Alto,96.6,1.0307692307692307,bajo
0,22,0,0,1,0,1,90,15,1,50,58,34,39,39.0,224,44.0,9.772410142846033,24.0,PUNT_MATEMATICAS,PUNT_C_NATURALES,0,1,105,1,bajo,-0.29333987362762254,0.5975703413652315,-1.5516959122118887,-0.8146509531105167,-1.084010604025143,Bajo,30.766666666666666,0.8620689655172413,bajo
1,5,2,0,0,0,0,0,45,0,45,45,39,45,53.0,221,45.4,4.979959839195493,14.0,PUNT_INGLES,PUNT_C_NATURALES,0,0,45,0,medio,-0.7946041826290278,-0.5009045508502672,-1.0735055296014944,-0.3160207451402603,0.13967496736269774,Bajo,28.733333333333334,1.0,medio
1,10,1,0,1,0,2,15,0,1,44,35,34,41,44.0,195,39.6,4.8270073544588685,10.0,PUNT_LECTURA_CRITICA,PUNT_C_NATURALES,0,1,15,1,medio,-0.8948570444293088,-1.3458852371698815,-1.5516959122118887,-0.6484408837870979,-0.6469800428151999,Bajo,12.933333333333334,1.2571428571428571,bajo
1,7,1,0,1,0,1,45,45,0,60,58,60,56,62.0,294,59.2,2.2803508501982757,6.0,PUNT_INGLES,PUNT_SOCIALES_CIUDADANAS,0,1,90,0,alto,0.709188744375188,0.5975703413652315,0.9348940773621618,0.598134636138543,0.9263299775405954,Medio,77.46666666666667,1.0344827586206897,bajo
1,19,4,1,1,1,1,15,45,0,60,46,51,50,38.0,253,49.0,8.0,22.0,PUNT_LECTURA_CRITICA,PUNT_INGLES,1,3,60,0,bajo,0.709188744375188,-0.41640648221830573,0.07415138866345206,0.09950442816828668,-1.1714167162671316,Medio,51.26666666666667,1.3043478260869565,alto
1,15,2,1,1,1,1,0,15,0,62,60,54,47,64.0,282,57.4,6.913754406977442,17.0,PUNT_INGLES,PUNT_SOCIALES_CIUDADANAS,1,3,15,0,alto,0.90969446797575,0.7665664786291544,0.36106561822968863,-0.14981067581684152,1.1011422020245727,Medio,70.5,1.0333333333333334,medio
1,14,3,1,1,1,0,45,120,0,46,48,55,40,46.0,236,47.0,5.385164807134504,15.0,PUNT_C_NATURALES,PUNT_SOCIALES_CIUDADANAS,1,3,165,0,medio,-0.6943513208287467,-0.24741034495438285,0.45670369475176753,-0.7315459184488072,-0.4721678183312227,Bajo,40.13333333333333,0.9583333333333334,medio
1,12,4,0,0,0,1,45,0,1,30,29,37,32,41.0,163,33.8,5.06951674225463,12.0,PUNT_INGLES,PUNT_MATEMATICAS,0,0,45,1,medio,-2.2983971096332434,-1.8528736489616502,-1.264781682645652,-1.3963861957424824,-0.9091983795411658,Bajo,1.633333333333333,1.0344827586206897,alto
1,15,2,1,1,1,1,45,120,0,65,50,52,56,56.0,279,55.8,5.761944116355173,15.0,PUNT_LECTURA_CRITICA,PUNT_MATEMATICAS,1,3,165,0,medio,1.2104530533765931,-0.07841420769045998,0.16978946518553092,0.598134636138543,0.40189330408866364,Medio,68.60000000000001,1.3,medio
0,26,2,0,1,1,2,15,15,1,47,46,47,30,45.0,213,43.0,7.314369419163897,17.0,PUNT_LECTURA_CRITICA,PUNT_SOCIALES_CIUDADANAS,0,2,30,1,medio,-0.5940984590284657,-0.41640648221830573,-0.3084009174248634,-1.5625962650659013,-0.5595739305732113,Bajo,23.733333333333334,1.0217391304347827,medio
0,6,2,1,1,1,1,15,45,0,48,53,55,44,50.0,250,50.0,4.301162633521313,11.0,PUNT_C_NATURALES,PUNT_SOCIALES_CIUDADANAS,1,3,60,0,medio,-0.4938455972281846,0.17507999820542433,0.45670369475176753,-0.39912577980196967,-0.12254336936326815,Bajo,49.6,0.9056603773584906,medio
1,15,2,1,1,1,1,0,15,0,48,58,49,50,39.0,252,48.8,6.760177512462229,19.0,PUNT_MATEMATICAS,PUNT_INGLES,1,3,15,0,bajo,-0.4938455972281846,0.5975703413652315,-0.11712476438070567,0.09950442816828668,-1.084010604025143,Medio,50.76666666666667,0.8275862068965517,medio
1,18,1,1,1,1,0,15,15,0,45,54,52,45,51.0,246,49.4,4.159326868617084,9.0,PUNT_MATEMATICAS,PUNT_LECTURA_CRITICA,1,3,30,0,medio,-0.7946041826290278,0.25957806683738577,0.16978946518553092,-0.3160207451402603,-0.03513725712127952,Bajo,46.9,0.8333333333333334,bajo
0,5,2,1,1,1,0,15,120,0,65,71,67,71,80.0,347,70.8,5.761944116355173,15.0,PUNT_INGLES,PUNT_LECTURA_CRITICA,1,3,135,0,alto,1.2104530533765931,1.6960452335807301,1.6043606130167138,1.8447101560641839,2.4996399978963906,Alto,96.73333333333333,0.9154929577464789,medio
1,31,2,0,0,0,1,45,120,1,54,60,65,51,57.0,287,57.4,5.412947441089743,14.0,PUNT_C_NATURALES,PUNT_SOCIALES_CIUDADANAS,0,0,165,1,medio,0.10767157357350166,0.7665664786291544,1.413084459972556,0.18260946282999607,0.48929941633065227,Medio,73.93333333333332,0.9,medio
1,14,2,0,1,1,2,15,15,0,57,53,52,47,57.0,263,53.2,4.147288270665544,10.0,PUNT_LECTURA_CRITICA,PUNT_SOCIALES_CIUDADANAS,0,2,30,0,medio,0.4084301589743448,0.17507999820542433,0.16978946518553092,-0.14981067581684152,0.48929941633065227,Medio,57.93333333333334,1.0754716981132075,medio
0,10,1,0,0,0,1,0,15,0,45,36,32,35,31.0,183,35.8,5.540758070878028,14.0,PUNT_LECTURA_CRITICA,PUNT_INGLES,0,0,15,0,bajo,-0.7946041826290278,-1.26138716853792,-1.7429720652560463,-1.1470710917573543,-1.783259501961052,Bajo,7.1,1.25,bajo
0,22,1,1,1,1,2,45,120,1,38,40,27,34,34.0,173,34.6,4.979959839195493,13.0,PUNT_MATEMATICAS,PUNT_C_NATURALES,1,3,165,1,bajo,-1.4963742152309951,-0.9233948940100744,-2.221162447866441,-1.2301761264190636,-1.5210411652350861,Bajo,4.266666666666667,0.95,bajo
1,28,3,1,1,1,2,0,120,0,53,52,44,51,39.0,246,47.8,6.058052492344384,14.0,PUNT_LECTURA_CRITICA,PUNT_INGLES,1,3,120,0,bajo,0.007418711773220604,0.0905819295734629,-0.5953151469911,0.18260946282999607,-1.084010604025143,Bajo,46.9,1.0192307692307692,medio
0,15,3,1,1,1,1,15,120,0,57,58,53,47,51.0,268,53.2,4.494441010848846,11.0,PUNT_MATEMATICAS,PUNT_SOCIALES_CIUDADANAS,1,3,135,0,medio,0.4084301589743448,0.5975703413652315,0.2654275417076098,-0.14981067581684152,-0.03513725712127952,Medio,61.16666666666667,0.9827586206896551,medio
0,15,4,1,1,1,1,15,120,0,65,65,54,66,76.0,318,65.2,7.791020472312982,22.0,PUNT_INGLES,PUNT_C_NATURALES,1,3,135,0,alto,1.2104530533765931,1.1890568217889614,0.36106561822968863,1.429184982755637,2.1500155489284363,Alto,88.03333333333333,1.0,alto
0,13,2,0,1,0,1,0,45,1,52,29,33,36,58.0,195,41.6,12.660963628413123,29.0,PUNT_INGLES,PUNT_MATEMATICAS,0,1,45,1,medio,-0.09283415002706044,-1.8528736489616502,-1.6473339887339675,-1.0639660570956448,0.5767055285726409,Bajo,12.933333333333334,1.793103448275862,medio
1,4,2,1,1,1,2,15,45,0,30,29,38,34,43.0,168,34.8,5.805170109479997,14.0,PUNT_INGLES,PUNT_MATEMATICAS,1,3,60,0,medio,-2.2983971096332434,-1.8528736489616502,-1.1691436061235732,-1.2301761264190636,-0.7343861550571885,Bajo,2.7666666666666666,1.0344827586206897,medio
0,28,3,1,1,1,1,0,45,0,42,41,44,40,47.0,211,42.8,2.7748873851023217,7.0,PUNT_INGLES,PUNT_SOCIALES_CIUDADANAS,1,3,45,0,medio,-1.095362768029871,-0.8388968253781128,-0.5953151469911,-0.7315459184488072,-0.38476170608923405,Bajo,22.733333333333334,1.024390243902439,medio
0,15,2,1,1,1,0,15,180,0,53,58,60,49,55.0,275,55.0,4.301162633521313,11.0,PUNT_C_NATURALES,PUNT_SOCIALES_CIUDADANAS,1,3,195,0,medio,0.007418711773220604,0.5975703413652315,0.9348940773621618,0.016399393506577285,0.314487191846675,Medio,65.36666666666666,0.9137931034482759,medio
0,15,2,1,1,1,1,45,120,0,48,54,39,33,52.0,221,45.2,8.927485648266257,21.0,PUNT_MATEMATICAS,PUNT_SOCIALES_CIUDADANAS,1,3,165,0,medio,-0.4938455972281846,0.25957806683738577,-1.0735055296014944,-1.313281161080773,0.05226885512070911,Bajo,28.733333333333334,0.8888888888888888,medio
1,4,2,1,1,1,0,0,120,0,49,47,34,32,32.0,199,38.8,8.46758525200662,17.0,PUNT_LECTURA_CRITICA,PUNT_SOCIALES_CIUDADANAS,1,3,120,0,bajo,-0.3935927354279036,-0.33190841358634426,-1.5516959122118887,-1.3963861957424824,-1.6958533897190635,Bajo,14.7,1.0425531914893618,medio
0,2,2,1,1,1,2,90,120,0,64,51,59,60,53.0,290,57.4,5.319774431308154,13.0,PUNT_LECTURA_CRITICA,PUNT_MATEMATICAS,1,3,210,0,medio,1.110200191576312,0.006083860941501454,0.839256000840083,0.9305547747853806,0.13967496736269774,Medio,75.23333333333333,1.2549019607843137,medio
0,8,1,0,0,0,0,45,45,0,59,56,56,46,52.0,270,53.8,5.019960159204453,13.0,PUNT_LECTURA_CRITICA,PUNT_SOCIALES_CIUDADANAS,0,0,90,0,medio,0.6089358825749068,0.42857420410130864,0.5523417712738464,-0.2329157104785509,0.05226885512070911,Medio,62.4,1.0535714285714286,bajo
1,13,1,1,1,1,2,15,120,0,35,37,33,30,36.0,170,34.2,2.7748873851023212,7.0,PUNT_MATEMATICAS,PUNT_SOCIALES_CIUDADANAS,1,3,135,0,bajo,-1.7971328006318381,-1.1768890999059587,-1.6473339887339675,-1.5625962650659013,-1.346228940751109,Bajo,3.0666666666666664,0.9459459459459459,bajo
1,2,2,1,1,0,2,15,15,0,38,37,40,32,30.0,181,35.4,4.219004621945797,10.0,PUNT_C_NATURALES,PUNT_INGLES,1,2,30,0,bajo,-1.4963742152309951,-1.1768890999059587,-0.9778674530794155,-1.3963861957424824,-1.8706656142030407,Bajo,6.133333333333333,1.027027027027027,medio
0,9,2,1,1,1,2,120,120,1,65,62,57,55,61.0,299,60.0,4.0,10.0,PUNT_LECTURA_CRITICA,PUNT_SOCIALES_CIUDADANAS,1,3,240,1,alto,1.2104530533765931,0.9355626158930772,0.6479798477959252,0.5150296014768336,0.8389238652986067,Medio,80.2,1.0483870967741935,medio
1,10,2,0,1,0,2,15,120,1,54,49,49,46,51.0,248,49.8,2.9495762407505253,8.0,PUNT_LECTURA_CRITICA,PUNT_SOCIALES_CIUDADANAS,0,1,135,1,medio,0.10767157357350166,-0.16291227632242142,-0.11712476438070567,-0.2329157104785509,-0.03513725712127952,Bajo,48.3,1.1020408163265305,medio
0,23,3,1,1,1,2,0,120,0,67,64,68,65,76.0,334,68.0,4.743416490252569,12.0,PUNT_INGLES,PUNT_MATEMATICAS,1,3,120,0,alto,1.4109587769771552,1.104558753157,1.6999986895387929,1.3460799480939276,2.1500155489284363,Alto,93.7,1.046875,medio
1,2,1,0,1,0,1,15,180,0,50,43,48,44,45.0,231,46.0,2.9154759474226504,7.0,PUNT_LECTURA_CRITICA,PUNT_MATEMATICAS,0,1,195,0,medio,-0.29333987362762254,-0.66990068811419,-0.21276284090278455,-0.39912577980196967,-0.5595739305732113,Bajo,36.0,1.1627906976744187,bajo
0,10,1,0,0,1,1,45,45,0,58,72,67,59,52.0,315,61.6,7.893034904268447,20.0,PUNT_MATEMATICAS,PUNT_INGLES,0,1,90,0,medio,0.5086830207746258,1.7805433022126915,1.6043606130167138,0.8474497401236712,0.05226885512070911,Alto,87.03333333333333,0.8055555555555556,bajo
0,15,1,0,1,1,2,15,15,0,55,61,53,59,40.0,278,53.6,8.23407554009556,21.0,PUNT_MATEMATICAS,PUNT_INGLES,0,2,30,0,bajo,0.2079244353737827,0.8510645472611158,0.2654275417076098,0.8474497401236712,-0.9966044917831545,Medio,67.80000000000001,0.9016393442622951,bajo
0,12,1,0,1,1,1,90,45,0,37,34,42,37,39.0,188,37.8,2.949576240750525,8.0,PUNT_C_NATURALES,PUNT_MATEMATICAS,0,2,135,0,bajo,-1.596627077031276,-1.430383305801843,-0.7865913000352577,-0.9808610224339355,-1.084010604025143,Bajo,8.866666666666667,1.088235294117647,bajo
1,14,2,1,1,0,2,45,120,0,60,76,63,67,46.0,325,62.4,10.96813566655701,30.0,PUNT_MATEMATICAS,PUNT_INGLES,1,2,165,0,medio,0.709188744375188,2.118535576740537,1.2218083069283985,1.5122900174173464,-0.4721678183312227,Alto,90.46666666666667,0.7894736842105263,medio
0,16,1,0,0,0,1,0,0,1,34,42,44,32,40.0,191,38.4,5.176871642217914,12.0,PUNT_C_NATURALES,PUNT_SOCIALES_CIUDADANAS,0,0,0,1,bajo,-1.8973856624321193,-0.7543987567461514,-0.5953151469911,-1.3963861957424824,-0.9966044917831545,Bajo,10.633333333333333,0.8095238095238095,bajo
0,5,2,1,1,1,2,45,120,0,45,48,51,40,39.0,227,44.6,5.128352561983234,12.0,PUNT_C_NATURALES,PUNT_INGLES,1,3,165,0,bajo,-0.7946041826290278,-0.24741034495438285,0.07415138866345206,-0.7315459184488072,-1.084010604025143,Bajo,33.0,0.9375,medio
0,9,1,0,1,0,0,45,0,0,48,52,55,60,50.0,267,53.0,4.69041575982343,12.0,PUNT_SOCIALES_CIUDADANAS,PUNT_LECTURA_CRITICA,0,1,45,0,medio,-0.4938455972281846,0.0905819295734629,0.45670369475176753,0.9305547747853806,-0.12254336936326815,Medio,60.3,0.9230769230769231,bajo
1,8,3,1,1,0,1,45,15,0,47,48,52,44,47.0,238,47.6,2.8809720581775866,8.0,PUNT_C_NATURALES,PUNT_SOCIALES_CIUDADANAS,1,2,60,0,medio,-0.5940984590284657,-0.24741034495438285,0.16978946518553092,-0.39912577980196967,-0.38476170608923405,Bajo,41.699999999999996,0.9791666666666666,medio
1,22,3,1,1,1,2,0,45,0,56,54,57,61,53.0,283,56.2,3.1144823004794873,8.0,PUNT_SOCIALES_CIUDADANAS,PUNT_INGLES,1,3,45,0,medio,0.3081772971740637,0.25957806683738577,0.6479798477959252,1.01365980944709,0.13967496736269774,Medio,71.46666666666667,1.037037037037037,medio
1,15,2,1,1,1,1,0,180,0,59,68,66,62,66.0,320,64.2,3.63318042491699,9.0,PUNT_MATEMATICAS,PUNT_LECTURA_CRITICA,1,3,180,0,alto,0.6089358825749068,1.4425510276848459,1.508722536494635,1.0967648441087994,1.2759544265085498,Alto,88.76666666666667,0.8676470588235294,medio
0,15,3,0,1,1,1,15,15,0,52,68,70,67,63.0,321,64.0,7.176350047203662,18.0,PUNT_C_NATURALES,PUNT_LECTURA_CRITICA,0,2,30,0,alto,-0.09283415002706044,1.4425510276848459,1.8912748425829504,1.5122900174173464,1.013736089782584,Alto,89.1,0.7647058823529411,medio
0,13,2,0,1,0,1,15,45,1,49,48,45,41,44.0,228,45.4,3.2093613071762426,8.0,PUNT_LECTURA_CRITICA,PUNT_SOCIALES_CIUDADANAS,0,1,60,1,medio,-0.3935927354279036,-0.24741034495438285,-0.49967707046902116,-0.6484408837870979,-0.6469800428151999,Bajo,34.03333333333333,1.0208333333333333,medio
1,26,2,1,1,0,1,0,15,0,34,41,43,37,49.0,198,40.8,5.761944116355173,15.0,PUNT_INGLES,PUNT_LECTURA_CRITICA,1,2,15,0,medio,-1.8973856624321193,-0.8388968253781128,-0.6909532235131789,-0.9808610224339355,-0.20994948160525678,Bajo,14.266666666666666,0.8292682926829268,medio
0,14,2,1,1,1,1,45,120,0,66,60,55,64,59.0,305,60.8,4.324349662087931,11.0,PUNT_LECTURA_CRITICA,PUNT_C_NATURALES,1,3,165,0,medio,1.3107059151768743,0.7665664786291544,0.45670369475176753,1.2629749134322181,0.6641116408146295,Alto,82.69999999999999,1.1,medio
1,25,1,1,1,1,2,90,120,0,43,36,47,38,35.0,203,39.8,5.06951674225463,12.0,PUNT_C_NATURALES,PUNT_INGLES,1,3,210,0,bajo,-0.9951099062295898,-1.26138716853792,-0.3084009174248634,-0.8977559877722261,-1.4336350529930975,Bajo,17.266666666666666,1.1944444444444444,bajo
0,5,2,0,0,0,1,15,45,0,49,37,37,33,33.0,193,37.8,6.572670690061994,16.0,PUNT_LECTURA_CRITICA,PUNT_SOCIALES_CIUDADANAS,0,0,60,0,bajo,-0.3935927354279036,-1.1768890999059587,-1.264781682645652,-1.313281161080773,-1.6084472774770748,Bajo,11.833333333333334,1.3243243243243243,medio
1,4,3,0,1,1,1,15,120,0,61,55,58,55,54.0,285,56.6,2.8809720581775866,7.0,PUNT_LECTURA_CRITICA,PUNT_INGLES,0,2,135,0,medio,0.809441606175469,0.3440761354693472,0.7436179243180041,0.5150296014768336,0.22708107960468638,Medio,72.73333333333333,1.1090909090909091,medio
1,2,3,1,1,1,1,0,180,0,44,48,40,50,54.0,231,47.2,5.403702434442518,14.0,PUNT_INGLES,PUNT_C_NATURALES,1,3,180,0,medio,-0.8948570444293088,-0.24741034495438285,-0.9778674530794155,0.09950442816828668,0.22708107960468638,Bajo,36.0,0.9166666666666666,medio
0,23,3,1,1,1,2,45,180,0,59,50,48,54,50.0,263,52.2,4.3817804600413295,11.0,PUNT_LECTURA_CRITICA,PUNT_C_NATURALES,1,3,225,0,medio,0.6089358825749068,-0.07841420769045998,-0.21276284090278455,0.43192456681512426,-0.12254336936326815,Medio,57.93333333333334,1.18,medio
1,2,2,1,1,0,2,15,180,0,55,58,58,58,65.0,289,58.8,3.7013511046643495,10.0,PUNT_INGLES,PUNT_LECTURA_CRITICA,1,2,195,0,alto,0.2079244353737827,0.5975703413652315,0.7436179243180041,0.7643447054619619,1.1885483142665612,Medio,74.76666666666667,0.9482758620689655,medio
0,9,1,0,0,1,1,15,15,0,67,51,58,68,55.0,303,59.8,7.463243262818116,17.0,PUNT_SOCIALES_CIUDADANAS,PUNT_MATEMATICAS,0,1,30,0,medio,1.4109587769771552,0.006083860941501454,0.7436179243180041,1.5953950520790559,0.314487191846675,Alto,81.8,1.3137254901960784,bajo
1,14,3,1,1,1,1,0,15,0,59,61,58,56,60.0,293,58.8,1.9235384061671343,5.0,PUNT_MATEMATICAS,PUNT_SOCIALES_CIUDADANAS,1,3,15,0,medio,0.6089358825749068,0.8510645472611158,0.7436179243180041,0.598134636138543,0.7515177530566182,Medio,76.96666666666667,0.9672131147540983,medio
1,20,1,0,1,0,2,45,45,0,52,41,42,49,46.0,230,46.0,4.636809247747852,11.0,PUNT_LECTURA_CRITICA,PUNT_MATEMATICAS,0,1,90,0,medio,-0.09283415002706044,-0.8388968253781128,-0.7865913000352577,0.016399393506577285,-0.4721678183312227,Bajo,35.333333333333336,1.2682926829268293,bajo
0,20,1,0,0,0,0,90,15,1,45,40,37,35,48.0,200,41.0,5.431390245600108,13.0,PUNT_INGLES,PUNT_SOCIALES_CIUDADANAS,0,0,105,1,medio,-0.7946041826290278,-0.9233948940100744,-1.264781682645652,-1.1470710917573543,-0.2973555938472454,Bajo,15.266666666666667,1.125,bajo
1,18,2,0,1,1,2,0,45,0,47,36,41,45,39.0,210,41.6,4.449719092257398,11.0,PUNT_LECTURA_CRITICA,PUNT_MATEMATICAS,0,2,45,0,bajo,-0.5940984590284657,-1.26138716853792,-0.8822293765573366,-0.3160207451402603,-1.084010604025143,Bajo,21.96666666666667,1.3055555555555556,medio
0,2,3,1,1,1,0,45,120,0,61,54,59,62,55.0,293,58.2,3.5637059362410923,8.0,PUNT_SOCIALES_CIUDADANAS,PUNT_MATEMATICAS,1,3,165,0,medio,0.809441606175469,0.25957806683738577,0.839256000840083,1.0967648441087994,0.314487191846675,Medio,76.96666666666667,1.1296296296296295,medio
1,4,1,1,1,1,1,45,120,0,54,56,49,54,46.0,263,51.8,4.147288270665544,10.0,PUNT_MATEMATICAS,PUNT_INGLES,1,3,165,0,medio,0.10767157357350166,0.42857420410130864,-0.11712476438070567,0.43192456681512426,-0.4721678183312227,Medio,57.93333333333334,0.9642857142857143,bajo
0,6,2,0,0,0,1,0,0,0,51,37,43,49,34.0,221,42.8,7.362064927722384,17.0,PUNT_LECTURA_CRITICA,PUNT_INGLES,0,0,0,0,bajo,-0.19308701182734148,-1.1768890999059587,-0.6909532235131789,0.016399393506577285,-1.5210411652350861,Bajo,28.733333333333334,1.3783783783783783,medio
1,4,2,1,1,1,0,0,180,0,40,37,42,42,45.0,203,41.2,2.9495762407505253,8.0,PUNT_INGLES,PUNT_MATEMATICAS,1,3,180,0,medio,-1.295868491630433,-1.1768890999059587,-0.7865913000352577,-0.5653358491253885,-0.5595739305732113,Bajo,17.266666666666666,1.0810810810810811,medio
0,21,2,1,0,1,1,15,180,0,64,51,38,43,53.0,247,49.8,9.984988733093292,26.0,PUNT_LECTURA_CRITICA,PUNT_C_NATURALES,0,2,195,0,medio,1.110200191576312,0.006083860941501454,-1.1691436061235732,-0.4822308144636791,0.13967496736269774,Bajo,47.56666666666667,1.2549019607843137,medio
1,28,1,0,0,0,1,45,0,0,31,35,36,34,38.0,172,34.8,2.588435821108957,7.0,PUNT_INGLES,PUNT_LECTURA_CRITICA,0,0,45,0,bajo,-2.1981442478329623,-1.3458852371698815,-1.360419759167731,-1.2301761264190636,-1.1714167162671316,Bajo,3.733333333333334,0.8857142857142857,bajo
0,2,1,1,1,1,2,45,45,0,55,57,52,34,50.0,248,49.6,9.126883367283709,23.0,PUNT_MATEMATICAS,PUNT_SOCIALES_CIUDADANAS,1,3,90,0,medio,0.2079244353737827,0.51307227273327,0.16978946518553092,-1.2301761264190636,-0.12254336936326815,Bajo,48.3,0.9649122807017544,bajo
0,14,2,0,0,0,1,15,15,0,60,59,54,54,40.0,277,53.4,7.987490219086343,20.0,PUNT_LECTURA_CRITICA,PUNT_INGLES,0,0,30,0,bajo,0.709188744375188,0.6820684099971929,0.36106561822968863,0.43192456681512426,-0.9966044917831545,Medio,66.73333333333333,1.0169491525423728,medio
0,14,3,1,1,1,1,0,120,0,58,42,42,31,43.0,216,43.2,9.628083921528727,27.0,PUNT_LECTURA_CRITICA,PUNT_SOCIALES_CIUDADANAS,1,3,120,0,medio,0.5086830207746258,-0.7543987567461514,-0.7865913000352577,-1.4794912304041918,-0.7343861550571885,Bajo,25.3,1.380952380952381,medio
1,2,5,1,1,1,1,0,120,0,46,37,40,35,55.0,203,42.6,8.080841540334768,20.0,PUNT_INGLES,PUNT_SOCIALES_CIUDADANAS,1,3,120,0,medio,-0.6943513208287467,-1.1768890999059587,-0.9778674530794155,-1.1470710917573543,0.314487191846675,Bajo,17.266666666666666,1.2432432432432432,alto
1,23,1,0,1,1,0,15,120,0,51,57,53,51,50.0,264,52.4,2.7928480087537886,7.0,PUNT_MATEMATICAS,PUNT_INGLES,0,2,135,0,medio,-0.19308701182734148,0.51307227273327,0.2654275417076098,0.18260946282999607,-0.12254336936326815,Medio,58.666666666666664,0.8947368421052632,bajo
1,18,1,0,0,0,0,45,0,0,54,44,45,40,50.0,230,46.6,5.458937625582472,14.0,PUNT_LECTURA_CRITICA,PUNT_SOCIALES_CIUDADANAS,0,0,45,0,medio,0.10767157357350166,-0.5854026194822286,-0.49967707046902116,-0.7315459184488072,-0.12254336936326815,Bajo,35.333333333333336,1.2272727272727273,bajo
1,2,4,1,1,0,1,90,120,0,55,64,61,69,65.0,312,62.8,5.215361924162119,14.0,PUNT_SOCIALES_CIUDADANAS,PUNT_LECTURA_CRITICA,1,2,210,0,alto,0.2079244353737827,1.104558753157,1.0305321538842407,1.6785000867407651,1.1885483142665612,Alto,85.83333333333333,0.859375,alto
1,14,2,0,1,0,1,0,0,0,42,44,49,31,45.0,209,42.2,6.760177512462229,18.0,PUNT_C_NATURALES,PUNT_SOCIALES_CIUDADANAS,0,1,0,0,medio,-1.095362768029871,-0.5854026194822286,-0.11712476438070567,-1.4794912304041918,-0.5595739305732113,Bajo,21.166666666666668,0.9545454545454546,medio
1,14,2,1,1,1,1,45,45,0,66,69,59,60,57.0,315,62.2,5.06951674225463,12.0,PUNT_MATEMATICAS,PUNT_INGLES,1,3,90,0,medio,1.3107059151768743,1.5270490963168073,0.839256000840083,0.9305547747853806,0.48929941633065227,Alto,87.03333333333333,0.9565217391304348,medio
1,15,2,1,1,1,1,90,180,0,66,51,53,58,56.0,285,56.8,5.805170109479997,15.0,PUNT_LECTURA_CRITICA,PUNT_MATEMATICAS,1,3,270,0,medio,1.3107059151768743,0.006083860941501454,0.2654275417076098,0.7643447054619619,0.40189330408866364,Medio,72.73333333333333,1.2941176470588236,medio
0,25,2,1,1,1,1,0,180,0,51,54,45,46,46.0,244,48.4,3.9115214431215892,9.0,PUNT_MATEMATICAS,PUNT_C_NATURALES,1,3,180,0,medio,-0.19308701182734148,0.25957806683738577,-0.49967707046902116,-0.2329157104785509,-0.4721678183312227,Bajo,45.300000000000004,0.9444444444444444,medio
1,15,3,1,1,1,1,45,45,0,56,59,53,54,55.0,277,55.4,2.302172886644268,6.0,PUNT_MATEMATICAS,PUNT_C_NATURALES,1,3,90,0,medio,0.3081772971740637,0.6820684099971929,0.2654275417076098,0.43192456681512426,0.314487191846675,Medio,66.73333333333333,0.9491525423728814,medio
0,20,1,0,0,0,1,120,120,0,60,53,62,59,63.0,294,59.4,3.911521443121589,10.0,PUNT_INGLES,PUNT_MATEMATICAS,0,0,240,0,alto,0.709188744375188,0.17507999820542433,1.1261702304063195,0.8474497401236712,1.013736089782584,Medio,77.46666666666667,1.1320754716981132,bajo
0,7,3,1,1,1,2,15,180,0,70,65,66,71,66.0,339,67.6,2.701851217221259,6.0,PUNT_SOCIALES_CIUDADANAS,PUNT_MATEMATICAS,1,3,195,0,alto,1.7117173623779984,1.1890568217889614,1.508722536494635,1.8447101560641839,1.2759544265085498,Alto,95.53333333333333,1.0769230769230769,medio
1,22,1,0,1,1,1,0,15,0,64,68,64,50,52.0,304,59.6,8.049844718999243,18.0,PUNT_MATEMATICAS,PUNT_SOCIALES_CIUDADANAS,0,2,15,0,medio,1.110200191576312,1.4425510276848459,1.3174463834504773,0.09950442816828668,0.05226885512070911,Alto,82.1,0.9411764705882353,bajo
1,4,0,0,1,1,1,15,15,0,46,48,47,42,39.0,226,44.4,3.7815340802378077,9.0,PUNT_MATEMATICAS,PUNT_INGLES,0,2,30,0,bajo,-0.6943513208287467,-0.24741034495438285,-0.3084009174248634,-0.5653358491253885,-1.084010604025143,Bajo,32.13333333333333,0.9583333333333334,bajo
0,23,2,1,0,1,2,45,180,0,43,32,38,31,49.0,185,38.6,7.569676347110224,18.0,PUNT_INGLES,PUNT_SOCIALES_CIUDADANAS,0,2,225,0,medio,-0.9951099062295898,-1.5993794430657657,-1.1691436061235732,-1.4794912304041918,-0.20994948160525678,Bajo,7.833333333333334,1.34375,medio
0,28,2,1,1,1,2,15,180,0,42,36,41,34,39.0,192,38.4,3.361547262794322,8.0,PUNT_LECTURA_CRITICA,PUNT_SOCIALES_CIUDADANAS,1,3,195,0,bajo,-1.095362768029871,-1.26138716853792,-0.8822293765573366,-1.2301761264190636,-1.084010604025143,Bajo,11.166666666666666,1.1666666666666667,medio
0,14,2,1,1,1,2,45,120,0,33,45,45,30,44.0,193,39.4,7.3006848993775915,15.0,PUNT_MATEMATICAS,PUNT_SOCIALES_CIUDADANAS,1,3,165,0,medio,-1.9976385242324004,-0.5009045508502672,-0.49967707046902116,-1.5625962650659013,-0.6469800428151999,Bajo,11.833333333333334,0.7333333333333333,medio
0,2,2,1,1,1,2,45,45,0,49,63,61,59,43.0,284,55.0,8.602325267042627,20.0,PUNT_MATEMATICAS,PUNT_INGLES,1,3,90,0,medio,-0.3935927354279036,1.0200606845250386,1.0305321538842407,0.8474497401236712,-0.7343861550571885,Medio,72.16666666666667,0.7777777777777778,medio
1,15,2,1,0,1,1,120,45,0,71,68,61,73,70.0,342,68.6,4.61519230368573,12.0,PUNT_SOCIALES_CIUDADANAS,PUNT_C_NATURALES,0,2,165,0,alto,1.8119702241782794,1.4425510276848459,1.0305321538842407,2.010920225387603,1.6255788754765044,Alto,96.16666666666667,1.0441176470588236,medio
0,29,2,0,0,0,1,45,0,1,53,47,46,49,43.0,242,47.6,3.714835124201342,10.0,PUNT_LECTURA_CRITICA,PUNT_INGLES,0,0,45,1,medio,0.007418711773220604,-0.33190841358634426,-0.40403899394694226,0.016399393506577285,-0.7343861550571885,Bajo,43.9,1.127659574468085,medio
1,20,1,0,0,0,1,0,45,1,49,39,34,41,41.0,204,40.8,5.403702434442518,15.0,PUNT_LECTURA_CRITICA,PUNT_C_NATURALES,0,0,45,1,medio,-0.3935927354279036,-1.0078929626420357,-1.5516959122118887,-0.6484408837870979,-0.9091983795411658,Bajo,18.133333333333333,1.2564102564102564,bajo
0,30,1,0,0,1,1,45,15,1,49,38,43,39,41.0,211,42.0,4.358898943540674,11.0,PUNT_LECTURA_CRITICA,PUNT_MATEMATICAS,0,1,60,1,medio,-0.3935927354279036,-1.0923910312739973,-0.6909532235131789,-0.8146509531105167,-0.9091983795411658,Bajo,22.733333333333334,1.2894736842105263,bajo
1,26,2,1,1,1,2,0,180,0,52,50,39,40,38.0,223,43.8,6.648308055437864,14.0,PUNT_LECTURA_CRITICA,PUNT_INGLES,1,3,180,0,bajo,-0.09283415002706044,-0.07841420769045998,-1.0735055296014944,-0.7315459184488072,-1.1714167162671316,Bajo,30.033333333333335,1.04,medio
0,5,2,0,0,0,1,15,120,0,47,49,46,47,51.0,238,48.0,2.0,5.0,PUNT_INGLES,PUNT_C_NATURALES,0,0,135,0,medio,-0.5940984590284657,-0.16291227632242142,-0.40403899394694226,-0.14981067581684152,-0.03513725712127952,Bajo,41.699999999999996,0.9591836734693877,medio
1,26,2,1,1,0,1,15,45,0,51,63,55,45,41.0,263,51.0,8.602325267042627,22.0,PUNT_MATEMATICAS,PUNT_INGLES,1,2,60,0,medio,-0.19308701182734148,1.0200606845250386,0.45670369475176753,-0.3160207451402603,-0.9091983795411658,Medio,57.93333333333334,0.8095238095238095,medio
0,31,1,0,1,0,1,0,15,1,49,51,42,44,32.0,227,43.6,7.436396977031283,19.0,PUNT_MATEMATICAS,PUNT_INGLES,0,1,15,1,bajo,-0.3935927354279036,0.006083860941501454,-0.7865913000352577,-0.39912577980196967,-1.6958533897190635,Bajo,33.0,0.9607843137254902,bajo
1,6,2,1,0,1,1,15,180,0,76,69,63,67,76.0,347,70.2,5.718391382198319,13.0,PUNT_LECTURA_CRITICA,PUNT_C_NATURALES,0,2,195,0,alto,2.313234533179685,1.5270490963168073,1.2218083069283985,1.5122900174173464,2.1500155489284363,Alto,96.73333333333333,1.1014492753623188,medio
0,2,3,1,1,1,1,45,180,1,62,55,54,51,68.0,282,58.0,6.892024376045111,17.0,PUNT_INGLES,PUNT_SOCIALES_CIUDADANAS,1,3,225,1,alto,0.90969446797575,0.3440761354693472,0.36106561822968863,0.18260946282999607,1.4507666509925272,Medio,70.5,1.1272727272727272,medio
0,15,2,1,1,1,1,90,120,0,65,61,65,65,76.0,325,66.4,5.639148871948674,15.0,PUNT_INGLES,PUNT_MATEMATICAS,1,3,210,0,alto,1.2104530533765931,0.8510645472611158,1.413084459972556,1.3460799480939276,2.1500155489284363,Alto,90.46666666666667,1.0655737704918034,medio
1,11,2,1,1,0,1,45,120,0,46,40,41,41,42.0,210,42.0,2.345207879911715,6.0,PUNT_LECTURA_CRITICA,PUNT_MATEMATICAS,1,2,165,0,medio,-0.6943513208287467,-0.9233948940100744,-0.8822293765573366,-0.6484408837870979,-0.8217922672991772,Bajo,21.96666666666667,1.15,medio
1,2,2,0,0,0,1,0,180,1,50,53,46,38,51.0,235,47.6,5.9413803110051795,15.0,PUNT_MATEMATICAS,PUNT_SOCIALES_CIUDADANAS,0,0,180,1,medio,-0.29333987362762254,0.17507999820542433,-0.40403899394694226,-0.8977559877722261,-0.03513725712127952,Bajo,39.56666666666667,0.9433962264150944,medio
0,26,3,1,1,1,1,0,180,0,49,42,48,40,52.0,227,46.2,5.0199601592044525,12.0,PUNT_INGLES,PUNT_SOCIALES_CIUDADANAS,1,3,180,0,medio,-0.3935927354279036,-0.7543987567461514,-0.21276284090278455,-0.7315459184488072,0.05226885512070911,Bajo,33.0,1.1666666666666667,medio
0,13,1,1,1,1,2,45,180,0,48,50,49,43,47.0,237,47.4,2.701851217221259,7.0,PUNT_MATEMATICAS,PUNT_SOCIALES_CIUDADANAS,1,3,225,0,medio,-0.4938455972281846,-0.07841420769045998,-0.11712476438070567,-0.4822308144636791,-0.38476170608923405,Bajo,40.8,0.96,bajo
0,6,3,1,1,0,1,15,120,0,55,54,60,57,51.0,280,55.4,3.361547262794322,9.0,PUNT_C_NATURALES,PUNT_INGLES,1,2,135,0,medio,0.2079244353737827,0.25957806683738577,0.9348940773621618,0.6812396708002525,-0.03513725712127952,Medio,69.3,1.0185185185185186,medio
1,21,3,1,1,1,1,15,45,0,44,47,46,35,41.0,214,42.6,4.827007354458868,12.0,PUNT_MATEMATICAS,PUNT_SOCIALES_CIUDADANAS,1,3,60,0,medio,-0.8948570444293088,-0.33190841358634426,-0.40403899394694226,-1.1470710917573543,-0.9091983795411658,Bajo,24.2,0.9361702127659575,medio
1,31,2,1,1,1,1,15,45,0,52,47,46,42,51.0,235,47.6,4.03732584763727,10.0,PUNT_LECTURA_CRITICA,PUNT_SOCIALES_CIUDADANAS,1,3,60,0,medio,-0.09283415002706044,-0.33190841358634426,-0.40403899394694226,-0.5653358491253885,-0.03513725712127952,Bajo,39.56666666666667,1.1063829787234043,medio
0,15,2,1,1,1,1,15,45,0,69,63,60,68,64.0,325,64.8,3.7013511046643495,9.0,PUNT_LECTURA_CRITICA,PUNT_C_NATURALES,1,3,60,0,alto,1.6114645005777173,1.0200606845250386,0.9348940773621618,1.5953950520790559,1.1011422020245727,Alto,90.46666666666667,1.0952380952380953,medio
1,22,1,1,1,1,1,15,15,1,61,61,64,52,48.0,293,57.2,6.833739825307955,16.0,PUNT_C_NATURALES,PUNT_INGLES,1,3,30,1,medio,0.809441606175469,0.8510645472611158,1.3174463834504773,0.26571449749170545,-0.2973555938472454,Medio,76.96666666666667,1.0,bajo
0,13,2,1,1,1,2,90,120,0,56,55,59,40,50.0,262,52.0,7.44983221287567,19.0,PUNT_C_NATURALES,PUNT_SOCIALES_CIUDADANAS,1,3,210,0,medio,0.3081772971740637,0.3440761354693472,0.839256000840083,-0.7315459184488072,-0.12254336936326815,Medio,56.96666666666667,1.018181818181818,medio
1,2,3,1,1,1,0,45,15,0,54,49,42,39,56.0,234,48.0,7.3824115301167,17.0,PUNT_INGLES,PUNT_SOCIALES_CIUDADANAS,1,3,60,0,medio,0.10767157357350166,-0.16291227632242142,-0.7865913000352577,-0.8146509531105167,0.40189330408866364,Bajo,38.9,1.1020408163265305,medio
0,6,2,1,1,1,1,15,180,0,45,61,51,41,52.0,248,50.0,7.615773105863909,20.0,PUNT_MATEMATICAS,PUNT_SOCIALES_CIUDADANAS,1,3,195,0,medio,-0.7946041826290278,0.8510645472611158,0.07415138866345206,-0.6484408837870979,0.05226885512070911,Bajo,48.3,0.7377049180327869,medio
0,25,0,0,0,0,0,0,0,0,40,41,39,37,32.0,193,37.8,3.5637059362410923,9.0,PUNT_MATEMATICAS,PUNT_INGLES,0,0,0,0,bajo,-1.295868491630433,-0.8388968253781128,-1.0735055296014944,-0.9808610224339355,-1.6958533897190635,Bajo,11.833333333333334,0.975609756097561,bajo
0,14,3,0,1,0,2,90,45,0,66,58,57,54,52.0,291,57.4,5.366563145999495,14.0,PUNT_LECTURA_CRITICA,PUNT_INGLES,0,1,135,0,medio,1.3107059151768743,0.5975703413652315,0.6479798477959252,0.43192456681512426,0.05226885512070911,Medio,75.76666666666667,1.1379310344827587,medio
1,29,1,0,1,1,0,90,0,0,70,73,79,75,75.0,372,74.4,3.2863353450309964,9.0,PUNT_C_NATURALES,PUNT_LECTURA_CRITICA,0,2,90,0,alto,1.7117173623779984,1.865041370844653,2.7520175312816604,2.1771302947110214,2.0626094366864476,Superior,99.16666666666667,0.958904109589041,bajo
1,14,1,0,0,0,0,45,0,1,43,45,47,39,51.0,220,45.0,4.47213595499958,12.0,PUNT_INGLES,PUNT_SOCIALES_CIUDADANAS,0,0,45,1,medio,-0.9951099062295898,-0.5009045508502672,-0.3084009174248634,-0.8146509531105167,-0.03513725712127952,Bajo,27.866666666666667,0.9555555555555556,bajo
0,5,4,1,1,0,2,45,180,0,61,63,61,54,60.0,299,59.8,3.420526275297414,9.0,PUNT_MATEMATICAS,PUNT_SOCIALES_CIUDADANAS,1,2,225,0,medio,0.809441606175469,1.0200606845250386,1.0305321538842407,0.43192456681512426,0.7515177530566182,Medio,80.2,0.9682539682539683,alto
1,18,1,0,0,0,0,15,0,0,48,47,49,42,46.0,232,46.4,2.701851217221259,7.0,PUNT_C_NATURALES,PUNT_SOCIALES_CIUDADANAS,0,0,15,0,medio,-0.4938455972281846,-0.33190841358634426,-0.11712476438070567,-0.5653358491253885,-0.4721678183312227,Bajo,36.833333333333336,1.0212765957446808,bajo
1,2,4,1,1,1,2,0,120,1,71,75,69,68,77.0,356,72.0,3.872983346207417,9.0,PUNT_INGLES,PUNT_SOCIALES_CIUDADANAS,1,3,120,1,alto,1.8119702241782794,2.0340375081085758,1.7956367660608716,1.5953950520790559,2.237421661170425,Superior,98.1,0.9466666666666667,alto
0,2,2,0,0,0,1,0,120,0,44,45,34,41,37.0,203,40.2,4.658325879540847,11.0,PUNT_MATEMATICAS,PUNT_C_NATURALES,0,0,120,0,bajo,-0.8948570444293088,-0.5009045508502672,-1.5516959122118887,-0.6484408837870979,-1.2588228285091203,Bajo,17.266666666666666,0.9777777777777777,medio
0,25,0,0,1,1,1,15,0,0,47,40,41,50,43.0,222,44.2,4.207136793592526,10.0,PUNT_SOCIALES_CIUDADANAS,PUNT_MATEMATICAS,0,2,15,0,medio,-0.5940984590284657,-0.9233948940100744,-0.8822293765573366,0.09950442816828668,-0.7343861550571885,Bajo,29.333333333333332,1.175,bajo
0,15,2,1,1,1,1,15,45,0,41,45,42,38,43.0,208,41.8,2.588435821108957,7.0,PUNT_MATEMATICAS,PUNT_SOCIALES_CIUDADANAS,1,3,60,0,medio,-1.195615629830152,-0.5009045508502672,-0.7865913000352577,-0.8977559877722261,-0.7343861550571885,Bajo,20.366666666666667,0.9111111111111111,medio
0,23,2,1,1,1,2,0,45,0,42,45,41,31,44.0,200,40.6,5.594640292279746,14.0,PUNT_MATEMATICAS,PUNT_SOCIALES_CIUDADANAS,1,3,45,0,medio,-1.095362768029871,-0.5009045508502672,-0.8822293765573366,-1.4794912304041918,-0.6469800428151999,Bajo,15.266666666666667,0.9333333333333333,medio
1,22,2,0,0,0,1,45,15,0,73,70,61,73,43.0,336,64.0,12.727922061357855,30.0,PUNT_LECTURA_CRITICA,PUNT_INGLES,0,0,60,0,medio,2.0124759477788414,1.6115471649487687,1.0305321538842407,2.010920225387603,-0.7343861550571885,Alto,94.69999999999999,1.042857142857143,medio
1,6,1,0,1,0,2,0,0,0,44,45,44,40,50.0,219,44.6,3.5777087639996634,10.0,PUNT_INGLES,PUNT_SOCIALES_CIUDADANAS,0,1,0,0,medio,-0.8948570444293088,-0.5009045508502672,-0.5953151469911,-0.7315459184488072,-0.12254336936326815,Bajo,27.1,0.9777777777777777,bajo
1,2,3,1,1,1,1,45,15,0,59,46,45,52,45.0,250,49.4,6.107372593840988,14.0,PUNT_LECTURA_CRITICA,PUNT_C_NATURALES,1,3,60,0,medio,0.6089358825749068,-0.41640648221830573,-0.49967707046902116,0.26571449749170545,-0.5595739305732113,Bajo,49.6,1.2826086956521738,medio
0,23,4,1,1,1,1,15,180,0,55,44,45,37,52.0,229,46.6,7.092249290598858,18.0,PUNT_LECTURA_CRITICA,PUNT_SOCIALES_CIUDADANAS,1,3,195,0,medio,0.2079244353737827,-0.5854026194822286,-0.49967707046902116,-0.9808610224339355,0.05226885512070911,Bajo,34.733333333333334,1.25,alto
0,2,1,1,1,0,2,15,120,0,50,43,34,35,34.0,200,39.2,7.120393247567159,16.0,PUNT_LECTURA_CRITICA,PUNT_C_NATURALES,1,2,135,0,bajo,-0.29333987362762254,-0.66990068811419,-1.5516959122118887,-1.1470710917573543,-1.5210411652350861,Bajo,15.266666666666667,1.1627906976744187,bajo
0,29,1,0,1,0,0,0,45,0,55,40,41,49,49.0,232,46.8,6.260990336999411,15.0,PUNT_LECTURA_CRITICA,PUNT_MATEMATICAS,0,1,45,0,medio,0.2079244353737827,-0.9233948940100744,-0.8822293765573366,0.016399393506577285,-0.20994948160525678,Bajo,36.833333333333336,1.375,bajo
0,6,2,1,0,0,1,120,180,0,61,60,58,58,61.0,297,59.6,1.51657508881031,3.0,PUNT_LECTURA_CRITICA,PUNT_C_NATURALES,0,1,300,0,alto,0.809441606175469,0.7665664786291544,0.7436179243180041,0.7643447054619619,0.8389238652986067,Medio,79.03333333333333,1.0166666666666666,medio
0,15,4,1,1,1,1,45,180,0,54,72,55,62,63.0,305,61.2,7.259476565152614,18.0,PUNT_MATEMATICAS,PUNT_LECTURA_CRITICA,1,3,225,0,alto,0.10767157357350166,1.7805433022126915,0.45670369475176753,1.0967648441087994,1.013736089782584,Alto,82.69999999999999,0.75,alto
1,30,4,0,1,0,1,15,15,1,40,40,37,34,45.0,192,39.2,4.08656334834051,11.0,PUNT_INGLES,PUNT_SOCIALES_CIUDADANAS,0,1,30,1,medio,-1.295868491630433,-0.9233948940100744,-1.264781682645652,-1.2301761264190636,-0.5595739305732113,Bajo,11.166666666666666,1.0,alto
0,4,0,0,1,0,2,15,120,0,51,38,44,40,57.0,222,46.0,7.905694150420948,19.0,PUNT_INGLES,PUNT_MATEMATICAS,0,1,135,0,medio,-0.19308701182734148,-1.0923910312739973,-0.5953151469911,-0.7315459184488072,0.48929941633065227,Bajo,29.333333333333332,1.3421052631578947,bajo
1,15,4,1,1,1,1,15,45,0,55,46,55,53,58.0,263,53.4,4.505552130427524,12.0,PUNT_INGLES,PUNT_MATEMATICAS,1,3,60,0,medio,0.2079244353737827,-0.41640648221830573,0.45670369475176753,0.3488195321534149,0.5767055285726409,Medio,57.93333333333334,1.1956521739130435,alto
0,6,1,0,1,0,1,15,45,0,58,44,43,59,40.0,251,48.8,8.983317872590282,19.0,PUNT_SOCIALES_CIUDADANAS,PUNT_INGLES,0,1,60,0,bajo,0.5086830207746258,-0.5854026194822286,-0.6909532235131789,0.8474497401236712,-0.9966044917831545,Medio,50.33333333333333,1.3181818181818181,bajo
0,23,1,0,0,0,1,0,180,0,43,47,44,44,54.0,226,46.4,4.505552130427524,11.0,PUNT_INGLES,PUNT_LECTURA_CRITICA,0,0,180,0,medio,-0.9951099062295898,-0.33190841358634426,-0.5953151469911,-0.39912577980196967,0.22708107960468638,Bajo,32.13333333333333,0.9148936170212766,bajo
0,15,2,1,1,1,2,15,45,0,46,54,52,55,54.0,260,52.2,3.6331804249169894,9.0,PUNT_SOCIALES_CIUDADANAS,PUNT_LECTURA_CRITICA,1,3,60,0,medio,-0.6943513208287467,0.25957806683738577,0.16978946518553092,0.5150296014768336,0.22708107960468638,Medio,55.766666666666666,0.8518518518518519,medio
0,2,1,0,0,1,2,0,120,1,45,51,47,44,51.0,235,47.6,3.2863353450309964,7.0,PUNT_MATEMATICAS,PUNT_SOCIALES_CIUDADANAS,0,1,120,1,medio,-0.7946041826290278,0.006083860941501454,-0.3084009174248634,-0.39912577980196967,-0.03513725712127952,Bajo,39.56666666666667,0.8823529411764706,bajo
1,15,2,0,1,0,1,15,45,0,61,52,61,63,55.0,295,58.4,4.6690470119715,11.0,PUNT_SOCIALES_CIUDADANAS,PUNT_MATEMATICAS,0,1,60,0,medio,0.809441606175469,0.0905819295734629,1.0305321538842407,1.1798698787705089,0.314487191846675,Medio,77.96666666666667,1.1730769230769231,medio
0,14,3,1,1,0,2,120,180,0,47,43,48,41,46.0,224,45.0,2.9154759474226504,7.0,PUNT_C_NATURALES,PUNT_SOCIALES_CIUDADANAS,1,2,300,0,medio,-0.5940984590284657,-0.66990068811419,-0.21276284090278455,-0.6484408837870979,-0.4721678183312227,Bajo,30.766666666666666,1.0930232558139534,medio
0,15,4,1,1,1,1,45,120,0,59,61,58,60,74.0,303,62.4,6.58027355054484,16.0,PUNT_INGLES,PUNT_C_NATURALES,1,3,165,0,alto,0.6089358825749068,0.8510645472611158,0.7436179243180041,0.9305547747853806,1.975203324444459,Alto,81.8,0.9672131147540983,alto
1,2,2,0,0,0,0,90,15,0,60,35,49,50,47.0,242,48.2,8.927485648266257,25.0,PUNT_LECTURA_CRITICA,PUNT_MATEMATICAS,0,0,105,0,medio,0.709188744375188,-1.3458852371698815,-0.11712476438070567,0.09950442816828668,-0.38476170608923405,Bajo,43.9,1.7142857142857142,medio
1,31,3,1,1,1,1,15,180,1,74,69,70,67,76.0,352,71.2,3.7013511046643495,9.0,PUNT_INGLES,PUNT_SOCIALES_CIUDADANAS,1,3,195,1,alto,2.1127288095791226,1.5270490963168073,1.8912748425829504,1.5122900174173464,2.1500155489284363,Superior,97.3,1.0724637681159421,medio
1,31,2,1,1,1,1,45,45,0,69,69,65,65,57.0,331,65.0,4.898979485566356,12.0,PUNT_LECTURA_CRITICA,PUNT_INGLES,1,3,90,0,medio,1.6114645005777173,1.5270490963168073,1.413084459972556,1.3460799480939276,0.48929941633065227,Alto,92.66666666666666,1.0,medio
1,6,2,0,0,1,1,0,120,0,56,51,47,52,46.0,255,50.4,4.03732584763727,10.0,PUNT_LECTURA_CRITICA,PUNT_INGLES,0,1,120,0,medio,0.3081772971740637,0.006083860941501454,-0.3084009174248634,0.26571449749170545,-0.4721678183312227,Medio,52.63333333333333,1.0980392156862746,medio
0,15,1,0,1,0,1,45,120,0,67,66,62,56,56.0,311,61.4,5.272570530585627,11.0,PUNT_LECTURA_CRITICA,PUNT_SOCIALES_CIUDADANAS,0,1,165,0,medio,1.4109587769771552,1.273554890420923,1.1261702304063195,0.598134636138543,0.40189330408866364,Alto,85.5,1.0151515151515151,bajo
0,5,1,0,0,0,1,0,45,1,60,40,47,60,62.0,263,53.8,9.757048734120374,22.0,PUNT_INGLES,PUNT_MATEMATICAS,0,0,45,1,alto,0.709188744375188,-0.9233948940100744,-0.3084009174248634,0.9305547747853806,0.9263299775405954,Medio,57.93333333333334,1.5,bajo
1,2,2,1,1,0,0,15,45,0,44,49,43,48,48.0,231,46.4,2.701851217221259,6.0,PUNT_MATEMATICAS,PUNT_C_NATURALES,1,2,60,0,medio,-0.8948570444293088,-0.16291227632242142,-0.6909532235131789,-0.06670564115513211,-0.2973555938472454,Bajo,36.0,0.8979591836734694,medio
1,21,4,1,1,1,0,45,120,1,70,50,54,63,75.0,302,62.4,10.502380682492898,25.0,PUNT_INGLES,PUNT_MATEMATICAS,1,3,165,1,alto,1.7117173623779984,-0.07841420769045998,0.36106561822968863,1.1798698787705089,2.0626094366864476,Alto,81.2,1.4,alto
1,4,1,1,1,1,0,90,180,0,73,74,68,71,61.0,353,69.4,5.224940191045253,13.0,PUNT_MATEMATICAS,PUNT_INGLES,1,3,270,0,alto,2.0124759477788414,1.9495394394766143,1.6999986895387929,1.8447101560641839,0.8389238652986067,Superior,97.5,0.9864864864864865,bajo
1,11,1,0,1,0,2,90,45,0,44,44,37,34,50.0,203,41.8,6.340346993658944,16.0,PUNT_INGLES,PUNT_SOCIALES_CIUDADANAS,0,1,135,0,medio,-0.8948570444293088,-0.5854026194822286,-1.264781682645652,-1.2301761264190636,-0.12254336936326815,Bajo,17.266666666666666,1.0,bajo
0,15,2,1,1,1,0,0,120,0,55,43,49,47,41.0,240,47.0,5.477225575051661,14.0,PUNT_LECTURA_CRITICA,PUNT_INGLES,1,3,120,0,medio,0.2079244353737827,-0.66990068811419,-0.11712476438070567,-0.14981067581684152,-0.9091983795411658,Bajo,42.766666666666666,1.2790697674418605,medio
0,14,3,1,1,1,1,15,45,0,59,48,51,55,54.0,267,53.4,4.159326868617084,11.0,PUNT_LECTURA_CRITICA,PUNT_MATEMATICAS,1,3,60,0,medio,0.6089358825749068,-0.24741034495438285,0.07415138866345206,0.5150296014768336,0.22708107960468638,Medio,60.3,1.2291666666666667,medio
0,15,1,0,0,1,2,15,15,0,37,51,47,43,28.0,216,41.2,9.011104260855047,23.0,PUNT_MATEMATICAS,PUNT_INGLES,0,1,30,0,bajo,-1.596627077031276,0.006083860941501454,-0.3084009174248634,-0.4822308144636791,-2.045477838687018,Bajo,25.3,0.7254901960784313,bajo
1,14,1,0,1,1,1,15,45,0,55,55,55,50,46.0,266,52.2,4.08656334834051,9.0,PUNT_LECTURA_CRITICA,PUNT_INGLES,0,2,60,0,medio,0.2079244353737827,0.3440761354693472,0.45670369475176753,0.09950442816828668,-0.4721678183312227,Medio,59.73333333333334,1.0,bajo
0,15,2,1,1,1,1,45,45,0,58,58,57,59,60.0,291,58.4,1.1401754250991378,3.0,PUNT_INGLES,PUNT_C_NATURALES,1,3,90,0,medio,0.5086830207746258,0.5975703413652315,0.6479798477959252,0.8474497401236712,0.7515177530566182,Medio,75.76666666666667,1.0,medio
0,15,2,1,0,1,0,120,120,0,57,50,57,55,59.0,275,55.6,3.4351128074635335,9.0,PUNT_INGLES,PUNT_MATEMATICAS,0,2,240,0,medio,0.4084301589743448,-0.07841420769045998,0.6479798477959252,0.5150296014768336,0.6641116408146295,Medio,65.36666666666666,1.14,medio
0,20,3,1,1,1,0,45,120,0,61,50,46,49,63.0,262,53.8,7.661592523751182,17.0,PUNT_INGLES,PUNT_C_NATURALES,1,3,165,0,alto,0.809441606175469,-0.07841420769045998,-0.40403899394694226,0.016399393506577285,1.013736089782584,Medio,56.96666666666667,1.22,medio
0,6,1,0,1,0,2,45,45,0,36,33,33,27,34.0,162,32.6,3.361547262794322,9.0,PUNT_LECTURA_CRITICA,PUNT_SOCIALES_CIUDADANAS,0,1,90,0,bajo,-1.6968799388315572,-1.5148813744338043,-1.6473339887339675,-1.8119113690510293,-1.5210411652350861,Bajo,1.3333333333333335,1.0909090909090908,bajo
1,6,2,0,1,1,2,45,180,0,60,63,58,57,54.0,295,58.4,3.361547262794322,9.0,PUNT_MATEMATICAS,PUNT_INGLES,0,2,225,0,medio,0.709188744375188,1.0200606845250386,0.7436179243180041,0.6812396708002525,0.22708107960468638,Medio,77.96666666666667,0.9523809523809523,medio
1,5,1,0,0,0,0,45,120,0,63,73,56,55,50.0,304,59.4,8.905054744357274,23.0,PUNT_MATEMATICAS,PUNT_INGLES,0,0,165,0,medio,1.009947329776031,1.865041370844653,0.5523417712738464,0.5150296014768336,-0.12254336936326815,Alto,82.1,0.863013698630137,bajo
1,5,2,0,1,0,1,15,120,0,55,54,57,47,44.0,263,51.4,5.594640292279746,13.0,PUNT_C_NATURALES,PUNT_INGLES,0,1,135,0,medio,0.2079244353737827,0.25957806683738577,0.6479798477959252,-0.14981067581684152,-0.6469800428151999,Medio,57.93333333333334,1.0185185185185186,medio
1,31,2,0,1,0,2,15,15,1,51,40,48,43,48.0,228,46.0,4.415880433163924,11.0,PUNT_LECTURA_CRITICA,PUNT_MATEMATICAS,0,1,30,1,medio,-0.19308701182734148,-0.9233948940100744,-0.21276284090278455,-0.4822308144636791,-0.2973555938472454,Bajo,34.03333333333333,1.275,medio
0,2,2,1,1,1,1,45,180,0,59,46,44,44,50.0,242,48.6,6.308724118235002,15.0,PUNT_LECTURA_CRITICA,PUNT_C_NATURALES,1,3,225,0,medio,0.6089358825749068,-0.41640648221830573,-0.5953151469911,-0.39912577980196967,-0.12254336936326815,Bajo,43.9,1.2826086956521738,medio
0,14,3,0,1,1,1,15,120,0,66,43,50,58,57.0,272,54.8,8.700574693662482,23.0,PUNT_LECTURA_CRITICA,PUNT_MATEMATICAS,0,2,135,0,medio,1.3107059151768743,-0.66990068811419,-0.02148668785862681,0.7643447054619619,0.48929941633065227,Medio,63.7,1.5348837209302326,medio
1,25,2,1,1,1,1,15,120,0,52,58,63,62,67.0,297,60.4,5.683308895353129,15.0,PUNT_INGLES,PUNT_LECTURA_CRITICA,1,3,135,0,alto,-0.09283415002706044,0.5975703413652315,1.2218083069283985,1.0967648441087994,1.3633605387505385,Medio,79.03333333333333,0.896551724137931,medio
1,15,2,1,1,1,1,45,120,0,64,70,70,66,61.0,335,66.2,3.8987177379235853,9.0,PUNT_MATEMATICAS,PUNT_INGLES,1,3,165,0,alto,1.110200191576312,1.6115471649487687,1.8912748425829504,1.429184982755637,0.8389238652986067,Alto,94.19999999999999,0.9142857142857143,medio
1,14,0,1,1,1,0,0,120,0,54,55,55,54,51.0,271,53.8,1.6431676725154984,4.0,PUNT_MATEMATICAS,PUNT_INGLES,1,3,120,0,medio,0.10767157357350166,0.3440761354693472,0.45670369475176753,0.43192456681512426,-0.03513725712127952,Medio,62.96666666666667,0.9818181818181818,bajo
1,26,1,0,1,0,0,0,15,0,56,60,54,51,48.0,273,53.8,4.604345773288535,12.0,PUNT_MATEMATICAS,PUNT_INGLES,0,1,15,0,medio,0.3081772971740637,0.7665664786291544,0.36106561822968863,0.18260946282999607,-0.2973555938472454,Medio,64.43333333333334,0.9333333333333333,bajo
1,5,1,0,1,0,0,90,180,0,44,52,29,40,34.0,203,39.8,8.899438184514796,23.0,PUNT_MATEMATICAS,PUNT_C_NATURALES,0,1,270,0,bajo,-0.8948570444293088,0.0905819295734629,-2.029886294822283,-0.7315459184488072,-1.5210411652350861,Bajo,17.266666666666666,0.8461538461538461,bajo
1,6,2,1,1,1,2,15,45,0,57,61,51,54,47.0,275,54.0,5.385164807134504,14.0,PUNT_MATEMATICAS,PUNT_INGLES,1,3,60,0,medio,0.4084301589743448,0.8510645472611158,0.07415138866345206,0.43192456681512426,-0.38476170608923405,Medio,65.36666666666666,0.9344262295081968,medio
1,26,4,1,1,1,1,45,45,0,63,70,71,62,59.0,330,65.0,5.244044240850758,12.0,PUNT_C_NATURALES,PUNT_INGLES,1,3,90,0,medio,1.009947329776031,1.6115471649487687,1.9869129191050294,1.0967648441087994,0.6641116408146295,Alto,92.36666666666666,0.9,alto
1,10,1,0,0,0,1,15,45,1,42,44,48,33,48.0,211,43.0,6.164414002968976,15.0,PUNT_C_NATURALES,PUNT_SOCIALES_CIUDADANAS,0,0,60,1,medio,-1.095362768029871,-0.5854026194822286,-0.21276284090278455,-1.313281161080773,-0.2973555938472454,Bajo,22.733333333333334,0.9545454545454546,bajo
0,15,2,1,1,1,1,90,120,0,44,47,46,39,45.0,220,44.2,3.1144823004794873,8.0,PUNT_MATEMATICAS,PUNT_SOCIALES_CIUDADANAS,1,3,210,0,medio,-0.8948570444293088,-0.33190841358634426,-0.40403899394694226,-0.8146509531105167,-0.5595739305732113,Bajo,27.866666666666667,0.9361702127659575,medio
1,20,1,0,1,0,1,15,45,0,42,39,43,37,48.0,204,41.8,4.207136793592526,11.0,PUNT_INGLES,PUNT_SOCIALES_CIUDADANAS,0,1,60,0,medio,-1.095362768029871,-1.0078929626420357,-0.6909532235131789,-0.9808610224339355,-0.2973555938472454,Bajo,18.133333333333333,1.0769230769230769,bajo
1,15,3,1,1,1,1,15,45,0,55,58,59,56,52.0,283,56.0,2.7386127875258306,7.0,PUNT_C_NATURALES,PUNT_INGLES,1,3,60,0,medio,0.2079244353737827,0.5975703413652315,0.839256000840083,0.598134636138543,0.05226885512070911,Medio,71.46666666666667,0.9482758620689655,medio
1,5,1,0,1,0,1,15,120,0,39,40,40,30,45.0,189,38.8,5.449770637375485,15.0,PUNT_INGLES,PUNT_SOCIALES_CIUDADANAS,0,1,135,0,medio,-1.396121353430714,-0.9233948940100744,-0.9778674530794155,-1.5625962650659013,-0.5595739305732113,Bajo,9.3,0.975,bajo
0,17,1,1,1,1,1,45,120,0,64,63,64,55,55.0,305,60.2,4.764451699828639,9.0,PUNT_LECTURA_CRITICA,PUNT_SOCIALES_CIUDADANAS,1,3,165,0,medio,1.110200191576312,1.0200606845250386,1.3174463834504773,0.5150296014768336,0.314487191846675,Alto,82.69999999999999,1.0158730158730158,bajo
0,6,1,1,1,1,1,15,45,0,59,60,58,61,75.0,303,62.6,7.021395872616783,17.0,PUNT_INGLES,PUNT_C_NATURALES,1,3,60,0,alto,0.6089358825749068,0.7665664786291544,0.7436179243180041,1.01365980944709,2.0626094366864476,Alto,81.8,0.9833333333333333,bajo
1,23,1,0,1,0,1,0,120,0,50,53,36,49,52.0,237,48.0,6.892024376045111,17.0,PUNT_MATEMATICAS,PUNT_C_NATURALES,0,1,120,0,medio,-0.29333987362762254,0.17507999820542433,-1.360419759167731,0.016399393506577285,0.05226885512070911,Bajo,40.8,0.9433962264150944,bajo
1,4,2,1,0,1,1,15,45,0,44,48,51,40,53.0,232,47.2,5.263078946776306,13.0,PUNT_INGLES,PUNT_SOCIALES_CIUDADANAS,0,2,60,0,medio,-0.8948570444293088,-0.24741034495438285,0.07415138866345206,-0.7315459184488072,0.13967496736269774,Bajo,36.833333333333336,0.9166666666666666,medio
1,2,2,1,1,1,1,120,15,0,36,43,39,38,34.0,193,38.0,3.391164991562634,9.0,PUNT_MATEMATICAS,PUNT_INGLES,1,3,135,0,bajo,-1.6968799388315572,-0.66990068811419,-1.0735055296014944,-0.8977559877722261,-1.5210411652350861,Bajo,11.833333333333334,0.8372093023255814,medio
0,13,1,0,0,0,1,45,15,0,41,38,35,45,44.0,200,40.6,4.159326868617084,10.0,PUNT_SOCIALES_CIUDADANAS,PUNT_C_NATURALES,0,0,60,0,medio,-1.195615629830152,-1.0923910312739973,-1.4560578356898097,-0.3160207451402603,-0.6469800428151999,Bajo,15.266666666666667,1.0789473684210527,bajo
1,31,1,1,1,1,1,45,120,0,64,54,44,33,56.0,247,50.2,11.966620241321273,31.0,PUNT_LECTURA_CRITICA,PUNT_SOCIALES_CIUDADANAS,1,3,165,0,medio,1.110200191576312,0.25957806683738577,-0.5953151469911,-1.313281161080773,0.40189330408866364,Bajo,47.56666666666667,1.1851851851851851,bajo
1,6,2,0,1,1,1,15,0,0,50,49,50,44,38.0,237,46.2,5.215361924162119,12.0,PUNT_LECTURA_CRITICA,PUNT_INGLES,0,2,15,0,bajo,-0.29333987362762254,-0.16291227632242142,-0.02148668785862681,-0.39912577980196967,-1.1714167162671316,Bajo,40.8,1.0204081632653061,medio
0,15,2,1,0,1,1,45,45,0,34,40,46,50,42.0,212,42.4,6.06630035524124,16.0,PUNT_SOCIALES_CIUDADANAS,PUNT_LECTURA_CRITICA,0,2,90,0,medio,-1.8973856624321193,-0.9233948940100744,-0.40403899394694226,0.09950442816828668,-0.8217922672991772,Bajo,23.266666666666666,0.85,medio
1,30,1,0,1,0,1,0,15,1,55,48,55,50,49.0,259,51.4,3.361547262794322,7.0,PUNT_LECTURA_CRITICA,PUNT_MATEMATICAS,0,1,15,1,medio,0.2079244353737827,-0.24741034495438285,0.45670369475176753,0.09950442816828668,-0.20994948160525678,Medio,55.06666666666666,1.1458333333333333,bajo
1,15,2,1,1,1,2,15,15,0,40,38,34,35,36.0,183,36.6,2.4083189157584592,6.0,PUNT_LECTURA_CRITICA,PUNT_C_NATURALES,1,3,30,0,bajo,-1.295868491630433,-1.0923910312739973,-1.5516959122118887,-1.1470710917573543,-1.346228940751109,Bajo,7.1,1.0526315789473684,medio
1,30,1,0,0,0,1,0,0,1,56,56,57,60,53.0,285,56.4,2.5099800796022267,7.0,PUNT_SOCIALES_CIUDADANAS,PUNT_INGLES,0,0,0,1,medio,0.3081772971740637,0.42857420410130864,0.6479798477959252,0.9305547747853806,0.13967496736269774,Medio,72.73333333333333,1.0,bajo
0,14,1,0,1,0,2,15,0,0,26,40,33,32,38.0,166,33.8,5.495452665613635,14.0,PUNT_MATEMATICAS,PUNT_LECTURA_CRITICA,0,1,15,0,bajo,-2.6994085568343675,-0.9233948940100744,-1.6473339887339675,-1.3963861957424824,-1.1714167162671316,Bajo,2.3,0.65,bajo
0,3,1,1,1,1,1,45,120,0,40,33,45,33,51.0,194,40.4,7.797435475847171,18.0,PUNT_INGLES,PUNT_MATEMATICAS,1,3,165,0,medio,-1.295868491630433,-1.5148813744338043,-0.49967707046902116,-1.313281161080773,-0.03513725712127952,Bajo,12.4,1.2121212121212122,bajo
1,31,2,1,1,1,2,45,120,1,52,33,43,55,46.0,229,45.8,8.5848704125339,22.0,PUNT_SOCIALES_CIUDADANAS,PUNT_MATEMATICAS,1,3,165,1,medio,-0.09283415002706044,-1.5148813744338043,-0.6909532235131789,0.5150296014768336,-0.4721678183312227,Bajo,34.733333333333334,1.5757575757575757,medio
0,26,2,1,1,1,2,15,45,0,45,45,44,32,46.0,209,42.4,5.856620185738529,14.0,PUNT_INGLES,PUNT_SOCIALES_CIUDADANAS,1,3,60,0,medio,-0.7946041826290278,-0.5009045508502672,-0.5953151469911,-1.3963861957424824,-0.4721678183312227,Bajo,21.166666666666668,1.0,medio
1,14,1,0,0,0,1,15,0,1,50,46,43,49,50.0,236,47.6,3.0495901363953815,7.0,PUNT_LECTURA_CRITICA,PUNT_C_NATURALES,0,0,15,1,medio,-0.29333987362762254,-0.41640648221830573,-0.6909532235131789,0.016399393506577285,-0.12254336936326815,Bajo,40.13333333333333,1.0869565217391304,bajo
1,20,1,0,0,0,2,45,120,0,45,41,43,32,47.0,204,41.6,5.813776741499453,15.0,PUNT_INGLES,PUNT_SOCIALES_CIUDADANAS,0,0,165,0,medio,-0.7946041826290278,-0.8388968253781128,-0.6909532235131789,-1.3963861957424824,-0.38476170608923405,Bajo,18.133333333333333,1.0975609756097562,bajo
0,14,1,0,1,0,2,45,120,0,56,40,56,50,60.0,256,52.4,7.797435475847171,20.0,PUNT_INGLES,PUNT_MATEMATICAS,0,1,165,0,medio,0.3081772971740637,-0.9233948940100744,0.5523417712738464,0.09950442816828668,0.7515177530566182,Medio,53.233333333333334,1.4,bajo
0,22,2,1,1,1,0,15,180,0,72,72,70,71,62.0,353,69.4,4.219004621945797,10.0,PUNT_LECTURA_CRITICA,PUNT_INGLES,1,3,195,0,alto,1.9122230859785605,1.7805433022126915,1.8912748425829504,1.8447101560641839,0.9263299775405954,Superior,97.5,1.0,medio
0,31,1,0,1,0,2,0,45,0,64,60,64,58,54.0,305,60.0,4.242640687119285,10.0,PUNT_LECTURA_CRITICA,PUNT_INGLES,0,1,45,0,medio,1.110200191576312,0.7665664786291544,1.3174463834504773,0.7643447054619619,0.22708107960468638,Alto,82.69999999999999,1.0666666666666667,bajo
0,15,4,1,1,1,1,15,120,0,57,65,61,64,78.0,315,65.0,7.905694150420948,21.0,PUNT_INGLES,PUNT_LECTURA_CRITICA,1,3,135,0,alto,0.4084301589743448,1.1890568217889614,1.0305321538842407,1.2629749134322181,2.324827773412413,Alto,87.03333333333333,0.8769230769230769,alto
0,23,1,1,1,1,1,45,180,0,67,73,68,65,62.0,339,67.0,4.06201920231798,11.0,PUNT_MATEMATICAS,PUNT_INGLES,1,3,225,0,alto,1.4109587769771552,1.865041370844653,1.6999986895387929,1.3460799480939276,0.9263299775405954,Alto,95.53333333333333,0.9178082191780822,bajo
0,19,2,0,1,0,1,90,180,0,57,50,35,40,36.0,224,43.6,9.555103348473004,22.0,PUNT_LECTURA_CRITICA,PUNT_C_NATURALES,0,1,270,0,bajo,0.4084301589743448,-0.07841420769045998,-1.4560578356898097,-0.7315459184488072,-1.346228940751109,Bajo,30.766666666666666,1.14,medio
1,28,4,1,1,1,2,120,180,0,72,83,100,82,100.0,427,87.4,12.280065146407,28.0,PUNT_C_NATURALES,PUNT_LECTURA_CRITICA,1,3,300,0,alto,1.9122230859785605,2.7100220571642675,4.760417138245316,2.758865537342987,4.247762242736163,Superior,100.0,0.8674698795180723,alto
1,20,2,0,0,1,1,15,45,0,52,42,41,41,40.0,218,43.2,4.969909455915672,12.0,PUNT_LECTURA_CRITICA,PUNT_INGLES,0,1,60,0,bajo,-0.09283415002706044,-0.7543987567461514,-0.8822293765573366,-0.6484408837870979,-0.9966044917831545,Bajo,26.566666666666666,1.2380952380952381,medio
0,22,1,0,1,1,2,90,120,1,38,35,34,34,27.0,173,33.6,4.03732584763727,11.0,PUNT_LECTURA_CRITICA,PUNT_INGLES,0,2,210,1,bajo,-1.4963742152309951,-1.3458852371698815,-1.5516959122118887,-1.2301761264190636,-2.1328839509290067,Bajo,4.266666666666667,1.0857142857142856,bajo
1,23,2,0,1,0,2,45,45,0,47,52,44,36,41.0,222,44.0,6.041522986797286,16.0,PUNT_MATEMATICAS,PUNT_SOCIALES_CIUDADANAS,0,1,90,0,medio,-0.5940984590284657,0.0905819295734629,-0.5953151469911,-1.0639660570956448,-0.9091983795411658,Bajo,29.333333333333332,0.9038461538461539,medio
0,21,6,1,1,1,1,120,120,0,73,68,71,81,80.0,369,74.6,5.683308895353129,13.0,PUNT_SOCIALES_CIUDADANAS,PUNT_MATEMATICAS,1,3,240,0,alto,2.0124759477788414,1.4425510276848459,1.9869129191050294,2.675760502681278,2.4996399978963906,Superior,98.86666666666667,1.0735294117647058,alto
0,5,3,1,1,1,2,90,180,0,50,35,41,48,37.0,215,42.2,6.6105975524153635,15.0,PUNT_LECTURA_CRITICA,PUNT_MATEMATICAS,1,3,270,0,bajo,-0.29333987362762254,-1.3458852371698815,-0.8822293765573366,-0.06670564115513211,-1.2588228285091203,Bajo,24.766666666666666,1.4285714285714286,medio
1,14,2,1,1,0,1,15,45,0,41,52,43,27,36.0,202,39.8,9.20326029187483,25.0,PUNT_MATEMATICAS,PUNT_SOCIALES_CIUDADANAS,1,2,60,0,bajo,-1.195615629830152,0.0905819295734629,-0.6909532235131789,-1.8119113690510293,-1.346228940751109,Bajo,16.3,0.7884615384615384,medio
1,15,3,1,1,1,1,15,120,0,49,48,41,37,46.0,220,44.2,5.06951674225463,12.0,PUNT_LECTURA_CRITICA,PUNT_SOCIALES_CIUDADANAS,1,3,135,0,medio,-0.3935927354279036,-0.24741034495438285,-0.8822293765573366,-0.9808610224339355,-0.4721678183312227,Bajo,27.866666666666667,1.0208333333333333,medio
1,14,1,0,1,0,1,15,45,0,46,40,51,48,53.0,234,47.6,5.029910535983716,13.0,PUNT_INGLES,PUNT_MATEMATICAS,0,1,60,0,medio,-0.6943513208287467,-0.9233948940100744,0.07415138866345206,-0.06670564115513211,0.13967496736269774,Bajo,38.9,1.15,bajo
0,31,2,0,1,1,1,45,180,0,45,49,48,51,42.0,239,47.0,3.5355339059327378,9.0,PUNT_SOCIALES_CIUDADANAS,PUNT_INGLES,0,2,225,0,medio,-0.7946041826290278,-0.16291227632242142,-0.21276284090278455,0.18260946282999607,-0.8217922672991772,Bajo,42.333333333333336,0.9183673469387755,medio
1,2,3,1,1,1,1,90,180,0,61,59,53,50,57.0,279,56.0,4.47213595499958,11.0,PUNT_LECTURA_CRITICA,PUNT_SOCIALES_CIUDADANAS,1,3,270,0,medio,0.809441606175469,0.6820684099971929,0.2654275417076098,0.09950442816828668,0.48929941633065227,Medio,68.60000000000001,1.0338983050847457,medio
1,15,3,1,1,1,2,0,180,0,38,50,46,46,57.0,230,47.4,6.913754406977442,19.0,PUNT_INGLES,PUNT_LECTURA_CRITICA,1,3,180,0,medio,-1.4963742152309951,-0.07841420769045998,-0.40403899394694226,-0.2329157104785509,0.48929941633065227,Bajo,35.333333333333336,0.76,medio
0,28,2,1,1,1,1,90,45,0,53,62,41,49,60.0,260,53.0,8.514693182963201,21.0,PUNT_MATEMATICAS,PUNT_C_NATURALES,1,3,135,0,medio,0.007418711773220604,0.9355626158930772,-0.8822293765573366,0.016399393506577285,0.7515177530566182,Medio,55.766666666666666,0.8548387096774194,medio
0,23,2,1,1,0,0,45,180,0,60,63,64,59,57.0,306,60.6,2.8809720581775866,7.0,PUNT_C_NATURALES,PUNT_INGLES,1,2,225,0,medio,0.709188744375188,1.0200606845250386,1.3174463834504773,0.8474497401236712,0.48929941633065227,Alto,83.46666666666667,0.9523809523809523,medio
0,18,1,0,1,0,1,45,120,0,54,60,38,45,40.0,243,47.4,9.370165420097983,22.0,PUNT_MATEMATICAS,PUNT_C_NATURALES,0,1,165,0,bajo,0.10767157357350166,0.7665664786291544,-1.1691436061235732,-0.3160207451402603,-0.9966044917831545,Bajo,44.733333333333334,0.9,bajo
0,28,4,1,1,1,1,45,120,0,79,80,71,70,87.0,380,77.4,7.021395872616783,17.0,PUNT_INGLES,PUNT_SOCIALES_CIUDADANAS,1,3,165,0,alto,2.613993118580528,2.4565278512683832,1.9869129191050294,1.7616051214024746,3.111482783590311,Superior,99.66666666666667,0.9875,alto
0,26,2,1,1,1,1,45,120,1,67,69,70,75,77.0,354,71.6,4.219004621945797,10.0,PUNT_INGLES,PUNT_LECTURA_CRITICA,1,3,165,1,alto,1.4109587769771552,1.5270490963168073,1.8912748425829504,2.1771302947110214,2.237421661170425,Superior,97.7,0.9710144927536232,medio
1,28,3,1,1,1,1,45,120,0,66,64,63,70,49.0,322,62.4,7.956129712366434,21.0,PUNT_SOCIALES_CIUDADANAS,PUNT_INGLES,1,3,165,0,medio,1.3107059151768743,1.104558753157,1.2218083069283985,1.7616051214024746,-0.20994948160525678,Alto,89.43333333333334,1.03125,medio
0,5,3,1,1,1,1,15,120,0,47,30,37,41,51.0,198,41.2,8.258329128825032,21.0,PUNT_INGLES,PUNT_MATEMATICAS,1,3,135,0,medio,-0.5940984590284657,-1.7683755803296886,-1.264781682645652,-0.6484408837870979,-0.03513725712127952,Bajo,14.266666666666666,1.5666666666666667,medio
1,25,2,0,1,0,1,15,15,1,35,51,38,33,45.0,198,40.4,7.469939758793239,18.0,PUNT_MATEMATICAS,PUNT_SOCIALES_CIUDADANAS,0,1,30,1,medio,-1.7971328006318381,0.006083860941501454,-1.1691436061235732,-1.313281161080773,-0.5595739305732113,Bajo,14.266666666666666,0.6862745098039216,medio
1,15,2,1,1,1,1,0,120,0,51,55,50,35,66.0,246,51.4,11.148990985734988,31.0,PUNT_INGLES,PUNT_SOCIALES_CIUDADANAS,1,3,120,0,alto,-0.19308701182734148,0.3440761354693472,-0.02148668785862681,-1.1470710917573543,1.2759544265085498,Bajo,46.9,0.9272727272727272,medio
0,2,4,1,1,1,1,45,180,0,64,58,59,65,65.0,309,62.2,3.420526275297414,7.0,PUNT_SOCIALES_CIUDADANAS,PUNT_MATEMATICAS,1,3,225,0,alto,1.110200191576312,0.5975703413652315,0.839256000840083,1.3460799480939276,1.1885483142665612,Alto,84.8,1.103448275862069,alto
0,20,2,0,0,0,1,0,120,0,49,20,30,36,48.0,174,36.6,12.280065146407,29.0,PUNT_LECTURA_CRITICA,PUNT_MATEMATICAS,0,0,120,0,medio,-0.3935927354279036,-2.613356266649303,-1.934248218300204,-1.0639660570956448,-0.2973555938472454,Bajo,4.566666666666666,2.45,medio
1,28,3,1,1,0,1,15,180,0,54,43,50,45,50.0,241,48.4,4.39317652729776,11.0,PUNT_LECTURA_CRITICA,PUNT_MATEMATICAS,1,2,195,0,medio,0.10767157357350166,-0.66990068811419,-0.02148668785862681,-0.3160207451402603,-0.12254336936326815,Bajo,43.266666666666666,1.255813953488372,medio
0,11,4,1,0,1,2,45,180,0,36,26,29,40,32.0,163,32.6,5.5497747702046425,14.0,PUNT_SOCIALES_CIUDADANAS,PUNT_MATEMATICAS,0,2,225,0,bajo,-1.6968799388315572,-2.106367854857534,-2.029886294822283,-0.7315459184488072,-1.6958533897190635,Bajo,1.633333333333333,1.3846153846153846,alto
1,15,3,1,1,1,1,45,180,0,73,79,68,72,77.0,367,73.8,4.324349662087931,11.0,PUNT_MATEMATICAS,PUNT_C_NATURALES,1,3,225,0,alto,2.0124759477788414,2.3720297826364214,1.6999986895387929,1.9278151907258934,2.237421661170425,Superior,98.73333333333333,0.9240506329113924,medio
1,20,3,0,1,1,1,15,45,0,40,41,41,43,33.0,203,39.6,3.8470768123342687,10.0,PUNT_SOCIALES_CIUDADANAS,PUNT_INGLES,0,2,60,0,bajo,-1.295868491630433,-0.8388968253781128,-0.8822293765573366,-0.4822308144636791,-1.6084472774770748,Bajo,17.266666666666666,0.975609756097561,medio
0,25,2,1,0,1,1,45,120,0,43,40,43,45,43.0,214,42.8,1.7888543819998317,5.0,PUNT_SOCIALES_CIUDADANAS,PUNT_MATEMATICAS,0,2,165,0,medio,-0.9951099062295898,-0.9233948940100744,-0.6909532235131789,-0.3160207451402603,-0.7343861550571885,Bajo,24.2,1.075,medio
1,24,1,0,0,0,0,15,120,0,48,62,34,36,46.0,225,45.2,11.18928058455949,28.0,PUNT_MATEMATICAS,PUNT_C_NATURALES,0,0,135,0,medio,-0.4938455972281846,0.9355626158930772,-1.5516959122118887,-1.0639660570956448,-0.4721678183312227,Bajo,31.433333333333337,0.7741935483870968,bajo
0,2,1,0,1,0,2,0,0,1,38,49,44,41,45.0,216,43.4,4.159326868617084,11.0,PUNT_MATEMATICAS,PUNT_LECTURA_CRITICA,0,1,0,1,medio,-1.4963742152309951,-0.16291227632242142,-0.5953151469911,-0.6484408837870979,-0.5595739305732113,Bajo,25.3,0.7755102040816326,bajo
1,20,1,0,1,1,1,15,45,0,53,61,43,52,47.0,259,51.2,6.797058187186571,18.0,PUNT_MATEMATICAS,PUNT_C_NATURALES,0,2,60,0,medio,0.007418711773220604,0.8510645472611158,-0.6909532235131789,0.26571449749170545,-0.38476170608923405,Medio,55.06666666666666,0.8688524590163934,bajo
1,31,2,1,1,1,0,15,15,0,50,41,34,41,33.0,204,39.8,6.833739825307955,17.0,PUNT_LECTURA_CRITICA,PUNT_INGLES,1,3,30,0,bajo,-0.29333987362762254,-0.8388968253781128,-1.5516959122118887,-0.6484408837870979,-1.6084472774770748,Bajo,18.133333333333333,1.2195121951219512,medio
1,1,6,0,1,0,2,120,180,1,40,33,33,20,39.0,160,33.0,7.968688725254614,20.0,PUNT_LECTURA_CRITICA,PUNT_SOCIALES_CIUDADANAS,0,1,300,1,bajo,-1.295868491630433,-1.5148813744338043,-1.6473339887339675,-2.3936466116829953,-1.084010604025143,Bajo,0.8333333333333334,1.2121212121212122,alto
0,23,1,0,0,0,2,0,120,1,59,59,54,58,53.0,286,56.6,2.8809720581775866,6.0,PUNT_LECTURA_CRITICA,PUNT_INGLES,0,0,120,1,medio,0.6089358825749068,0.6820684099971929,0.36106561822968863,0.7643447054619619,0.13967496736269774,Medio,73.4,1.0,bajo
0,10,1,0,0,0,0,0,0,1,52,48,50,49,44.0,247,48.6,2.9664793948382653,8.0,PUNT_LECTURA_CRITICA,PUNT_INGLES,0,0,0,1,medio,-0.09283415002706044,-0.24741034495438285,-0.02148668785862681,0.016399393506577285,-0.6469800428151999,Bajo,47.56666666666667,1.0833333333333333,bajo
0,30,1,1,1,0,1,15,45,0,57,37,42,36,40.0,214,42.4,8.502940667792526,21.0,PUNT_LECTURA_CRITICA,PUNT_SOCIALES_CIUDADANAS,1,2,60,0,bajo,0.4084301589743448,-1.1768890999059587,-0.7865913000352577,-1.0639660570956448,-0.9966044917831545,Bajo,24.2,1.5405405405405406,bajo
1,15,3,1,1,1,2,0,120,0,51,54,56,45,46.0,255,50.4,4.8270073544588685,11.0,PUNT_C_NATURALES,PUNT_SOCIALES_CIUDADANAS,1,3,120,0,medio,-0.19308701182734148,0.25957806683738577,0.5523417712738464,-0.3160207451402603,-0.4721678183312227,Medio,52.63333333333333,0.9444444444444444,medio
1,14,3,1,1,1,0,15,45,0,55,47,48,36,55.0,236,48.2,7.791020472312981,19.0,PUNT_LECTURA_CRITICA,PUNT_SOCIALES_CIUDADANAS,1,3,60,0,medio,0.2079244353737827,-0.33190841358634426,-0.21276284090278455,-1.0639660570956448,0.314487191846675,Bajo,40.13333333333333,1.1702127659574468,medio
0,2,3,1,1,1,0,45,45,0,54,50,49,56,60.0,264,53.8,4.494441010848846,11.0,PUNT_INGLES,PUNT_C_NATURALES,1,3,90,0,medio,0.10767157357350166,-0.07841420769045998,-0.11712476438070567,0.598134636138543,0.7515177530566182,Medio,58.666666666666664,1.08,medio
1,15,2,1,1,1,0,0,180,0,61,49,50,51,73.0,272,56.8,10.256705123966467,24.0,PUNT_INGLES,PUNT_MATEMATICAS,1,3,180,0,alto,0.809441606175469,-0.16291227632242142,-0.02148668785862681,0.18260946282999607,1.8877972122024702,Medio,63.7,1.2448979591836735,medio
1,20,2,1,1,0,1,15,45,0,41,32,35,42,59.0,196,41.8,10.473776778220929,27.0,PUNT_INGLES,PUNT_MATEMATICAS,1,2,60,0,medio,-1.195615629830152,-1.5993794430657657,-1.4560578356898097,-0.5653358491253885,0.6641116408146295,Bajo,13.466666666666665,1.28125,medio
0,5,4,1,1,1,1,45,120,0,61,63,57,59,78.0,307,63.6,8.35463942968217,21.0,PUNT_INGLES,PUNT_C_NATURALES,1,3,165,0,alto,0.809441606175469,1.0200606845250386,0.6479798477959252,0.8474497401236712,2.324827773412413,Alto,83.96666666666667,0.9682539682539683,alto
1,15,2,1,1,1,2,120,120,0,54,49,56,58,53.0,271,54.0,3.391164991562634,9.0,PUNT_SOCIALES_CIUDADANAS,PUNT_MATEMATICAS,1,3,240,0,medio,0.10767157357350166,-0.16291227632242142,0.5523417712738464,0.7643447054619619,0.13967496736269774,Medio,62.96666666666667,1.1020408163265305,medio
1,2,3,1,1,1,2,0,180,0,49,41,44,38,49.0,217,44.2,4.868264577855234,11.0,PUNT_LECTURA_CRITICA,PUNT_SOCIALES_CIUDADANAS,1,3,180,0,medio,-0.3935927354279036,-0.8388968253781128,-0.5953151469911,-0.8977559877722261,-0.20994948160525678,Bajo,25.900000000000002,1.1951219512195121,medio
1,6,1,0,0,1,1,45,45,0,71,66,68,68,52.0,335,65.0,7.483314773547883,19.0,PUNT_LECTURA_CRITICA,PUNT_INGLES,0,1,90,0,medio,1.8119702241782794,1.273554890420923,1.6999986895387929,1.5953950520790559,0.05226885512070911,Alto,94.19999999999999,1.0757575757575757,bajo
0,2,2,1,1,1,1,45,180,1,35,30,40,29,39.0,170,34.6,5.029910535983717,11.0,PUNT_C_NATURALES,PUNT_SOCIALES_CIUDADANAS,1,3,225,1,bajo,-1.7971328006318381,-1.7683755803296886,-0.9778674530794155,-1.6457012997276106,-1.084010604025143,Bajo,3.0666666666666664,1.1666666666666667,medio
0,31,2,1,1,1,1,45,120,0,52,43,42,46,46.0,229,45.8,3.8987177379235853,10.0,PUNT_LECTURA_CRITICA,PUNT_C_NATURALES,1,3,165,0,medio,-0.09283415002706044,-0.66990068811419,-0.7865913000352577,-0.2329157104785509,-0.4721678183312227,Bajo,34.733333333333334,1.2093023255813953,medio
0,9,2,0,1,1,1,0,15,0,59,62,51,54,40.0,276,53.2,8.526429498916883,22.0,PUNT_MATEMATICAS,PUNT_INGLES,0,2,15,0,bajo,0.6089358825749068,0.9355626158930772,0.07415138866345206,0.43192456681512426,-0.9966044917831545,Medio,66.03333333333333,0.9516129032258065,medio
1,29,2,1,1,1,1,15,120,0,59,57,40,57,51.0,265,52.8,7.758865896508328,19.0,PUNT_LECTURA_CRITICA,PUNT_C_NATURALES,1,3,135,0,medio,0.6089358825749068,0.51307227273327,-0.9778674530794155,0.6812396708002525,-0.03513725712127952,Medio,59.233333333333334,1.0350877192982457,medio
0,14,1,0,0,0,1,15,15,1,30,33,34,32,32.0,161,32.2,1.4832396974191324,4.0,PUNT_C_NATURALES,PUNT_LECTURA_CRITICA,0,0,30,1,bajo,-2.2983971096332434,-1.5148813744338043,-1.5516959122118887,-1.3963861957424824,-1.6958533897190635,Bajo,1.0999999999999999,0.9090909090909091,bajo
1,21,2,0,1,0,1,15,180,0,69,59,61,66,61.0,318,63.2,4.147288270665544,10.0,PUNT_LECTURA_CRITICA,PUNT_MATEMATICAS,0,1,195,0,alto,1.6114645005777173,0.6820684099971929,1.0305321538842407,1.429184982755637,0.8389238652986067,Alto,88.03333333333333,1.1694915254237288,medio
1,5,3,1,0,0,1,15,45,0,63,71,65,62,66.0,327,65.4,3.507135583350036,9.0,PUNT_MATEMATICAS,PUNT_SOCIALES_CIUDADANAS,0,1,60,0,alto,1.009947329776031,1.6960452335807301,1.413084459972556,1.0967648441087994,1.2759544265085498,Alto,91.3,0.8873239436619719,medio
0,15,3,1,1,1,1,45,120,0,61,58,56,45,57.0,276,55.4,6.107372593840988,16.0,PUNT_LECTURA_CRITICA,PUNT_SOCIALES_CIUDADANAS,1,3,165,0,medio,0.809441606175469,0.5975703413652315,0.5523417712738464,-0.3160207451402603,0.48929941633065227,Medio,66.03333333333333,1.0517241379310345,medio
0,31,2,1,1,0,2,0,45,0,41,35,35,45,32.0,192,37.6,5.272570530585627,13.0,PUNT_SOCIALES_CIUDADANAS,PUNT_INGLES,1,2,45,0,bajo,-1.195615629830152,-1.3458852371698815,-1.4560578356898097,-0.3160207451402603,-1.6958533897190635,Bajo,11.166666666666666,1.1714285714285715,medio
1,28,2,1,1,1,2,45,120,0,61,63,60,45,50.0,283,55.8,7.854934754662192,18.0,PUNT_MATEMATICAS,PUNT_SOCIALES_CIUDADANAS,1,3,165,0,medio,0.809441606175469,1.0200606845250386,0.9348940773621618,-0.3160207451402603,-0.12254336936326815,Medio,71.46666666666667,0.9682539682539683,medio
1,2,2,0,0,0,2,0,45,0,25,38,35,35,38.0,168,34.2,5.35723809439155,13.0,PUNT_MATEMATICAS,PUNT_LECTURA_CRITICA,0,0,45,0,bajo,-2.7996614186346487,-1.0923910312739973,-1.4560578356898097,-1.1470710917573543,-1.1714167162671316,Bajo,2.7666666666666666,0.6578947368421053,medio
1,2,3,1,1,1,2,0,180,0,59,55,60,50,65.0,283,57.8,5.630275304103699,15.0,PUNT_INGLES,PUNT_SOCIALES_CIUDADANAS,1,3,180,0,alto,0.6089358825749068,0.3440761354693472,0.9348940773621618,0.09950442816828668,1.1885483142665612,Medio,71.46666666666667,1.0727272727272728,medio
1,10,0,0,0,0,1,15,45,1,55,49,58,51,49.0,265,52.4,3.974921382870358,9.0,PUNT_C_NATURALES,PUNT_MATEMATICAS,0,0,60,1,medio,0.2079244353737827,-0.16291227632242142,0.7436179243180041,0.18260946282999607,-0.20994948160525678,Medio,59.233333333333334,1.1224489795918366,bajo
1,2,1,0,1,0,1,15,45,1,57,49,52,40,45.0,246,48.6,6.5038450166036395,17.0,PUNT_LECTURA_CRITICA,PUNT_SOCIALES_CIUDADANAS,0,1,60,1,medio,0.4084301589743448,-0.16291227632242142,0.16978946518553092,-0.7315459184488072,-0.5595739305732113,Bajo,46.9,1.163265306122449,bajo
1,14,2,0,1,0,1,15,0,0,60,67,62,76,62.0,330,65.4,6.465291950097845,16.0,PUNT_SOCIALES_CIUDADANAS,PUNT_LECTURA_CRITICA,0,1,15,0,alto,0.709188744375188,1.3580529590528845,1.1261702304063195,2.260235329372731,0.9263299775405954,Alto,92.36666666666666,0.8955223880597015,medio
1,2,2,1,1,1,2,0,180,0,43,41,41,40,38.0,205,40.6,1.8165902124584952,5.0,PUNT_LECTURA_CRITICA,PUNT_INGLES,1,3,180,0,bajo,-0.9951099062295898,-0.8388968253781128,-0.8822293765573366,-0.7315459184488072,-1.1714167162671316,Bajo,18.566666666666666,1.048780487804878,medio
1,2,1,0,0,0,1,45,45,0,57,62,56,46,49.0,274,54.0,6.442049363362563,16.0,PUNT_MATEMATICAS,PUNT_SOCIALES_CIUDADANAS,0,0,90,0,medio,0.4084301589743448,0.9355626158930772,0.5523417712738464,-0.2329157104785509,-0.20994948160525678,Medio,64.83333333333333,0.9193548387096774,bajo
0,29,1,0,1,0,1,0,45,0,41,37,45,36,41.0,199,40.0,3.605551275463989,9.0,PUNT_C_NATURALES,PUNT_SOCIALES_CIUDADANAS,0,1,45,0,medio,-1.195615629830152,-1.1768890999059587,-0.49967707046902116,-1.0639660570956448,-0.9091983795411658,Bajo,14.7,1.1081081081081081,bajo
0,2,1,0,1,0,0,15,180,0,48,50,47,48,27.0,233,44.0,9.565563234854496,23.0,PUNT_MATEMATICAS,PUNT_INGLES,0,1,195,0,bajo,-0.4938455972281846,-0.07841420769045998,-0.3084009174248634,-0.06670564115513211,-2.1328839509290067,Bajo,37.96666666666667,0.96,bajo
1,23,2,1,1,1,2,15,45,0,60,70,65,65,65.0,325,65.0,3.5355339059327378,10.0,PUNT_MATEMATICAS,PUNT_LECTURA_CRITICA,1,3,60,0,alto,0.709188744375188,1.6115471649487687,1.413084459972556,1.3460799480939276,1.1885483142665612,Alto,90.46666666666667,0.8571428571428571,medio
1,15,3,1,1,0,0,45,180,0,61,50,54,63,54.0,284,56.4,5.412947441089743,13.0,PUNT_SOCIALES_CIUDADANAS,PUNT_MATEMATICAS,1,2,225,0,medio,0.809441606175469,-0.07841420769045998,0.36106561822968863,1.1798698787705089,0.22708107960468638,Medio,72.16666666666667,1.22,medio
1,15,3,1,0,1,2,15,120,0,60,57,50,43,51.0,262,52.2,6.610597552415364,17.0,PUNT_LECTURA_CRITICA,PUNT_SOCIALES_CIUDADANAS,0,2,135,0,medio,0.709188744375188,0.51307227273327,-0.02148668785862681,-0.4822308144636791,-0.03513725712127952,Medio,56.96666666666667,1.0526315789473684,medio
1,15,2,1,1,1,1,15,45,0,62,70,56,64,53.0,311,61.0,6.708203932499369,17.0,PUNT_MATEMATICAS,PUNT_INGLES,1,3,60,0,medio,0.90969446797575,1.6115471649487687,0.5523417712738464,1.2629749134322181,0.13967496736269774,Alto,85.5,0.8857142857142857,medio
0,15,3,1,1,1,0,45,120,0,65,59,65,68,65.0,322,64.4,3.2863353450309964,9.0,PUNT_SOCIALES_CIUDADANAS,PUNT_MATEMATICAS,1,3,165,0,alto,1.2104530533765931,0.6820684099971929,1.413084459972556,1.5953950520790559,1.1885483142665612,Alto,89.43333333333334,1.1016949152542372,medio
0,31,2,1,1,1,1,15,45,0,55,53,56,59,52.0,277,55.0,2.7386127875258306,7.0,PUNT_SOCIALES_CIUDADANAS,PUNT_INGLES,1,3,60,0,medio,0.2079244353737827,0.17507999820542433,0.5523417712738464,0.8474497401236712,0.05226885512070911,Medio,66.73333333333333,1.0377358490566038,medio
1,4,1,0,1,1,1,15,45,0,50,58,50,34,49.0,240,48.2,8.729261137118078,24.0,PUNT_MATEMATICAS,PUNT_SOCIALES_CIUDADANAS,0,2,60,0,medio,-0.29333987362762254,0.5975703413652315,-0.02148668785862681,-1.2301761264190636,-0.20994948160525678,Bajo,42.766666666666666,0.8620689655172413,bajo
1,6,2,0,1,1,1,45,45,0,54,63,62,57,55.0,293,58.2,4.08656334834051,9.0,PUNT_MATEMATICAS,PUNT_LECTURA_CRITICA,0,2,90,0,medio,0.10767157357350166,1.0200606845250386,1.1261702304063195,0.6812396708002525,0.314487191846675,Medio,76.96666666666667,0.8571428571428571,medio
1,18,2,1,1,1,1,0,180,0,45,48,43,43,53.0,227,46.4,4.219004621945797,10.0,PUNT_INGLES,PUNT_C_NATURALES,1,3,180,0,medio,-0.7946041826290278,-0.24741034495438285,-0.6909532235131789,-0.4822308144636791,0.13967496736269774,Bajo,33.0,0.9375,medio
0,2,1,1,1,1,1,15,45,0,48,43,45,37,34.0,213,41.4,5.770615218501403,14.0,PUNT_LECTURA_CRITICA,PUNT_INGLES,1,3,60,0,bajo,-0.4938455972281846,-0.66990068811419,-0.49967707046902116,-0.9808610224339355,-1.5210411652350861,Bajo,23.733333333333334,1.1162790697674418,bajo
0,15,2,1,1,1,1,120,180,0,74,71,74,76,63.0,365,71.6,5.128352561983234,13.0,PUNT_SOCIALES_CIUDADANAS,PUNT_INGLES,1,3,300,0,alto,2.1127288095791226,1.6960452335807301,2.273827148671266,2.260235329372731,1.013736089782584,Superior,98.5,1.0422535211267605,medio
0,18,4,0,0,0,0,15,45,1,36,36,32,27,39.0,166,34.0,4.636809247747852,12.0,PUNT_INGLES,PUNT_SOCIALES_CIUDADANAS,0,0,60,1,bajo,-1.6968799388315572,-1.26138716853792,-1.7429720652560463,-1.8119113690510293,-1.084010604025143,Bajo,2.3,1.0,alto
0,13,0,0,0,0,0,90,120,0,51,49,53,49,50.0,252,50.4,1.6733200530681511,4.0,PUNT_C_NATURALES,PUNT_MATEMATICAS,0,0,210,0,medio,-0.19308701182734148,-0.16291227632242142,0.2654275417076098,0.016399393506577285,-0.12254336936326815,Medio,50.76666666666667,1.0408163265306123,bajo
1,21,2,1,1,0,1,15,180,0,43,40,47,39,55.0,216,44.8,6.496152707564686,16.0,PUNT_INGLES,PUNT_SOCIALES_CIUDADANAS,1,2,195,0,medio,-0.9951099062295898,-0.9233948940100744,-0.3084009174248634,-0.8146509531105167,0.314487191846675,Bajo,25.3,1.075,medio
1,19,0,0,0,0,0,15,0,1,41,47,42,42,44.0,215,43.2,2.387467277262665,6.0,PUNT_MATEMATICAS,PUNT_LECTURA_CRITICA,0,0,15,1,medio,-1.195615629830152,-0.33190841358634426,-0.7865913000352577,-0.5653358491253885,-0.6469800428151999,Bajo,24.766666666666666,0.8723404255319149,bajo
0,31,1,1,1,1,2,0,15,0,43,40,36,32,40.0,190,38.2,4.266145801540309,11.0,PUNT_LECTURA_CRITICA,PUNT_SOCIALES_CIUDADANAS,1,3,15,0,bajo,-0.9951099062295898,-0.9233948940100744,-1.360419759167731,-1.3963861957424824,-0.9966044917831545,Bajo,9.966666666666667,1.075,bajo
0,29,1,0,1,0,2,0,120,0,41,38,43,33,40.0,194,39.0,3.8078865529319543,10.0,PUNT_C_NATURALES,PUNT_SOCIALES_CIUDADANAS,0,1,120,0,bajo,-1.195615629830152,-1.0923910312739973,-0.6909532235131789,-1.313281161080773,-0.9966044917831545,Bajo,12.4,1.0789473684210527,bajo
0,23,2,0,0,0,1,0,45,1,42,38,48,41,43.0,212,42.4,3.646916505762094,10.0,PUNT_C_NATURALES,PUNT_MATEMATICAS,0,0,45,1,medio,-1.095362768029871,-1.0923910312739973,-0.21276284090278455,-0.6484408837870979,-0.7343861550571885,Bajo,23.266666666666666,1.105263157894737,medio
0,14,3,1,1,1,1,15,45,0,51,36,33,43,40.0,203,40.6,6.9498201415576215,18.0,PUNT_LECTURA_CRITICA,PUNT_C_NATURALES,1,3,60,0,bajo,-0.19308701182734148,-1.26138716853792,-1.6473339887339675,-0.4822308144636791,-0.9966044917831545,Bajo,17.266666666666666,1.4166666666666667,medio
0,22,5,1,1,1,0,15,45,1,27,24,37,26,32.0,144,29.2,5.263078946776307,13.0,PUNT_C_NATURALES,PUNT_MATEMATICAS,1,3,60,1,bajo,-2.5991556950340864,-2.2753639921214575,-1.264781682645652,-1.8950164037127388,-1.6958533897190635,Bajo,0.13333333333333333,1.125,alto
1,4,2,0,1,0,2,45,15,1,39,38,37,29,43.0,182,37.2,5.118593556827891,14.0,PUNT_INGLES,PUNT_SOCIALES_CIUDADANAS,0,1,60,1,medio,-1.396121353430714,-1.0923910312739973,-1.264781682645652,-1.6457012997276106,-0.7343861550571885,Bajo,6.566666666666666,1.0263157894736843,medio
0,2,3,1,1,0,1,45,180,0,59,59,58,62,42.0,291,56.0,7.968688725254614,20.0,PUNT_SOCIALES_CIUDADANAS,PUNT_INGLES,1,2,225,0,medio,0.6089358825749068,0.6820684099971929,0.7436179243180041,1.0967648441087994,-0.8217922672991772,Medio,75.76666666666667,1.0,medio
0,15,3,1,1,1,1,120,180,0,68,58,54,59,69.0,302,61.6,6.58027355054484,15.0,PUNT_INGLES,PUNT_C_NATURALES,1,3,300,0,alto,1.5112116387774364,0.5975703413652315,0.36106561822968863,0.8474497401236712,1.5381727632345157,Alto,81.2,1.1724137931034482,medio
1,11,1,0,1,0,0,15,120,0,65,77,66,55,57.0,325,64.0,8.717797887081348,22.0,PUNT_MATEMATICAS,PUNT_SOCIALES_CIUDADANAS,0,1,135,0,medio,1.2104530533765931,2.2030336453724986,1.508722536494635,0.5150296014768336,0.48929941633065227,Alto,90.46666666666667,0.8441558441558441,bajo
1,2,5,1,1,1,1,0,45,0,61,52,63,57,70.0,296,60.6,6.730527468185536,18.0,PUNT_INGLES,PUNT_MATEMATICAS,1,3,45,0,alto,0.809441606175469,0.0905819295734629,1.2218083069283985,0.6812396708002525,1.6255788754765044,Medio,78.5,1.1730769230769231,alto
1,15,4,1,1,1,1,45,120,0,77,82,78,75,80.0,391,78.4,2.701851217221259,7.0,PUNT_MATEMATICAS,PUNT_SOCIALES_CIUDADANAS,1,3,165,0,alto,2.4134873949799656,2.625523988532306,2.6563794547595814,2.1771302947110214,2.4996399978963906,Superior,99.86666666666667,0.9390243902439024,alto
1,2,2,1,1,1,1,45,120,0,52,55,46,41,56.0,245,50.0,6.363961030678928,15.0,PUNT_INGLES,PUNT_SOCIALES_CIUDADANAS,1,3,165,0,medio,-0.09283415002706044,0.3440761354693472,-0.40403899394694226,-0.6484408837870979,0.40189330408866364,Bajo,46.0,0.9454545454545454,medio
1,13,1,0,1,0,0,15,15,0,70,64,51,65,51.0,308,60.2,8.700574693662482,19.0,PUNT_LECTURA_CRITICA,PUNT_C_NATURALES,0,1,30,0,medio,1.7117173623779984,1.104558753157,0.07415138866345206,1.3460799480939276,-0.03513725712127952,Alto,84.39999999999999,1.09375,bajo
0,3,0,0,0,0,2,45,0,0,36,30,33,31,42.0,166,34.4,4.8270073544588685,12.0,PUNT_INGLES,PUNT_MATEMATICAS,0,0,45,0,medio,-1.6968799388315572,-1.7683755803296886,-1.6473339887339675,-1.4794912304041918,-0.8217922672991772,Bajo,2.3,1.2,bajo
0,31,2,1,1,1,2,0,15,0,61,47,58,40,62.0,262,53.6,9.659192512834599,22.0,PUNT_INGLES,PUNT_SOCIALES_CIUDADANAS,1,3,15,0,alto,0.809441606175469,-0.33190841358634426,0.7436179243180041,-0.7315459184488072,0.9263299775405954,Medio,56.96666666666667,1.297872340425532,medio
0,9,3,1,1,1,1,15,120,0,51,50,53,44,50.0,248,49.6,3.361547262794322,9.0,PUNT_C_NATURALES,PUNT_SOCIALES_CIUDADANAS,1,3,135,0,medio,-0.19308701182734148,-0.07841420769045998,0.2654275417076098,-0.39912577980196967,-0.12254336936326815,Bajo,48.3,1.02,medio
1,15,1,1,1,0,1,15,120,0,58,46,54,57,51.0,268,53.2,4.868264577855235,12.0,PUNT_LECTURA_CRITICA,PUNT_MATEMATICAS,1,2,135,0,medio,0.5086830207746258,-0.41640648221830573,0.36106561822968863,0.6812396708002525,-0.03513725712127952,Medio,61.16666666666667,1.2608695652173914,bajo
0,21,3,1,1,1,2,15,45,0,58,53,55,57,64.0,282,57.4,4.159326868617084,11.0,PUNT_INGLES,PUNT_MATEMATICAS,1,3,60,0,alto,0.5086830207746258,0.17507999820542433,0.45670369475176753,0.6812396708002525,1.1011422020245727,Medio,70.5,1.0943396226415094,medio
0,12,1,0,1,1,1,90,120,0,43,37,40,47,41.0,208,41.6,3.714835124201342,10.0,PUNT_SOCIALES_CIUDADANAS,PUNT_MATEMATICAS,0,2,210,0,medio,-0.9951099062295898,-1.1768890999059587,-0.9778674530794155,-0.14981067581684152,-0.9091983795411658,Bajo,20.366666666666667,1.162162162162162,bajo
1,13,1,0,1,1,1,45,15,0,51,44,47,41,47.0,229,46.0,3.7416573867739413,10.0,PUNT_LECTURA_CRITICA,PUNT_SOCIALES_CIUDADANAS,0,2,60,0,medio,-0.19308701182734148,-0.5854026194822286,-0.3084009174248634,-0.6484408837870979,-0.38476170608923405,Bajo,34.733333333333334,1.1590909090909092,bajo
0,13,2,0,0,0,0,15,15,1,43,27,38,30,46.0,177,36.8,8.167006795638168,19.0,PUNT_INGLES,PUNT_MATEMATICAS,0,0,30,1,medio,-0.9951099062295898,-2.021869786225573,-1.1691436061235732,-1.5625962650659013,-0.4721678183312227,Bajo,5.1,1.5925925925925926,medio
1,14,2,1,1,1,2,15,120,0,55,52,48,49,48.0,254,50.4,3.0495901363953815,7.0,PUNT_LECTURA_CRITICA,PUNT_C_NATURALES,1,3,135,0,medio,0.2079244353737827,0.0905819295734629,-0.21276284090278455,0.016399393506577285,-0.2973555938472454,Medio,51.9,1.0576923076923077,medio
0,5,5,1,1,1,1,15,180,0,57,51,46,50,49.0,254,50.6,4.03732584763727,11.0,PUNT_LECTURA_CRITICA,PUNT_C_NATURALES,1,3,195,0,medio,0.4084301589743448,0.006083860941501454,-0.40403899394694226,0.09950442816828668,-0.20994948160525678,Medio,51.9,1.1176470588235294,alto
1,2,5,1,1,1,0,90,180,0,60,58,63,63,72.0,309,63.2,5.357238094391549,14.0,PUNT_INGLES,PUNT_MATEMATICAS,1,3,270,0,alto,0.709188744375188,0.5975703413652315,1.2218083069283985,1.1798698787705089,1.8003910999604817,Alto,84.8,1.0344827586206897,alto
0,7,2,1,1,0,0,15,15,0,45,35,46,43,36.0,209,41.0,5.1478150704935,11.0,PUNT_C_NATURALES,PUNT_MATEMATICAS,1,2,30,0,bajo,-0.7946041826290278,-1.3458852371698815,-0.40403899394694226,-0.4822308144636791,-1.346228940751109,Bajo,21.166666666666668,1.2857142857142858,medio
0,21,2,1,1,1,1,45,120,0,57,56,55,61,47.0,282,55.2,5.118593556827891,14.0,PUNT_SOCIALES_CIUDADANAS,PUNT_INGLES,1,3,165,0,medio,0.4084301589743448,0.42857420410130864,0.45670369475176753,1.01365980944709,-0.38476170608923405,Medio,70.5,1.0178571428571428,medio
1,31,0,0,1,1,1,15,120,1,50,60,60,56,50.0,280,55.2,5.019960159204453,10.0,PUNT_MATEMATICAS,PUNT_LECTURA_CRITICA,0,2,135,1,medio,-0.29333987362762254,0.7665664786291544,0.9348940773621618,0.598134636138543,-0.12254336936326815,Medio,69.3,0.8333333333333334,bajo
0,5,2,0,1,0,2,15,120,0,50,40,51,46,45.0,233,46.4,4.393176527297759,11.0,PUNT_C_NATURALES,PUNT_MATEMATICAS,0,1,135,0,medio,-0.29333987362762254,-0.9233948940100744,0.07415138866345206,-0.2329157104785509,-0.5595739305732113,Bajo,37.96666666666667,1.25,medio
1,2,1,0,0,0,0,15,15,0,34,36,36,39,31.0,179,35.2,2.949576240750525,8.0,PUNT_SOCIALES_CIUDADANAS,PUNT_INGLES,0,0,30,0,bajo,-1.8973856624321193,-1.26138716853792,-1.360419759167731,-0.8146509531105167,-1.783259501961052,Bajo,5.4,0.9444444444444444,bajo
0,31,2,1,0,1,2,15,120,0,60,50,55,51,46.0,267,52.4,5.319774431308154,14.0,PUNT_LECTURA_CRITICA,PUNT_INGLES,0,2,135,0,medio,0.709188744375188,-0.07841420769045998,0.45670369475176753,0.18260946282999607,-0.4721678183312227,Medio,60.3,1.2,medio
1,2,3,1,1,1,1,45,120,0,53,46,48,50,58.0,250,51.0,4.69041575982343,12.0,PUNT_INGLES,PUNT_MATEMATICAS,1,3,165,0,medio,0.007418711773220604,-0.41640648221830573,-0.21276284090278455,0.09950442816828668,0.5767055285726409,Bajo,49.6,1.1521739130434783,medio
0,2,2,0,1,1,1,15,120,1,42,42,36,35,35.0,192,38.0,3.6742346141747673,7.0,PUNT_LECTURA_CRITICA,PUNT_SOCIALES_CIUDADANAS,0,2,135,1,bajo,-1.095362768029871,-0.7543987567461514,-1.360419759167731,-1.1470710917573543,-1.4336350529930975,Bajo,11.166666666666666,1.0,medio
0,5,1,0,0,0,1,15,120,1,36,33,31,33,47.0,172,36.0,6.4031242374328485,16.0,PUNT_INGLES,PUNT_C_NATURALES,0,0,135,1,medio,-1.6968799388315572,-1.5148813744338043,-1.8386101417781253,-1.313281161080773,-0.38476170608923405,Bajo,3.733333333333334,1.0909090909090908,bajo
1,8,2,1,1,1,2,45,120,0,63,50,53,63,79.0,295,61.6,11.349008767288886,29.0,PUNT_INGLES,PUNT_MATEMATICAS,1,3,165,0,alto,1.009947329776031,-0.07841420769045998,0.2654275417076098,1.1798698787705089,2.412233885654402,Medio,77.96666666666667,1.26,medio
0,4,2,1,1,1,1,45,180,0,56,62,60,52,59.0,288,57.8,3.8987177379235853,10.0,PUNT_MATEMATICAS,PUNT_SOCIALES_CIUDADANAS,1,3,225,0,medio,0.3081772971740637,0.9355626158930772,0.9348940773621618,0.26571449749170545,0.6641116408146295,Medio,74.4,0.9032258064516129,medio
1,4,3,1,1,1,2,15,120,0,38,36,39,39,39.0,190,38.2,1.3038404810405297,3.0,PUNT_C_NATURALES,PUNT_MATEMATICAS,1,3,135,0,bajo,-1.4963742152309951,-1.26138716853792,-1.0735055296014944,-0.8146509531105167,-1.084010604025143,Bajo,9.966666666666667,1.0555555555555556,medio
0,19,1,1,1,1,1,15,45,0,37,26,33,30,43.0,162,33.8,6.534523701081817,17.0,PUNT_INGLES,PUNT_MATEMATICAS,1,3,60,0,medio,-1.596627077031276,-2.106367854857534,-1.6473339887339675,-1.5625962650659013,-0.7343861550571885,Bajo,1.3333333333333335,1.4230769230769231,bajo
1,31,3,0,1,0,2,15,15,0,57,54,54,47,59.0,267,54.2,4.54972526643093,12.0,PUNT_INGLES,PUNT_SOCIALES_CIUDADANAS,0,1,30,0,medio,0.4084301589743448,0.25957806683738577,0.36106561822968863,-0.14981067581684152,0.6641116408146295,Medio,60.3,1.0555555555555556,medio
1,11,0,0,0,0,1,15,0,0,37,33,31,36,37.0,172,34.8,2.6832815729997477,6.0,PUNT_LECTURA_CRITICA,PUNT_C_NATURALES,0,0,15,0,bajo,-1.596627077031276,-1.5148813744338043,-1.8386101417781253,-1.0639660570956448,-1.2588228285091203,Bajo,3.733333333333334,1.121212121212121,bajo
0,2,1,0,1,0,0,15,15,0,62,51,50,64,44.0,279,54.2,8.497058314499201,20.0,PUNT_SOCIALES_CIUDADANAS,PUNT_INGLES,0,1,30,0,medio,0.90969446797575,0.006083860941501454,-0.02148668785862681,1.2629749134322181,-0.6469800428151999,Medio,68.60000000000001,1.2156862745098038,bajo
1,28,3,1,1,1,2,45,120,0,61,59,66,64,73.0,317,64.6,5.412947441089743,14.0,PUNT_INGLES,PUNT_MATEMATICAS,1,3,165,0,alto,0.809441606175469,0.6820684099971929,1.508722536494635,1.2629749134322181,1.8877972122024702,Alto,87.7,1.0338983050847457,medio
1,28,2,1,1,1,1,15,180,0,57,52,58,54,58.0,277,55.8,2.6832815729997477,6.0,PUNT_C_NATURALES,PUNT_MATEMATICAS,1,3,195,0,medio,0.4084301589743448,0.0905819295734629,0.7436179243180041,0.43192456681512426,0.5767055285726409,Medio,66.73333333333333,1.0961538461538463,medio
1,11,1,0,1,0,0,0,45,1,49,28,37,36,51.0,193,40.2,9.628083921528727,23.0,PUNT_INGLES,PUNT_MATEMATICAS,0,1,45,1,medio,-0.3935927354279036,-1.9373717175936116,-1.264781682645652,-1.0639660570956448,-0.03513725712127952,Bajo,11.833333333333334,1.75,bajo
0,15,1,0,1,0,1,15,0,0,42,31,39,40,31.0,187,36.6,5.224940191045253,11.0,PUNT_LECTURA_CRITICA,PUNT_MATEMATICAS,0,1,15,0,bajo,-1.095362768029871,-1.6838775116977271,-1.0735055296014944,-0.7315459184488072,-1.783259501961052,Bajo,8.366666666666667,1.3548387096774193,bajo
0,2,2,1,1,0,0,15,120,0,49,42,42,40,29.0,211,40.4,7.231873892705818,20.0,PUNT_LECTURA_CRITICA,PUNT_INGLES,1,2,135,0,bajo,-0.3935927354279036,-0.7543987567461514,-0.7865913000352577,-0.7315459184488072,-1.9580717264450294,Bajo,22.733333333333334,1.1666666666666667,medio
1,3,1,0,0,0,1,45,0,0,67,64,64,59,63.0,317,63.4,2.8809720581775866,8.0,PUNT_LECTURA_CRITICA,PUNT_SOCIALES_CIUDADANAS,0,0,45,0,alto,1.4109587769771552,1.104558753157,1.3174463834504773,0.8474497401236712,1.013736089782584,Alto,87.7,1.046875,bajo
1,5,3,1,1,0,1,15,120,0,53,45,53,46,40.0,243,47.4,5.594640292279746,13.0,PUNT_LECTURA_CRITICA,PUNT_INGLES,1,2,135,0,bajo,0.007418711773220604,-0.5009045508502672,0.2654275417076098,-0.2329157104785509,-0.9966044917831545,Bajo,44.733333333333334,1.1777777777777778,medio
0,5,0,0,1,0,1,15,0,0,33,28,35,20,33.0,147,29.8,6.058052492344384,15.0,PUNT_C_NATURALES,PUNT_SOCIALES_CIUDADANAS,0,1,15,0,bajo,-1.9976385242324004,-1.9373717175936116,-1.4560578356898097,-2.3936466116829953,-1.6084472774770748,Bajo,0.23333333333333336,1.1785714285714286,bajo
0,15,1,1,1,1,1,15,120,0,44,37,45,36,42.0,203,40.8,4.08656334834051,9.0,PUNT_C_NATURALES,PUNT_SOCIALES_CIUDADANAS,1,3,135,0,medio,-0.8948570444293088,-1.1768890999059587,-0.49967707046902116,-1.0639660570956448,-0.8217922672991772,Bajo,17.266666666666666,1.1891891891891893,bajo
0,6,1,1,0,1,1,15,120,0,66,66,61,64,67.0,322,64.8,2.387467277262665,6.0,PUNT_INGLES,PUNT_C_NATURALES,0,2,135,0,alto,1.3107059151768743,1.273554890420923,1.0305321538842407,1.2629749134322181,1.3633605387505385,Alto,89.43333333333334,1.0,bajo
0,20,1,1,1,1,2,0,0,0,48,47,50,34,48.0,225,45.4,6.465291950097845,16.0,PUNT_C_NATURALES,PUNT_SOCIALES_CIUDADANAS,1,3,0,0,medio,-0.4938455972281846,-0.33190841358634426,-0.02148668785862681,-1.2301761264190636,-0.2973555938472454,Bajo,31.433333333333337,1.0212765957446808,bajo
1,21,2,1,1,0,1,45,45,0,70,59,63,69,65.0,326,65.2,4.494441010848846,11.0,PUNT_LECTURA_CRITICA,PUNT_MATEMATICAS,1,2,90,0,alto,1.7117173623779984,0.6820684099971929,1.2218083069283985,1.6785000867407651,1.1885483142665612,Alto,90.96666666666667,1.1864406779661016,medio
1,15,2,1,1,1,2,0,180,0,57,57,51,56,53.0,275,54.8,2.6832815729997477,6.0,PUNT_LECTURA_CRITICA,PUNT_C_NATURALES,1,3,180,0,medio,0.4084301589743448,0.51307227273327,0.07415138866345206,0.598134636138543,0.13967496736269774,Medio,65.36666666666666,1.0,medio
1,21,2,1,1,0,1,45,120,0,54,62,49,47,48.0,263,52.0,6.2048368229954285,15.0,PUNT_MATEMATICAS,PUNT_SOCIALES_CIUDADANAS,1,2,165,0,medio,0.10767157357350166,0.9355626158930772,-0.11712476438070567,-0.14981067581684152,-0.2973555938472454,Medio,57.93333333333334,0.8709677419354839,medio
1,14,4,1,1,1,1,15,180,0,66,56,60,66,76.0,315,64.8,7.563068160475615,20.0,PUNT_INGLES,PUNT_MATEMATICAS,1,3,195,0,alto,1.3107059151768743,0.42857420410130864,0.9348940773621618,1.429184982755637,2.1500155489284363,Alto,87.03333333333333,1.1785714285714286,alto
1,11,3,1,1,1,1,45,45,0,63,47,57,57,52.0,278,55.2,6.016643582596529,16.0,PUNT_LECTURA_CRITICA,PUNT_MATEMATICAS,1,3,90,0,medio,1.009947329776031,-0.33190841358634426,0.6479798477959252,0.6812396708002525,0.05226885512070911,Medio,67.80000000000001,1.3404255319148937,medio
1,15,2,1,1,1,1,15,120,0,46,42,42,37,49.0,212,43.2,4.54972526643093,12.0,PUNT_INGLES,PUNT_SOCIALES_CIUDADANAS,1,3,135,0,medio,-0.6943513208287467,-0.7543987567461514,-0.7865913000352577,-0.9808610224339355,-0.20994948160525678,Bajo,23.266666666666666,1.0952380952380953,medio
1,13,1,1,1,1,1,0,120,0,42,53,47,50,45.0,239,47.4,4.277849927241488,11.0,PUNT_MATEMATICAS,PUNT_LECTURA_CRITICA,1,3,120,0,medio,-1.095362768029871,0.17507999820542433,-0.3084009174248634,0.09950442816828668,-0.5595739305732113,Bajo,42.333333333333336,0.7924528301886793,bajo
0,21,3,1,1,0,1,15,120,0,71,71,64,76,77.0,355,71.8,5.167204273105526,13.0,PUNT_INGLES,PUNT_C_NATURALES,1,2,135,0,alto,1.8119702241782794,1.6960452335807301,1.3174463834504773,2.260235329372731,2.237421661170425,Superior,97.86666666666667,1.0,medio
0,14,2,1,1,1,1,45,120,0,60,46,57,46,59.0,264,53.6,7.021395872616783,14.0,PUNT_LECTURA_CRITICA,PUNT_MATEMATICAS,1,3,165,0,medio,0.709188744375188,-0.41640648221830573,0.6479798477959252,-0.2329157104785509,0.6641116408146295,Medio,58.666666666666664,1.3043478260869565,medio
0,2,1,0,1,0,1,45,45,0,52,52,50,45,48.0,248,49.4,2.9664793948382653,7.0,PUNT_LECTURA_CRITICA,PUNT_SOCIALES_CIUDADANAS,0,1,90,0,medio,-0.09283415002706044,0.0905819295734629,-0.02148668785862681,-0.3160207451402603,-0.2973555938472454,Bajo,48.3,1.0,bajo
0,18,1,0,1,0,1,90,180,0,71,62,60,67,52.0,320,62.4,7.231873892705818,19.0,PUNT_LECTURA_CRITICA,PUNT_INGLES,0,1,270,0,medio,1.8119702241782794,0.9355626158930772,0.9348940773621618,1.5122900174173464,0.05226885512070911,Alto,88.76666666666667,1.1451612903225807,bajo
1,30,3,1,1,1,1,15,0,0,44,46,51,49,49.0,238,47.8,2.7748873851023217,7.0,PUNT_C_NATURALES,PUNT_LECTURA_CRITICA,1,3,15,0,medio,-0.8948570444293088,-0.41640648221830573,0.07415138866345206,0.016399393506577285,-0.20994948160525678,Bajo,41.699999999999996,0.9565217391304348,medio
0,15,2,1,1,1,1,45,120,0,61,61,56,49,62.0,286,57.8,5.449770637375485,13.0,PUNT_INGLES,PUNT_SOCIALES_CIUDADANAS,1,3,165,0,alto,0.809441606175469,0.8510645472611158,0.5523417712738464,0.016399393506577285,0.9263299775405954,Medio,73.4,1.0,medio
0,15,3,1,1,1,1,15,180,0,54,46,49,43,46.0,239,47.6,4.159326868617084,11.0,PUNT_LECTURA_CRITICA,PUNT_SOCIALES_CIUDADANAS,1,3,195,0,medio,0.10767157357350166,-0.41640648221830573,-0.11712476438070567,-0.4822308144636791,-0.4721678183312227,Bajo,42.333333333333336,1.173913043478261,medio
1,26,3,1,1,1,0,45,120,0,70,70,71,74,68.0,355,70.6,2.1908902300206643,6.0,PUNT_SOCIALES_CIUDADANAS,PUNT_INGLES,1,3,165,0,alto,1.7117173623779984,1.6115471649487687,1.9869129191050294,2.094025260049312,1.4507666509925272,Superior,97.86666666666667,1.0,medio
1,15,3,1,1,1,1,15,15,0,68,55,56,47,68.0,287,58.8,9.093954035511725,21.0,PUNT_LECTURA_CRITICA,PUNT_SOCIALES_CIUDADANAS,1,3,30,0,alto,1.5112116387774364,0.3440761354693472,0.5523417712738464,-0.14981067581684152,1.4507666509925272,Medio,73.93333333333332,1.2363636363636363,medio
1,9,2,1,1,1,1,45,120,0,72,68,56,69,56.0,327,64.2,7.628892449104261,16.0,PUNT_LECTURA_CRITICA,PUNT_C_NATURALES,1,3,165,0,medio,1.9122230859785605,1.4425510276848459,0.5523417712738464,1.6785000867407651,0.40189330408866364,Alto,91.3,1.0588235294117647,medio
0,15,2,1,1,1,0,0,45,0,67,70,65,55,60.0,320,63.4,5.941380311005179,15.0,PUNT_MATEMATICAS,PUNT_SOCIALES_CIUDADANAS,1,3,45,0,medio,1.4109587769771552,1.6115471649487687,1.413084459972556,0.5150296014768336,0.7515177530566182,Alto,88.76666666666667,0.9571428571428572,medio
0,26,1,1,1,1,2,45,180,0,40,40,41,27,39.0,186,37.4,5.856620185738529,14.0,PUNT_C_NATURALES,PUNT_SOCIALES_CIUDADANAS,1,3,225,0,bajo,-1.295868491630433,-0.9233948940100744,-0.8822293765573366,-1.8119113690510293,-1.084010604025143,Bajo,8.033333333333333,1.0,bajo
0,20,0,0,0,0,0,0,0,0,50,37,30,38,39.0,194,38.8,7.19027120489902,20.0,PUNT_LECTURA_CRITICA,PUNT_C_NATURALES,0,0,0,0,bajo,-0.29333987362762254,-1.1768890999059587,-1.934248218300204,-0.8977559877722261,-1.084010604025143,Bajo,12.4,1.3513513513513513,bajo
1,5,2,1,1,1,1,0,120,0,67,61,50,59,42.0,290,55.8,9.833615815151616,25.0,PUNT_LECTURA_CRITICA,PUNT_INGLES,1,3,120,0,medio,1.4109587769771552,0.8510645472611158,-0.02148668785862681,0.8474497401236712,-0.8217922672991772,Medio,75.23333333333333,1.098360655737705,medio
1,14,0,0,1,0,2,120,45,0,61,53,46,55,55.0,269,54.0,5.385164807134504,15.0,PUNT_LECTURA_CRITICA,PUNT_C_NATURALES,0,1,165,0,medio,0.809441606175469,0.17507999820542433,-0.40403899394694226,0.5150296014768336,0.314487191846675,Medio,61.9,1.150943396226415,bajo
1,5,3,1,1,1,0,45,45,0,54,58,56,58,54.0,282,56.0,2.0,4.0,PUNT_MATEMATICAS,PUNT_LECTURA_CRITICA,1,3,90,0,medio,0.10767157357350166,0.5975703413652315,0.5523417712738464,0.7643447054619619,0.22708107960468638,Medio,70.5,0.9310344827586207,medio
1,28,2,1,0,1,1,15,45,1,48,55,55,49,53.0,259,52.0,3.3166247903554,7.0,PUNT_MATEMATICAS,PUNT_LECTURA_CRITICA,0,2,60,1,medio,-0.4938455972281846,0.3440761354693472,0.45670369475176753,0.016399393506577285,0.13967496736269774,Medio,55.06666666666666,0.8727272727272727,medio
1,14,2,1,1,1,0,90,120,0,55,60,59,54,59.0,286,57.4,2.701851217221259,6.0,PUNT_MATEMATICAS,PUNT_SOCIALES_CIUDADANAS,1,3,210,0,medio,0.2079244353737827,0.7665664786291544,0.839256000840083,0.43192456681512426,0.6641116408146295,Medio,73.4,0.9166666666666666,medio
0,19,1,1,1,1,1,45,120,0,60,58,46,48,61.0,268,54.6,7.05691150575094,15.0,PUNT_INGLES,PUNT_C_NATURALES,1,3,165,0,alto,0.709188744375188,0.5975703413652315,-0.40403899394694226,-0.06670564115513211,0.8389238652986067,Medio,61.16666666666667,1.0344827586206897,bajo
0,21,1,1,1,0,0,120,180,0,58,63,66,60,55.0,306,60.4,4.277849927241488,11.0,PUNT_C_NATURALES,PUNT_INGLES,1,2,300,0,medio,0.5086830207746258,1.0200606845250386,1.508722536494635,0.9305547747853806,0.314487191846675,Alto,83.46666666666667,0.9206349206349206,bajo
1,5,1,0,1,0,1,15,0,1,53,47,45,55,40.0,246,48.0,6.082762530298219,15.0,PUNT_SOCIALES_CIUDADANAS,PUNT_INGLES,0,1,15,1,bajo,0.007418711773220604,-0.33190841358634426,-0.49967707046902116,0.5150296014768336,-0.9966044917831545,Bajo,46.9,1.127659574468085,bajo
0,2,3,1,1,1,2,45,120,0,55,57,57,53,56.0,278,55.6,1.6733200530681511,4.0,PUNT_MATEMATICAS,PUNT_SOCIALES_CIUDADANAS,1,3,165,0,medio,0.2079244353737827,0.51307227273327,0.6479798477959252,0.3488195321534149,0.40189330408866364,Medio,67.80000000000001,0.9649122807017544,medio
1,31,3,1,1,1,1,15,120,0,48,48,41,40,41.0,220,43.6,4.03732584763727,8.0,PUNT_LECTURA_CRITICA,PUNT_SOCIALES_CIUDADANAS,1,3,135,0,medio,-0.4938455972281846,-0.24741034495438285,-0.8822293765573366,-0.7315459184488072,-0.9091983795411658,Bajo,27.866666666666667,1.0,medio
1,31,1,0,0,0,1,15,15,0,61,55,55,55,50.0,280,55.2,3.8987177379235853,11.0,PUNT_LECTURA_CRITICA,PUNT_INGLES,0,0,30,0,medio,0.809441606175469,0.3440761354693472,0.45670369475176753,0.5150296014768336,-0.12254336936326815,Medio,69.3,1.1090909090909091,bajo
1,28,5,1,1,1,0,15,180,0,52,57,61,53,59.0,280,56.4,3.847076812334269,9.0,PUNT_C_NATURALES,PUNT_LECTURA_CRITICA,1,3,195,0,medio,-0.09283415002706044,0.51307227273327,1.0305321538842407,0.3488195321534149,0.6641116408146295,Medio,69.3,0.9122807017543859,alto
0,14,1,1,0,1,2,15,45,1,58,41,37,43,42.0,223,44.2,8.04363102087608,21.0,PUNT_LECTURA_CRITICA,PUNT_C_NATURALES,0,2,60,1,medio,0.5086830207746258,-0.8388968253781128,-1.264781682645652,-0.4822308144636791,-0.8217922672991772,Bajo,30.033333333333335,1.4146341463414633,bajo
1,30,2,1,1,1,1,15,45,0,46,43,34,34,44.0,198,40.2,5.761944116355173,12.0,PUNT_LECTURA_CRITICA,PUNT_C_NATURALES,1,3,60,0,medio,-0.6943513208287467,-0.66990068811419,-1.5516959122118887,-1.2301761264190636,-0.6469800428151999,Bajo,14.266666666666666,1.069767441860465,medio
0,5,1,0,0,0,1,45,120,0,43,49,47,44,53.0,232,47.2,4.024922359499622,10.0,PUNT_INGLES,PUNT_LECTURA_CRITICA,0,0,165,0,medio,-0.9951099062295898,-0.16291227632242142,-0.3084009174248634,-0.39912577980196967,0.13967496736269774,Bajo,36.833333333333336,0.8775510204081632,bajo
0,2,2,1,1,0,2,90,180,0,47,38,46,52,51.0,231,46.8,5.540758070878028,14.0,PUNT_SOCIALES_CIUDADANAS,PUNT_MATEMATICAS,1,2,270,0,medio,-0.5940984590284657,-1.0923910312739973,-0.40403899394694226,0.26571449749170545,-0.03513725712127952,Bajo,36.0,1.236842105263158,medio
1,14,3,1,1,1,0,45,120,0,55,52,52,56,47.0,266,52.4,3.5071355833500366,9.0,PUNT_SOCIALES_CIUDADANAS,PUNT_INGLES,1,3,165,0,medio,0.2079244353737827,0.0905819295734629,0.16978946518553092,0.598134636138543,-0.38476170608923405,Medio,59.73333333333334,1.0576923076923077,medio
1,31,3,1,1,0,1,0,180,0,49,45,51,45,49.0,238,47.8,2.6832815729997477,6.0,PUNT_C_NATURALES,PUNT_MATEMATICAS,1,2,180,0,medio,-0.3935927354279036,-0.5009045508502672,0.07415138866345206,-0.3160207451402603,-0.20994948160525678,Bajo,41.699999999999996,1.0888888888888888,medio
1,22,0,0,1,0,1,45,45,1,49,45,42,39,48.0,220,44.6,4.159326868617084,10.0,PUNT_LECTURA_CRITICA,PUNT_SOCIALES_CIUDADANAS,0,1,90,1,medio,-0.3935927354279036,-0.5009045508502672,-0.7865913000352577,-0.8146509531105167,-0.2973555938472454,Bajo,27.866666666666667,1.0888888888888888,bajo
0,31,6,1,1,1,1,0,0,1,29,29,38,26,43.0,157,33.0,7.176350047203662,17.0,PUNT_INGLES,PUNT_SOCIALES_CIUDADANAS,1,3,0,1,medio,-2.3986499714335245,-1.8528736489616502,-1.1691436061235732,-1.8950164037127388,-0.7343861550571885,Bajo,0.5666666666666667,1.0,alto
0,29,3,0,0,0,1,15,45,0,59,51,50,56,51.0,269,53.4,3.9115214431215892,9.0,PUNT_LECTURA_CRITICA,PUNT_C_NATURALES,0,0,60,0,medio,0.6089358825749068,0.006083860941501454,-0.02148668785862681,0.598134636138543,-0.03513725712127952,Medio,61.9,1.1568627450980393,medio
0,18,2,1,1,1,1,15,180,0,46,51,43,41,42.0,225,44.6,4.03732584763727,10.0,PUNT_MATEMATICAS,PUNT_SOCIALES_CIUDADANAS,1,3,195,0,medio,-0.6943513208287467,0.006083860941501454,-0.6909532235131789,-0.6484408837870979,-0.8217922672991772,Bajo,31.433333333333337,0.9019607843137255,medio
1,18,2,0,0,1,1,15,120,0,63,80,73,69,70.0,356,71.0,6.2048368229954285,17.0,PUNT_MATEMATICAS,PUNT_LECTURA_CRITICA,0,1,135,0,alto,1.009947329776031,2.4565278512683832,2.178189072149187,1.6785000867407651,1.6255788754765044,Superior,98.1,0.7875,medio
0,13,2,0,1,0,1,45,45,0,43,40,45,42,37.0,210,41.4,3.0495901363953815,8.0,PUNT_C_NATURALES,PUNT_INGLES,0,1,90,0,bajo,-0.9951099062295898,-0.9233948940100744,-0.49967707046902116,-0.5653358491253885,-1.2588228285091203,Bajo,21.96666666666667,1.075,medio
1,5,4,1,0,1,0,0,120,0,74,69,59,70,66.0,339,67.6,5.594640292279746,15.0,PUNT_LECTURA_CRITICA,PUNT_C_NATURALES,0,2,120,0,alto,2.1127288095791226,1.5270490963168073,0.839256000840083,1.7616051214024746,1.2759544265085498,Alto,95.53333333333333,1.0724637681159421,alto
1,5,1,0,1,0,1,0,45,0,54,47,46,41,43.0,233,46.2,4.969909455915671,13.0,PUNT_LECTURA_CRITICA,PUNT_SOCIALES_CIUDADANAS,0,1,45,0,medio,0.10767157357350166,-0.33190841358634426,-0.40403899394694226,-0.6484408837870979,-0.7343861550571885,Bajo,37.96666666666667,1.148936170212766,bajo
1,19,2,1,1,1,1,0,15,0,49,42,37,35,39.0,203,40.4,5.458937625582472,14.0,PUNT_LECTURA_CRITICA,PUNT_SOCIALES_CIUDADANAS,1,3,15,0,bajo,-0.3935927354279036,-0.7543987567461514,-1.264781682645652,-1.1470710917573543,-1.084010604025143,Bajo,17.266666666666666,1.1666666666666667,medio
1,15,3,1,1,0,0,0,120,0,62,48,54,66,59.0,288,57.8,7.014271166700073,18.0,PUNT_SOCIALES_CIUDADANAS,PUNT_MATEMATICAS,1,2,120,0,medio,0.90969446797575,-0.24741034495438285,0.36106561822968863,1.429184982755637,0.6641116408146295,Medio,74.4,1.2916666666666667,medio
0,31,1,1,1,1,1,15,15,0,53,55,49,44,48.0,250,49.8,4.324349662087931,11.0,PUNT_MATEMATICAS,PUNT_SOCIALES_CIUDADANAS,1,3,30,0,medio,0.007418711773220604,0.3440761354693472,-0.11712476438070567,-0.39912577980196967,-0.2973555938472454,Bajo,49.6,0.9636363636363636,bajo
0,15,3,1,1,1,1,15,120,0,73,77,70,64,77.0,357,72.2,5.449770637375485,13.0,PUNT_MATEMATICAS,PUNT_SOCIALES_CIUDADANAS,1,3,135,0,alto,2.0124759477788414,2.2030336453724986,1.8912748425829504,1.2629749134322181,2.237421661170425,Superior,98.33333333333333,0.948051948051948,medio
0,31,3,1,1,1,0,0,180,0,55,40,47,42,53.0,233,47.4,6.58027355054484,15.0,PUNT_LECTURA_CRITICA,PUNT_MATEMATICAS,1,3,180,0,medio,0.2079244353737827,-0.9233948940100744,-0.3084009174248634,-0.5653358491253885,0.13967496736269774,Bajo,37.96666666666667,1.375,medio
0,29,1,0,0,0,1,45,45,0,42,41,46,43,47.0,217,43.8,2.588435821108957,6.0,PUNT_INGLES,PUNT_MATEMATICAS,0,0,90,0,medio,-1.095362768029871,-0.8388968253781128,-0.40403899394694226,-0.4822308144636791,-0.38476170608923405,Bajo,25.900000000000002,1.024390243902439,bajo
1,21,2,1,1,1,1,45,180,0,44,38,36,46,47.0,207,42.2,4.919349550499538,11.0,PUNT_INGLES,PUNT_C_NATURALES,1,3,225,0,medio,-0.8948570444293088,-1.0923910312739973,-1.360419759167731,-0.2329157104785509,-0.38476170608923405,Bajo,19.566666666666666,1.1578947368421053,medio
0,17,1,0,1,0,1,15,15,0,44,33,38,40,44.0,196,39.8,4.604345773288536,11.0,PUNT_LECTURA_CRITICA,PUNT_MATEMATICAS,0,1,30,0,medio,-0.8948570444293088,-1.5148813744338043,-1.1691436061235732,-0.7315459184488072,-0.6469800428151999,Bajo,13.466666666666665,1.3333333333333333,bajo
1,31,2,1,1,1,1,15,45,0,54,62,59,50,58.0,282,56.6,4.669047011971501,12.0,PUNT_MATEMATICAS,PUNT_SOCIALES_CIUDADANAS,1,3,60,0,medio,0.10767157357350166,0.9355626158930772,0.839256000840083,0.09950442816828668,0.5767055285726409,Medio,70.5,0.8709677419354839,medio
0,15,4,1,1,1,2,15,45,0,65,61,61,64,68.0,316,63.8,2.9495762407505253,7.0,PUNT_INGLES,PUNT_MATEMATICAS,1,3,60,0,alto,1.2104530533765931,0.8510645472611158,1.0305321538842407,1.2629749134322181,1.4507666509925272,Alto,87.46666666666667,1.0655737704918034,alto
0,2,3,1,1,1,1,120,45,0,56,53,47,51,62.0,263,53.8,5.630275304103699,15.0,PUNT_INGLES,PUNT_C_NATURALES,1,3,165,0,alto,0.3081772971740637,0.17507999820542433,-0.3084009174248634,0.18260946282999607,0.9263299775405954,Medio,57.93333333333334,1.0566037735849056,medio
0,23,0,0,1,0,1,45,15,0,46,37,32,33,32.0,183,36.0,5.958187643906492,14.0,PUNT_LECTURA_CRITICA,PUNT_C_NATURALES,0,1,60,0,bajo,-0.6943513208287467,-1.1768890999059587,-1.7429720652560463,-1.313281161080773,-1.6958533897190635,Bajo,7.1,1.2432432432432432,bajo
1,14,2,0,1,1,1,45,45,1,69,70,65,59,69.0,330,66.4,4.560701700396552,11.0,PUNT_MATEMATICAS,PUNT_SOCIALES_CIUDADANAS,0,2,90,1,alto,1.6114645005777173,1.6115471649487687,1.413084459972556,0.8474497401236712,1.5381727632345157,Alto,92.36666666666666,0.9857142857142858,medio
1,21,2,1,1,0,1,0,15,1,47,39,42,44,55.0,220,45.4,6.107372593840988,16.0,PUNT_INGLES,PUNT_MATEMATICAS,1,2,15,1,medio,-0.5940984590284657,-1.0078929626420357,-0.7865913000352577,-0.39912577980196967,0.314487191846675,Bajo,27.866666666666667,1.205128205128205,medio
0,18,1,0,1,0,0,120,0,0,40,41,45,54,51.0,227,46.2,6.1400325732035,14.0,PUNT_SOCIALES_CIUDADANAS,PUNT_LECTURA_CRITICA,0,1,120,0,medio,-1.295868491630433,-0.8388968253781128,-0.49967707046902116,0.43192456681512426,-0.03513725712127952,Bajo,33.0,0.975609756097561,bajo
1,6,2,1,1,1,1,90,15,0,71,68,67,63,57.0,332,65.2,5.403702434442518,14.0,PUNT_LECTURA_CRITICA,PUNT_INGLES,1,3,105,0,medio,1.8119702241782794,1.4425510276848459,1.6043606130167138,1.1798698787705089,0.48929941633065227,Alto,93.0,1.0441176470588236,medio
1,6,1,0,1,0,0,0,15,0,36,62,40,47,47.0,232,46.4,9.91463564635635,26.0,PUNT_MATEMATICAS,PUNT_LECTURA_CRITICA,0,1,15,0,medio,-1.6968799388315572,0.9355626158930772,-0.9778674530794155,-0.14981067581684152,-0.38476170608923405,Bajo,36.833333333333336,0.5806451612903226,bajo
0,31,1,1,1,0,1,15,45,1,42,24,33,45,41.0,182,37.0,8.514693182963201,21.0,PUNT_SOCIALES_CIUDADANAS,PUNT_MATEMATICAS,1,2,60,1,medio,-1.095362768029871,-2.2753639921214575,-1.6473339887339675,-0.3160207451402603,-0.9091983795411658,Bajo,6.566666666666666,1.75,bajo
1,5,1,0,1,0,2,45,180,0,56,51,54,54,43.0,265,51.6,5.128352561983234,13.0,PUNT_LECTURA_CRITICA,PUNT_INGLES,0,1,225,0,medio,0.3081772971740637,0.006083860941501454,0.36106561822968863,0.43192456681512426,-0.7343861550571885,Medio,59.233333333333334,1.0980392156862746,bajo
0,10,3,0,1,0,1,45,45,0,39,44,35,29,38.0,184,37.0,5.522680508593631,15.0,PUNT_MATEMATICAS,PUNT_SOCIALES_CIUDADANAS,0,1,90,0,bajo,-1.396121353430714,-0.5854026194822286,-1.4560578356898097,-1.6457012997276106,-1.1714167162671316,Bajo,7.533333333333333,0.8863636363636364,medio
1,31,5,1,1,1,1,90,120,0,60,61,47,63,58.0,289,57.8,6.300793600809345,16.0,PUNT_SOCIALES_CIUDADANAS,PUNT_C_NATURALES,1,3,210,0,medio,0.709188744375188,0.8510645472611158,-0.3084009174248634,1.1798698787705089,0.5767055285726409,Medio,74.76666666666667,0.9836065573770492,alto
1,20,3,0,0,1,1,15,180,1,57,62,63,62,53.0,302,59.4,4.277849927241487,10.0,PUNT_C_NATURALES,PUNT_INGLES,0,1,195,1,medio,0.4084301589743448,0.9355626158930772,1.2218083069283985,1.0967648441087994,0.13967496736269774,Alto,81.2,0.9193548387096774,medio
0,14,3,0,1,1,2,0,45,0,38,40,45,39,56.0,208,43.6,7.436396977031283,18.0,PUNT_INGLES,PUNT_LECTURA_CRITICA,0,2,45,0,medio,-1.4963742152309951,-0.9233948940100744,-0.49967707046902116,-0.8146509531105167,0.40189330408866364,Bajo,20.366666666666667,0.95,medio
1,16,1,0,0,0,1,0,0,0,28,34,41,44,33.0,182,36.0,6.442049363362563,16.0,PUNT_SOCIALES_CIUDADANAS,PUNT_LECTURA_CRITICA,0,0,0,0,bajo,-2.4989028332338057,-1.430383305801843,-0.8822293765573366,-0.39912577980196967,-1.6084472774770748,Bajo,6.566666666666666,0.8235294117647058,bajo
0,4,1,0,0,0,1,0,15,0,51,45,51,47,47.0,242,48.2,2.6832815729997477,6.0,PUNT_LECTURA_CRITICA,PUNT_MATEMATICAS,0,0,15,0,medio,-0.19308701182734148,-0.5009045508502672,0.07415138866345206,-0.14981067581684152,-0.38476170608923405,Bajo,43.9,1.1333333333333333,bajo
0,22,1,1,1,1,2,45,120,0,71,69,70,66,69.0,345,69.0,1.8708286933869707,5.0,PUNT_LECTURA_CRITICA,PUNT_SOCIALES_CIUDADANAS,1,3,165,0,alto,1.8119702241782794,1.5270490963168073,1.8912748425829504,1.429184982755637,1.5381727632345157,Alto,96.53333333333333,1.0289855072463767,bajo
1,20,1,0,1,0,1,45,120,1,58,68,58,64,50.0,305,59.6,6.841052550594828,18.0,PUNT_MATEMATICAS,PUNT_INGLES,0,1,165,1,medio,0.5086830207746258,1.4425510276848459,0.7436179243180041,1.2629749134322181,-0.12254336936326815,Alto,82.69999999999999,0.8529411764705882,bajo
0,6,4,1,1,1,1,120,15,0,58,67,65,58,73.0,314,64.2,6.3796551630946325,15.0,PUNT_INGLES,PUNT_LECTURA_CRITICA,1,3,135,0,alto,0.5086830207746258,1.3580529590528845,1.413084459972556,0.7643447054619619,1.8877972122024702,Alto,86.56666666666666,0.8656716417910447,alto
1,31,1,1,1,0,1,15,120,0,42,43,46,41,53.0,219,45.0,4.847679857416329,12.0,PUNT_INGLES,PUNT_SOCIALES_CIUDADANAS,1,2,135,0,medio,-1.095362768029871,-0.66990068811419,-0.40403899394694226,-0.6484408837870979,0.13967496736269774,Bajo,27.1,0.9767441860465116,bajo
0,13,2,0,1,1,1,120,15,1,54,48,43,50,46.0,243,48.2,4.147288270665544,11.0,PUNT_LECTURA_CRITICA,PUNT_C_NATURALES,0,2,135,1,medio,0.10767157357350166,-0.24741034495438285,-0.6909532235131789,0.09950442816828668,-0.4721678183312227,Bajo,44.733333333333334,1.125,medio
0,31,1,0,1,0,1,0,15,0,34,31,32,39,40.0,172,35.2,4.08656334834051,9.0,PUNT_INGLES,PUNT_MATEMATICAS,0,1,15,0,bajo,-1.8973856624321193,-1.6838775116977271,-1.7429720652560463,-0.8146509531105167,-0.9966044917831545,Bajo,3.733333333333334,1.096774193548387,bajo
0,26,2,1,1,1,2,90,180,0,46,50,54,42,50.0,241,48.4,4.560701700396551,12.0,PUNT_C_NATURALES,PUNT_SOCIALES_CIUDADANAS,1,3,270,0,medio,-0.6943513208287467,-0.07841420769045998,0.36106561822968863,-0.5653358491253885,-0.12254336936326815,Bajo,43.266666666666666,0.92,medio
1,19,3,0,1,0,1,15,45,0,46,47,45,26,46.0,207,42.0,8.972179222463181,21.0,PUNT_MATEMATICAS,PUNT_SOCIALES_CIUDADANAS,0,1,60,0,medio,-0.6943513208287467,-0.33190841358634426,-0.49967707046902116,-1.8950164037127388,-0.4721678183312227,Bajo,19.566666666666666,0.9787234042553191,medio
1,12,1,1,1,1,1,15,45,0,47,34,41,46,46.0,212,42.8,5.449770637375486,13.0,PUNT_LECTURA_CRITICA,PUNT_MATEMATICAS,1,3,60,0,medio,-0.5940984590284657,-1.430383305801843,-0.8822293765573366,-0.2329157104785509,-0.4721678183312227,Bajo,23.266666666666666,1.3823529411764706,bajo
0,15,3,1,1,1,1,45,120,0,66,61,62,54,74.0,309,63.4,7.334848328356899,20.0,PUNT_INGLES,PUNT_SOCIALES_CIUDADANAS,1,3,165,0,alto,1.3107059151768743,0.8510645472611158,1.1261702304063195,0.43192456681512426,1.975203324444459,Alto,84.8,1.0819672131147542,medio
1,2,2,0,0,1,1,90,45,0,51,66,66,56,53.0,296,58.4,7.162401831787993,15.0,PUNT_MATEMATICAS,PUNT_LECTURA_CRITICA,0,1,135,0,medio,-0.19308701182734148,1.273554890420923,1.508722536494635,0.598134636138543,0.13967496736269774,Medio,78.5,0.7727272727272727,medio
0,15,4,1,1,1,1,0,180,0,55,62,59,60,63.0,297,59.8,3.1144823004794877,8.0,PUNT_INGLES,PUNT_LECTURA_CRITICA,1,3,180,0,alto,0.2079244353737827,0.9355626158930772,0.839256000840083,0.9305547747853806,1.013736089782584,Medio,79.03333333333333,0.8870967741935484,alto
1,5,2,0,1,0,1,15,45,0,48,44,46,45,39.0,226,44.4,3.361547262794322,9.0,PUNT_LECTURA_CRITICA,PUNT_INGLES,0,1,60,0,bajo,-0.4938455972281846,-0.5854026194822286,-0.40403899394694226,-0.3160207451402603,-1.084010604025143,Bajo,32.13333333333333,1.0909090909090908,medio
0,2,1,0,0,0,1,15,45,0,50,48,45,40,31.0,223,42.8,7.5960516059331775,19.0,PUNT_LECTURA_CRITICA,PUNT_INGLES,0,0,60,0,bajo,-0.29333987362762254,-0.24741034495438285,-0.49967707046902116,-0.7315459184488072,-1.783259501961052,Bajo,30.033333333333335,1.0416666666666667,bajo
0,2,1,1,1,1,1,15,180,0,52,36,44,52,51.0,232,47.0,7.0,16.0,PUNT_LECTURA_CRITICA,PUNT_MATEMATICAS,1,3,195,0,medio,-0.09283415002706044,-1.26138716853792,-0.5953151469911,0.26571449749170545,-0.03513725712127952,Bajo,36.833333333333336,1.4444444444444444,bajo
0,5,2,1,1,1,2,45,180,0,68,61,60,61,65.0,313,63.0,3.391164991562634,8.0,PUNT_LECTURA_CRITICA,PUNT_C_NATURALES,1,3,225,0,alto,1.5112116387774364,0.8510645472611158,0.9348940773621618,1.01365980944709,1.1885483142665612,Alto,86.23333333333333,1.1147540983606556,medio
1,2,1,1,1,1,2,45,180,0,46,37,40,37,46.0,202,41.2,4.54972526643093,9.0,PUNT_LECTURA_CRITICA,PUNT_MATEMATICAS,1,3,225,0,medio,-0.6943513208287467,-1.1768890999059587,-0.9778674530794155,-0.9808610224339355,-0.4721678183312227,Bajo,16.3,1.2432432432432432,bajo
1,30,3,1,1,1,1,90,120,0,65,52,66,56,46.0,293,57.0,8.54400374531753,20.0,PUNT_C_NATURALES,PUNT_INGLES,1,3,210,0,medio,1.2104530533765931,0.0905819295734629,1.508722536494635,0.598134636138543,-0.4721678183312227,Medio,76.96666666666667,1.25,medio
0,15,3,1,1,1,2,15,120,0,44,41,38,34,49.0,200,41.2,5.718391382198319,15.0,PUNT_INGLES,PUNT_SOCIALES_CIUDADANAS,1,3,135,0,medio,-0.8948570444293088,-0.8388968253781128,-1.1691436061235732,-1.2301761264190636,-0.20994948160525678,Bajo,15.266666666666667,1.0731707317073171,medio
0,22,1,0,0,0,1,0,45,0,58,52,55,49,53.0,267,53.4,3.361547262794322,9.0,PUNT_LECTURA_CRITICA,PUNT_SOCIALES_CIUDADANAS,0,0,45,0,medio,0.5086830207746258,0.0905819295734629,0.45670369475176753,0.016399393506577285,0.13967496736269774,Medio,60.3,1.1153846153846154,bajo
1,30,1,1,1,0,2,45,120,0,59,59,50,46,54.0,268,53.6,5.683308895353129,13.0,PUNT_LECTURA_CRITICA,PUNT_SOCIALES_CIUDADANAS,1,2,165,0,medio,0.6089358825749068,0.6820684099971929,-0.02148668785862681,-0.2329157104785509,0.22708107960468638,Medio,61.16666666666667,1.0,bajo
0,11,2,0,1,1,2,120,120,0,66,51,63,75,63.0,318,63.6,8.590692637965812,24.0,PUNT_SOCIALES_CIUDADANAS,PUNT_MATEMATICAS,0,2,240,0,alto,1.3107059151768743,0.006083860941501454,1.2218083069283985,2.1771302947110214,1.013736089782584,Alto,88.03333333333333,1.2941176470588236,medio
0,31,1,1,0,0,1,90,120,0,53,47,51,49,38.0,245,47.6,5.813776741499453,15.0,PUNT_LECTURA_CRITICA,PUNT_INGLES,0,1,210,0,bajo,0.007418711773220604,-0.33190841358634426,0.07415138866345206,0.016399393506577285,-1.1714167162671316,Bajo,46.0,1.127659574468085,bajo
0,2,3,1,1,1,1,90,180,0,60,55,54,63,57.0,290,57.8,3.7013511046643495,9.0,PUNT_SOCIALES_CIUDADANAS,PUNT_C_NATURALES,1,3,270,0,medio,0.709188744375188,0.3440761354693472,0.36106561822968863,1.1798698787705089,0.48929941633065227,Medio,75.23333333333333,1.0909090909090908,medio
0,15,2,1,1,0,2,15,45,0,50,52,35,47,29.0,223,42.6,10.064790112068906,23.0,PUNT_MATEMATICAS,PUNT_INGLES,1,2,60,0,bajo,-0.29333987362762254,0.0905819295734629,-1.4560578356898097,-0.14981067581684152,-1.9580717264450294,Bajo,30.033333333333335,0.9615384615384616,medio
1,29,2,0,1,1,2,45,120,0,49,47,53,46,52.0,245,49.4,3.049590136395381,7.0,PUNT_C_NATURALES,PUNT_SOCIALES_CIUDADANAS,0,2,165,0,medio,-0.3935927354279036,-0.33190841358634426,0.2654275417076098,-0.2329157104785509,0.05226885512070911,Bajo,46.0,1.0425531914893618,medio
1,29,0,0,0,0,2,15,45,1,48,39,44,41,50.0,218,44.4,4.61519230368573,11.0,PUNT_INGLES,PUNT_MATEMATICAS,0,0,60,1,medio,-0.4938455972281846,-1.0078929626420357,-0.5953151469911,-0.6484408837870979,-0.12254336936326815,Bajo,26.566666666666666,1.2307692307692308,bajo
0,25,1,1,1,0,1,15,15,0,35,41,46,41,46.0,206,41.8,4.54972526643093,11.0,PUNT_C_NATURALES,PUNT_LECTURA_CRITICA,1,2,30,0,medio,-1.7971328006318381,-0.8388968253781128,-0.40403899394694226,-0.6484408837870979,-0.4721678183312227,Bajo,19.0,0.8536585365853658,bajo
0,6,2,1,1,1,1,15,180,0,66,65,66,70,69.0,335,67.2,2.16794833886788,5.0,PUNT_SOCIALES_CIUDADANAS,PUNT_MATEMATICAS,1,3,195,0,alto,1.3107059151768743,1.1890568217889614,1.508722536494635,1.7616051214024746,1.5381727632345157,Alto,94.19999999999999,1.0153846153846153,medio
0,26,3,1,1,1,0,45,15,0,53,53,47,55,56.0,262,52.8,3.492849839314596,9.0,PUNT_INGLES,PUNT_C_NATURALES,1,3,60,0,medio,0.007418711773220604,0.17507999820542433,-0.3084009174248634,0.5150296014768336,0.40189330408866364,Medio,56.96666666666667,1.0,medio
1,10,1,1,0,1,0,0,180,0,53,50,47,43,47.0,241,48.0,3.7416573867739413,10.0,PUNT_LECTURA_CRITICA,PUNT_SOCIALES_CIUDADANAS,0,2,180,0,medio,0.007418711773220604,-0.07841420769045998,-0.3084009174248634,-0.4822308144636791,-0.38476170608923405,Bajo,43.266666666666666,1.06,bajo
0,22,3,1,0,1,0,15,15,0,54,56,57,55,57.0,278,55.8,1.3038404810405297,3.0,PUNT_C_NATURALES,PUNT_LECTURA_CRITICA,0,2,30,0,medio,0.10767157357350166,0.42857420410130864,0.6479798477959252,0.5150296014768336,0.48929941633065227,Medio,67.80000000000001,0.9642857142857143,medio
0,7,2,1,1,1,0,0,180,0,57,52,49,42,49.0,250,49.8,5.449770637375485,15.0,PUNT_LECTURA_CRITICA,PUNT_SOCIALES_CIUDADANAS,1,3,180,0,medio,0.4084301589743448,0.0905819295734629,-0.11712476438070567,-0.5653358491253885,-0.20994948160525678,Bajo,49.6,1.0961538461538463,medio
1,13,6,0,1,0,2,0,120,1,43,38,36,31,35.0,184,36.6,4.393176527297759,12.0,PUNT_LECTURA_CRITICA,PUNT_SOCIALES_CIUDADANAS,0,1,120,1,bajo,-0.9951099062295898,-1.0923910312739973,-1.360419759167731,-1.4794912304041918,-1.4336350529930975,Bajo,7.533333333333333,1.131578947368421,alto
1,21,3,1,1,1,2,120,180,0,63,70,67,68,68.0,335,67.2,2.5884358211089573,7.0,PUNT_MATEMATICAS,PUNT_LECTURA_CRITICA,1,3,300,0,alto,1.009947329776031,1.6115471649487687,1.6043606130167138,1.5953950520790559,1.4507666509925272,Alto,94.19999999999999,0.9,medio
1,2,3,1,1,1,1,90,15,0,46,38,41,45,48.0,215,43.6,4.03732584763727,10.0,PUNT_INGLES,PUNT_MATEMATICAS,1,3,105,0,medio,-0.6943513208287467,-1.0923910312739973,-0.8822293765573366,-0.3160207451402603,-0.2973555938472454,Bajo,24.766666666666666,1.2105263157894737,medio
0,21,3,1,1,1,1,15,45,0,71,62,66,61,78.0,330,67.6,7.021395872616783,17.0,PUNT_INGLES,PUNT_SOCIALES_CIUDADANAS,1,3,60,0,alto,1.8119702241782794,0.9355626158930772,1.508722536494635,1.01365980944709,2.324827773412413,Alto,92.36666666666666,1.1451612903225807,medio
1,4,1,0,0,0,0,0,0,0,38,41,35,33,49.0,188,39.2,6.260990336999411,16.0,PUNT_INGLES,PUNT_SOCIALES_CIUDADANAS,0,0,0,0,medio,-1.4963742152309951,-0.8388968253781128,-1.4560578356898097,-1.313281161080773,-0.20994948160525678,Bajo,8.866666666666667,0.926829268292683,bajo
1,8,1,0,0,0,1,0,0,1,34,34,30,28,33.0,158,31.8,2.6832815729997477,6.0,PUNT_LECTURA_CRITICA,PUNT_SOCIALES_CIUDADANAS,0,0,0,1,bajo,-1.8973856624321193,-1.430383305801843,-1.934248218300204,-1.72880633438932,-1.6084472774770748,Bajo,0.6666666666666667,1.0,bajo
1,4,2,1,1,0,2,15,120,0,53,36,48,48,42.0,230,45.4,6.542170893518452,17.0,PUNT_LECTURA_CRITICA,PUNT_MATEMATICAS,1,2,135,0,medio,0.007418711773220604,-1.26138716853792,-0.21276284090278455,-0.06670564115513211,-0.8217922672991772,Bajo,35.333333333333336,1.4722222222222223,medio
1,2,2,1,1,1,1,15,120,0,60,60,55,58,59.0,292,58.4,2.0736441353327724,5.0,PUNT_LECTURA_CRITICA,PUNT_C_NATURALES,1,3,135,0,medio,0.709188744375188,0.7665664786291544,0.45670369475176753,0.7643447054619619,0.6641116408146295,Medio,76.33333333333333,1.0,medio
1,2,2,1,1,1,1,15,180,0,73,75,68,69,74.0,357,71.8,3.1144823004794873,7.0,PUNT_MATEMATICAS,PUNT_C_NATURALES,1,3,195,0,alto,2.0124759477788414,2.0340375081085758,1.6999986895387929,1.6785000867407651,1.975203324444459,Superior,98.33333333333333,0.9733333333333334,medio
0,11,1,0,1,0,1,15,45,0,50,51,40,41,53.0,230,47.0,6.041522986797286,13.0,PUNT_INGLES,PUNT_C_NATURALES,0,1,60,0,medio,-0.29333987362762254,0.006083860941501454,-0.9778674530794155,-0.6484408837870979,0.13967496736269774,Bajo,35.333333333333336,0.9803921568627451,bajo
0,31,1,0,0,0,1,0,0,1,52,48,49,53,51.0,253,50.6,2.0736441353327724,5.0,PUNT_SOCIALES_CIUDADANAS,PUNT_MATEMATICAS,0,0,0,1,medio,-0.09283415002706044,-0.24741034495438285,-0.11712476438070567,0.3488195321534149,-0.03513725712127952,Medio,51.26666666666667,1.0833333333333333,bajo
1,15,2,1,1,1,1,0,45,0,52,43,52,41,56.0,238,48.8,6.457553716385176,15.0,PUNT_INGLES,PUNT_SOCIALES_CIUDADANAS,1,3,45,0,medio,-0.09283415002706044,-0.66990068811419,0.16978946518553092,-0.6484408837870979,0.40189330408866364,Bajo,41.699999999999996,1.2093023255813953,medio
0,13,1,0,0,0,1,15,15,0,54,40,41,33,44.0,211,42.4,7.635443667528429,21.0,PUNT_LECTURA_CRITICA,PUNT_SOCIALES_CIUDADANAS,0,0,30,0,medio,0.10767157357350166,-0.9233948940100744,-0.8822293765573366,-1.313281161080773,-0.6469800428151999,Bajo,22.733333333333334,1.35,bajo
1,30,1,0,0,0,1,15,0,1,38,41,47,40,39.0,207,41.0,3.5355339059327378,9.0,PUNT_C_NATURALES,PUNT_LECTURA_CRITICA,0,0,15,1,bajo,-1.4963742152309951,-0.8388968253781128,-0.3084009174248634,-0.7315459184488072,-1.084010604025143,Bajo,19.566666666666666,0.926829268292683,bajo
0,2,2,1,1,1,1,120,120,0,69,51,65,58,54.0,301,59.4,7.503332592921629,18.0,PUNT_LECTURA_CRITICA,PUNT_MATEMATICAS,1,3,240,0,medio,1.6114645005777173,0.006083860941501454,1.413084459972556,0.7643447054619619,0.22708107960468638,Alto,80.7,1.3529411764705883,medio
1,4,4,1,1,0,1,120,45,0,44,43,45,27,50.0,203,41.8,8.700574693662482,23.0,PUNT_INGLES,PUNT_SOCIALES_CIUDADANAS,1,2,165,0,medio,-0.8948570444293088,-0.66990068811419,-0.49967707046902116,-1.8119113690510293,-0.12254336936326815,Bajo,17.266666666666666,1.0232558139534884,alto
1,25,1,0,1,1,2,0,45,0,54,55,49,50,38.0,255,49.2,6.760177512462229,17.0,PUNT_MATEMATICAS,PUNT_INGLES,0,2,45,0,bajo,0.10767157357350166,0.3440761354693472,-0.11712476438070567,0.09950442816828668,-1.1714167162671316,Medio,52.63333333333333,0.9818181818181818,bajo
1,10,2,1,1,1,1,15,45,0,59,56,56,59,59.0,288,57.8,1.6431676725154982,3.0,PUNT_LECTURA_CRITICA,PUNT_MATEMATICAS,1,3,60,0,medio,0.6089358825749068,0.42857420410130864,0.5523417712738464,0.8474497401236712,0.6641116408146295,Medio,74.4,1.0535714285714286,medio
1,4,2,0,1,0,0,45,45,0,44,40,39,49,55.0,220,45.4,6.6558245169174945,16.0,PUNT_INGLES,PUNT_C_NATURALES,0,1,90,0,medio,-0.8948570444293088,-0.9233948940100744,-1.0735055296014944,0.016399393506577285,0.314487191846675,Bajo,27.866666666666667,1.1,medio
1,6,2,0,0,1,1,15,15,0,43,58,39,43,58.0,233,48.2,9.093954035511725,19.0,PUNT_MATEMATICAS,PUNT_C_NATURALES,0,1,30,0,medio,-0.9951099062295898,0.5975703413652315,-1.0735055296014944,-0.4822308144636791,0.5767055285726409,Bajo,37.96666666666667,0.7413793103448276,medio
1,15,3,1,1,1,2,15,45,0,50,51,54,49,54.0,256,51.6,2.302172886644268,5.0,PUNT_C_NATURALES,PUNT_SOCIALES_CIUDADANAS,1,3,60,0,medio,-0.29333987362762254,0.006083860941501454,0.36106561822968863,0.016399393506577285,0.22708107960468638,Medio,53.233333333333334,0.9803921568627451,medio
0,26,2,1,1,1,0,0,15,0,61,76,62,65,53.0,325,63.4,8.324662155306966,23.0,PUNT_MATEMATICAS,PUNT_INGLES,1,3,15,0,medio,0.809441606175469,2.118535576740537,1.1261702304063195,1.3460799480939276,0.13967496736269774,Alto,90.46666666666667,0.8026315789473685,medio
1,28,2,1,1,1,0,15,45,0,42,47,49,46,53.0,233,47.4,4.03732584763727,11.0,PUNT_INGLES,PUNT_LECTURA_CRITICA,1,3,60,0,medio,-1.095362768029871,-0.33190841358634426,-0.11712476438070567,-0.2329157104785509,0.13967496736269774,Bajo,37.96666666666667,0.8936170212765957,medio
0,22,1,0,0,1,0,90,15,1,50,58,59,46,50.0,265,52.6,5.639148871948674,13.0,PUNT_C_NATURALES,PUNT_SOCIALES_CIUDADANAS,0,1,105,1,medio,-0.29333987362762254,0.5975703413652315,0.839256000840083,-0.2329157104785509,-0.12254336936326815,Medio,59.233333333333334,0.8620689655172413,bajo
1,12,0,0,1,0,0,0,0,0,38,38,37,47,46.0,202,41.2,4.868264577855234,10.0,PUNT_SOCIALES_CIUDADANAS,PUNT_C_NATURALES,0,1,0,0,medio,-1.4963742152309951,-1.0923910312739973,-1.264781682645652,-0.14981067581684152,-0.4721678183312227,Bajo,16.3,1.0,bajo
1,26,3,1,1,1,1,45,120,0,48,42,53,35,51.0,225,45.8,7.328028384224504,18.0,PUNT_C_NATURALES,PUNT_SOCIALES_CIUDADANAS,1,3,165,0,medio,-0.4938455972281846,-0.7543987567461514,0.2654275417076098,-1.1470710917573543,-0.03513725712127952,Bajo,31.433333333333337,1.1428571428571428,medio
0,2,2,1,1,1,1,45,120,0,42,42,43,36,53.0,208,43.2,6.1400325732035,17.0,PUNT_INGLES,PUNT_SOCIALES_CIUDADANAS,1,3,165,0,medio,-1.095362768029871,-0.7543987567461514,-0.6909532235131789,-1.0639660570956448,0.13967496736269774,Bajo,20.366666666666667,1.0,medio
1,22,3,1,0,1,1,45,45,0,42,57,51,32,38.0,225,44.0,10.024968827881711,25.0,PUNT_MATEMATICAS,PUNT_SOCIALES_CIUDADANAS,0,2,90,0,bajo,-1.095362768029871,0.51307227273327,0.07415138866345206,-1.3963861957424824,-1.1714167162671316,Bajo,31.433333333333337,0.7368421052631579,medio
1,22,3,1,1,1,1,90,15,0,48,72,71,63,65.0,318,63.8,9.628083921528727,24.0,PUNT_MATEMATICAS,PUNT_LECTURA_CRITICA,1,3,105,0,alto,-0.4938455972281846,1.7805433022126915,1.9869129191050294,1.1798698787705089,1.1885483142665612,Alto,88.03333333333333,0.6666666666666666,medio
1,13,1,0,1,0,1,90,120,0,58,62,55,44,51.0,272,54.0,6.892024376045111,18.0,PUNT_MATEMATICAS,PUNT_SOCIALES_CIUDADANAS,0,1,210,0,medio,0.5086830207746258,0.9355626158930772,0.45670369475176753,-0.39912577980196967,-0.03513725712127952,Medio,63.7,0.9354838709677419,bajo
1,2,1,0,0,0,0,15,0,0,61,66,56,63,59.0,307,61.0,3.8078865529319543,10.0,PUNT_MATEMATICAS,PUNT_C_NATURALES,0,0,15,0,medio,0.809441606175469,1.273554890420923,0.5523417712738464,1.1798698787705089,0.6641116408146295,Alto,83.96666666666667,0.9242424242424242,bajo
1,15,2,1,1,1,0,15,45,0,46,60,51,56,48.0,264,52.2,5.761944116355173,14.0,PUNT_MATEMATICAS,PUNT_LECTURA_CRITICA,1,3,60,0,medio,-0.6943513208287467,0.7665664786291544,0.07415138866345206,0.598134636138543,-0.2973555938472454,Medio,58.666666666666664,0.7666666666666667,medio
1,23,2,0,0,0,1,15,120,0,61,63,59,51,57.0,292,58.2,4.604345773288536,12.0,PUNT_MATEMATICAS,PUNT_SOCIALES_CIUDADANAS,0,0,135,0,medio,0.809441606175469,1.0200606845250386,0.839256000840083,0.18260946282999607,0.48929941633065227,Medio,76.33333333333333,0.9682539682539683,medio
1,20,2,1,1,1,1,15,15,0,69,69,58,62,67.0,323,65.0,4.847679857416329,11.0,PUNT_LECTURA_CRITICA,PUNT_C_NATURALES,1,3,30,0,alto,1.6114645005777173,1.5270490963168073,0.7436179243180041,1.0967648441087994,1.3633605387505385,Alto,89.86666666666666,1.0,medio
0,15,2,1,1,1,1,45,120,0,52,53,54,54,54.0,267,53.4,0.8944271909999159,2.0,PUNT_C_NATURALES,PUNT_LECTURA_CRITICA,1,3,165,0,medio,-0.09283415002706044,0.17507999820542433,0.36106561822968863,0.43192456681512426,0.22708107960468638,Medio,60.3,0.9811320754716981,medio
0,20,1,0,0,0,2,90,0,1,41,41,47,26,40.0,194,39.0,7.7781745930520225,21.0,PUNT_C_NATURALES,PUNT_SOCIALES_CIUDADANAS,0,0,90,1,bajo,-1.195615629830152,-0.8388968253781128,-0.3084009174248634,-1.8950164037127388,-0.9966044917831545,Bajo,12.4,1.0,bajo
1,22,1,0,1,0,1,15,15,0,54,50,44,37,45.0,231,46.0,6.442049363362563,17.0,PUNT_LECTURA_CRITICA,PUNT_SOCIALES_CIUDADANAS,0,1,30,0,medio,0.10767157357350166,-0.07841420769045998,-0.5953151469911,-0.9808610224339355,-0.5595739305732113,Bajo,36.0,1.08,bajo
0,11,1,0,0,0,1,45,45,1,60,59,59,56,58.0,292,58.4,1.51657508881031,4.0,PUNT_LECTURA_CRITICA,PUNT_SOCIALES_CIUDADANAS,0,0,90,1,medio,0.709188744375188,0.6820684099971929,0.839256000840083,0.598134636138543,0.5767055285726409,Medio,76.33333333333333,1.0169491525423728,bajo
1,15,3,1,1,1,1,0,15,0,45,43,42,33,44.0,205,41.4,4.827007354458868,12.0,PUNT_LECTURA_CRITICA,PUNT_SOCIALES_CIUDADANAS,1,3,15,0,medio,-0.7946041826290278,-0.66990068811419,-0.7865913000352577,-1.313281161080773,-0.6469800428151999,Bajo,18.566666666666666,1.0465116279069768,medio
1,5,1,0,0,0,1,15,15,1,39,41,48,30,46.0,200,40.8,7.049822692805827,18.0,PUNT_C_NATURALES,PUNT_SOCIALES_CIUDADANAS,0,0,30,1,medio,-1.396121353430714,-0.8388968253781128,-0.21276284090278455,-1.5625962650659013,-0.4721678183312227,Bajo,15.266666666666667,0.9512195121951219,bajo
0,4,3,1,1,1,1,90,120,0,66,76,68,67,81.0,351,71.6,6.58027355054484,15.0,PUNT_INGLES,PUNT_LECTURA_CRITICA,1,3,210,0,alto,1.3107059151768743,2.118535576740537,1.6999986895387929,1.5122900174173464,2.5870461101383793,Superior,97.13333333333334,0.868421052631579,medio
1,28,2,1,1,1,1,15,180,1,50,55,45,54,51.0,255,51.0,3.9370039370059056,10.0,PUNT_MATEMATICAS,PUNT_C_NATURALES,1,3,195,1,medio,-0.29333987362762254,0.3440761354693472,-0.49967707046902116,0.43192456681512426,-0.03513725712127952,Medio,52.63333333333333,0.9090909090909091,medio
0,7,3,0,1,0,2,45,45,1,47,44,51,47,47.0,236,47.2,2.489979919597747,7.0,PUNT_C_NATURALES,PUNT_MATEMATICAS,0,1,90,1,medio,-0.5940984590284657,-0.5854026194822286,0.07415138866345206,-0.14981067581684152,-0.38476170608923405,Bajo,40.13333333333333,1.0681818181818181,medio
0,18,1,0,0,0,1,0,15,0,44,50,47,34,39.0,217,42.8,6.379655163094632,16.0,PUNT_MATEMATICAS,PUNT_SOCIALES_CIUDADANAS,0,0,15,0,bajo,-0.8948570444293088,-0.07841420769045998,-0.3084009174248634,-1.2301761264190636,-1.084010604025143,Bajo,25.900000000000002,0.88,bajo
1,9,2,1,1,1,2,90,45,0,58,53,52,48,49.0,262,52.0,3.9370039370059056,10.0,PUNT_LECTURA_CRITICA,PUNT_SOCIALES_CIUDADANAS,1,3,135,0,medio,0.5086830207746258,0.17507999820542433,0.16978946518553092,-0.06670564115513211,-0.20994948160525678,Medio,56.96666666666667,1.0943396226415094,medio
0,25,2,0,0,0,1,15,15,0,46,47,42,42,38.0,219,43.0,3.605551275463989,9.0,PUNT_MATEMATICAS,PUNT_INGLES,0,0,30,0,bajo,-0.6943513208287467,-0.33190841358634426,-0.7865913000352577,-0.5653358491253885,-1.1714167162671316,Bajo,27.1,0.9787234042553191,medio
1,31,2,1,1,1,2,45,120,0,45,47,40,41,41.0,215,42.8,3.03315017762062,7.0,PUNT_MATEMATICAS,PUNT_C_NATURALES,1,3,165,0,medio,-0.7946041826290278,-0.33190841358634426,-0.9778674530794155,-0.6484408837870979,-0.9091983795411658,Bajo,24.766666666666666,0.9574468085106383,medio
1,15,2,1,1,1,1,45,180,0,53,55,50,53,58.0,266,53.8,2.9495762407505253,8.0,PUNT_INGLES,PUNT_C_NATURALES,1,3,225,0,medio,0.007418711773220604,0.3440761354693472,-0.02148668785862681,0.3488195321534149,0.5767055285726409,Medio,59.73333333333334,0.9636363636363636,medio
1,6,1,0,1,0,1,15,45,1,61,69,67,69,58.0,329,64.8,5.019960159204453,11.0,PUNT_MATEMATICAS,PUNT_INGLES,0,1,60,1,medio,0.809441606175469,1.5270490963168073,1.6043606130167138,1.6785000867407651,0.5767055285726409,Alto,91.93333333333334,0.8840579710144928,bajo
1,15,4,1,1,1,1,15,45,0,60,59,62,64,53.0,303,59.6,4.159326868617084,11.0,PUNT_SOCIALES_CIUDADANAS,PUNT_INGLES,1,3,60,0,medio,0.709188744375188,0.6820684099971929,1.1261702304063195,1.2629749134322181,0.13967496736269774,Alto,81.8,1.0169491525423728,alto
1,10,3,1,1,1,1,15,45,0,49,42,48,40,43.0,223,44.4,3.9115214431215892,9.0,PUNT_LECTURA_CRITICA,PUNT_SOCIALES_CIUDADANAS,1,3,60,0,medio,-0.3935927354279036,-0.7543987567461514,-0.21276284090278455,-0.7315459184488072,-0.7343861550571885,Bajo,30.033333333333335,1.1666666666666667,medio
0,4,2,1,1,1,1,45,120,0,47,37,40,37,45.0,203,41.2,4.604345773288535,10.0,PUNT_LECTURA_CRITICA,PUNT_MATEMATICAS,1,3,165,0,medio,-0.5940984590284657,-1.1768890999059587,-0.9778674530794155,-0.9808610224339355,-0.5595739305732113,Bajo,17.266666666666666,1.2702702702702702,medio
1,23,1,0,1,0,1,15,15,0,53,65,62,46,55.0,282,56.2,7.52994023880668,19.0,PUNT_MATEMATICAS,PUNT_SOCIALES_CIUDADANAS,0,1,30,0,medio,0.007418711773220604,1.1890568217889614,1.1261702304063195,-0.2329157104785509,0.314487191846675,Medio,70.5,0.8153846153846154,bajo
0,4,1,0,0,0,1,90,180,0,60,50,52,51,50.0,265,52.6,4.219004621945797,10.0,PUNT_LECTURA_CRITICA,PUNT_MATEMATICAS,0,0,270,0,medio,0.709188744375188,-0.07841420769045998,0.16978946518553092,0.18260946282999607,-0.12254336936326815,Medio,59.233333333333334,1.2,bajo
0,28,3,0,0,0,2,0,15,0,44,43,40,30,51.0,201,41.6,7.635443667528429,21.0,PUNT_INGLES,PUNT_SOCIALES_CIUDADANAS,0,0,15,0,medio,-0.8948570444293088,-0.66990068811419,-0.9778674530794155,-1.5625962650659013,-0.03513725712127952,Bajo,15.833333333333332,1.0232558139534884,medio
0,15,2,0,1,1,1,0,120,0,50,45,42,40,32.0,217,41.8,6.648308055437865,18.0,PUNT_LECTURA_CRITICA,PUNT_INGLES,0,2,120,0,bajo,-0.29333987362762254,-0.5009045508502672,-0.7865913000352577,-0.7315459184488072,-1.6958533897190635,Bajo,25.900000000000002,1.1111111111111112,medio
0,10,1,0,1,1,2,15,45,1,64,64,54,65,55.0,306,60.4,5.412947441089743,11.0,PUNT_SOCIALES_CIUDADANAS,PUNT_C_NATURALES,0,2,60,1,medio,1.110200191576312,1.104558753157,0.36106561822968863,1.3460799480939276,0.314487191846675,Alto,83.46666666666667,1.0,bajo
0,31,2,1,1,1,1,15,15,0,50,43,43,45,51.0,228,46.4,3.847076812334269,8.0,PUNT_INGLES,PUNT_MATEMATICAS,1,3,30,0,medio,-0.29333987362762254,-0.66990068811419,-0.6909532235131789,-0.3160207451402603,-0.03513725712127952,Bajo,34.03333333333333,1.1627906976744187,medio
1,14,3,1,1,1,1,0,180,0,57,59,54,55,57.0,282,56.4,1.9493588689617927,5.0,PUNT_MATEMATICAS,PUNT_C_NATURALES,1,3,180,0,medio,0.4084301589743448,0.6820684099971929,0.36106561822968863,0.5150296014768336,0.48929941633065227,Medio,70.5,0.9661016949152542,medio
1,2,2,1,1,1,0,15,120,0,68,72,67,72,73.0,350,70.4,2.701851217221259,6.0,PUNT_INGLES,PUNT_C_NATURALES,1,3,135,0,alto,1.5112116387774364,1.7805433022126915,1.6043606130167138,1.9278151907258934,1.8877972122024702,Alto,96.96666666666667,0.9444444444444444,medio
1,24,1,0,0,0,0,0,15,0,36,56,51,33,32.0,215,41.6,11.104053313993049,24.0,PUNT_MATEMATICAS,PUNT_INGLES,0,0,15,0,bajo,-1.6968799388315572,0.42857420410130864,0.07415138866345206,-1.313281161080773,-1.6958533897190635,Bajo,24.766666666666666,0.6428571428571429,bajo
0,14,3,1,1,1,1,15,180,0,33,44,34,34,38.0,182,36.6,4.560701700396551,11.0,PUNT_MATEMATICAS,PUNT_LECTURA_CRITICA,1,3,195,0,bajo,-1.9976385242324004,-0.5854026194822286,-1.5516959122118887,-1.2301761264190636,-1.1714167162671316,Bajo,6.566666666666666,0.75,medio
0,23,1,0,0,1,1,0,15,0,51,28,39,34,32.0,188,36.8,8.87130204648675,23.0,PUNT_LECTURA_CRITICA,PUNT_MATEMATICAS,0,1,15,0,bajo,-0.19308701182734148,-1.9373717175936116,-1.0735055296014944,-1.2301761264190636,-1.6958533897190635,Bajo,8.866666666666667,1.8214285714285714,bajo
0,4,1,0,1,1,1,45,15,0,44,41,41,41,41.0,208,41.6,1.341640786499874,3.0,PUNT_LECTURA_CRITICA,PUNT_MATEMATICAS,0,2,60,0,medio,-0.8948570444293088,-0.8388968253781128,-0.8822293765573366,-0.6484408837870979,-0.9091983795411658,Bajo,20.366666666666667,1.0731707317073171,bajo
0,22,1,0,0,0,1,15,45,0,68,65,66,67,59.0,330,65.0,3.5355339059327378,9.0,PUNT_LECTURA_CRITICA,PUNT_INGLES,0,0,60,0,medio,1.5112116387774364,1.1890568217889614,1.508722536494635,1.5122900174173464,0.6641116408146295,Alto,92.36666666666666,1.0461538461538462,bajo
0,21,1,0,0,0,0,45,45,0,54,60,62,61,61.0,297,59.6,3.209361307176242,8.0,PUNT_C_NATURALES,PUNT_LECTURA_CRITICA,0,0,90,0,alto,0.10767157357350166,0.7665664786291544,1.1261702304063195,1.01365980944709,0.8389238652986067,Medio,79.03333333333333,0.9,bajo
1,31,2,1,1,1,1,0,15,0,42,55,54,53,55.0,257,51.8,5.540758070878028,13.0,PUNT_MATEMATICAS,PUNT_LECTURA_CRITICA,1,3,15,0,medio,-1.095362768029871,0.3440761354693472,0.36106561822968863,0.3488195321534149,0.314487191846675,Medio,53.733333333333334,0.7636363636363637,medio
1,4,4,1,1,1,1,90,180,0,71,74,68,65,80.0,352,71.6,5.770615218501403,15.0,PUNT_INGLES,PUNT_SOCIALES_CIUDADANAS,1,3,270,0,alto,1.8119702241782794,1.9495394394766143,1.6999986895387929,1.3460799480939276,2.4996399978963906,Superior,97.3,0.9594594594594594,alto
1,20,4,0,1,0,1,45,45,1,41,39,39,29,50.0,190,39.6,7.469939758793239,21.0,PUNT_INGLES,PUNT_SOCIALES_CIUDADANAS,0,1,90,1,medio,-1.195615629830152,-1.0078929626420357,-1.0735055296014944,-1.6457012997276106,-0.12254336936326815,Bajo,9.966666666666667,1.0512820512820513,alto
0,14,3,1,1,1,1,0,45,0,52,55,52,48,50.0,258,51.4,2.6076809620810595,7.0,PUNT_MATEMATICAS,PUNT_SOCIALES_CIUDADANAS,1,3,45,0,medio,-0.09283415002706044,0.3440761354693472,0.16978946518553092,-0.06670564115513211,-0.12254336936326815,Medio,54.400000000000006,0.9454545454545454,medio
0,31,2,1,1,1,2,15,120,0,58,53,57,48,59.0,272,55.0,4.527692569068709,11.0,PUNT_INGLES,PUNT_SOCIALES_CIUDADANAS,1,3,135,0,medio,0.5086830207746258,0.17507999820542433,0.6479798477959252,-0.06670564115513211,0.6641116408146295,Medio,63.7,1.0943396226415094,medio
1,13,1,0,1,0,1,15,120,1,47,53,45,41,48.0,233,46.8,4.381780460041329,12.0,PUNT_MATEMATICAS,PUNT_SOCIALES_CIUDADANAS,0,1,135,1,medio,-0.5940984590284657,0.17507999820542433,-0.49967707046902116,-0.6484408837870979,-0.2973555938472454,Bajo,37.96666666666667,0.8867924528301887,bajo
1,5,1,0,1,0,1,15,15,1,50,51,53,53,48.0,257,51.0,2.1213203435596424,5.0,PUNT_C_NATURALES,PUNT_INGLES,0,1,30,1,medio,-0.29333987362762254,0.006083860941501454,0.2654275417076098,0.3488195321534149,-0.2973555938472454,Medio,53.733333333333334,0.9803921568627451,bajo
1,26,5,1,1,1,1,45,45,1,54,62,59,64,58.0,298,59.4,3.847076812334269,10.0,PUNT_SOCIALES_CIUDADANAS,PUNT_LECTURA_CRITICA,1,3,90,1,medio,0.10767157357350166,0.9355626158930772,0.839256000840083,1.2629749134322181,0.5767055285726409,Medio,79.63333333333334,0.8709677419354839,alto
1,30,3,1,1,0,1,15,15,0,51,59,57,53,55.0,275,55.0,3.1622776601683795,8.0,PUNT_MATEMATICAS,PUNT_LECTURA_CRITICA,1,2,30,0,medio,-0.19308701182734148,0.6820684099971929,0.6479798477959252,0.3488195321534149,0.314487191846675,Medio,65.36666666666666,0.864406779661017,medio
1,25,2,1,1,1,1,45,180,1,65,58,65,62,61.0,312,62.2,2.949576240750525,7.0,PUNT_LECTURA_CRITICA,PUNT_MATEMATICAS,1,3,225,1,alto,1.2104530533765931,0.5975703413652315,1.413084459972556,1.0967648441087994,0.8389238652986067,Alto,85.83333333333333,1.1206896551724137,medio
1,15,2,1,1,1,1,0,120,0,60,55,44,52,43.0,260,50.8,7.259476565152614,17.0,PUNT_LECTURA_CRITICA,PUNT_INGLES,1,3,120,0,medio,0.709188744375188,0.3440761354693472,-0.5953151469911,0.26571449749170545,-0.7343861550571885,Medio,55.766666666666666,1.0909090909090908,medio
0,4,2,1,1,1,1,15,15,0,44,47,50,41,42.0,226,44.8,3.7013511046643495,9.0,PUNT_C_NATURALES,PUNT_SOCIALES_CIUDADANAS,1,3,30,0,medio,-0.8948570444293088,-0.33190841358634426,-0.02148668785862681,-0.6484408837870979,-0.8217922672991772,Bajo,32.13333333333333,0.9361702127659575,medio
0,15,4,1,1,1,1,90,180,0,61,45,57,56,64.0,277,56.6,7.231873892705818,19.0,PUNT_INGLES,PUNT_MATEMATICAS,1,3,270,0,alto,0.809441606175469,-0.5009045508502672,0.6479798477959252,0.598134636138543,1.1011422020245727,Medio,66.73333333333333,1.3555555555555556,alto
0,15,3,1,1,1,1,45,180,0,54,53,57,59,54.0,278,55.4,2.5099800796022267,6.0,PUNT_SOCIALES_CIUDADANAS,PUNT_MATEMATICAS,1,3,225,0,medio,0.10767157357350166,0.17507999820542433,0.6479798477959252,0.8474497401236712,0.22708107960468638,Medio,67.80000000000001,1.0188679245283019,medio
0,28,3,0,1,0,1,45,15,1,54,38,39,32,47.0,206,42.0,8.573214099741124,22.0,PUNT_LECTURA_CRITICA,PUNT_SOCIALES_CIUDADANAS,0,1,60,1,medio,0.10767157357350166,-1.0923910312739973,-1.0735055296014944,-1.3963861957424824,-0.38476170608923405,Bajo,19.0,1.4210526315789473,medio
0,31,3,1,1,0,0,120,120,0,64,69,53,51,74.0,302,62.2,9.984988733093292,23.0,PUNT_INGLES,PUNT_SOCIALES_CIUDADANAS,1,2,240,0,alto,1.110200191576312,1.5270490963168073,0.2654275417076098,0.18260946282999607,1.975203324444459,Alto,81.2,0.927536231884058,medio
0,10,2,0,1,0,1,0,120,0,58,60,47,53,52.0,272,54.0,5.1478150704935,13.0,PUNT_MATEMATICAS,PUNT_C_NATURALES,0,1,120,0,medio,0.5086830207746258,0.7665664786291544,-0.3084009174248634,0.3488195321534149,0.05226885512070911,Medio,63.7,0.9666666666666667,medio
1,24,1,0,0,0,0,15,45,0,57,69,52,56,62.0,294,59.2,6.534523701081816,17.0,PUNT_MATEMATICAS,PUNT_C_NATURALES,0,0,60,0,alto,0.4084301589743448,1.5270490963168073,0.16978946518553092,0.598134636138543,0.9263299775405954,Medio,77.46666666666667,0.8260869565217391,bajo
0,2,2,1,1,1,1,90,120,0,44,43,44,48,48.0,225,45.4,2.4083189157584592,5.0,PUNT_SOCIALES_CIUDADANAS,PUNT_MATEMATICAS,1,3,210,0,medio,-0.8948570444293088,-0.66990068811419,-0.5953151469911,-0.06670564115513211,-0.2973555938472454,Bajo,31.433333333333337,1.0232558139534884,medio
1,28,2,1,1,1,1,90,45,0,56,44,51,45,50.0,245,49.2,4.868264577855235,12.0,PUNT_LECTURA_CRITICA,PUNT_MATEMATICAS,1,3,135,0,medio,0.3081772971740637,-0.5854026194822286,0.07415138866345206,-0.3160207451402603,-0.12254336936326815,Bajo,46.0,1.2727272727272727,medio
0,2,4,1,1,1,1,15,180,0,66,54,63,51,61.0,293,59.0,6.284902544988268,15.0,PUNT_LECTURA_CRITICA,PUNT_SOCIALES_CIUDADANAS,1,3,195,0,alto,1.3107059151768743,0.25957806683738577,1.2218083069283985,0.18260946282999607,0.8389238652986067,Medio,76.96666666666667,1.2222222222222223,alto
0,4,3,1,1,1,1,45,120,0,57,46,44,43,68.0,245,51.6,10.737783756436894,25.0,PUNT_INGLES,PUNT_SOCIALES_CIUDADANAS,1,3,165,0,alto,0.4084301589743448,-0.41640648221830573,-0.5953151469911,-0.4822308144636791,1.4507666509925272,Bajo,46.0,1.2391304347826086,medio
0,15,3,1,1,1,1,90,120,0,68,48,51,55,50.0,275,54.4,8.018728078691783,20.0,PUNT_LECTURA_CRITICA,PUNT_MATEMATICAS,1,3,210,0,medio,1.5112116387774364,-0.24741034495438285,0.07415138866345206,0.5150296014768336,-0.12254336936326815,Medio,65.36666666666666,1.4166666666666667,medio
1,8,2,0,0,0,1,90,15,0,59,62,64,60,57.0,305,60.4,2.701851217221259,7.0,PUNT_C_NATURALES,PUNT_INGLES,0,0,105,0,medio,0.6089358825749068,0.9355626158930772,1.3174463834504773,0.9305547747853806,0.48929941633065227,Alto,82.69999999999999,0.9516129032258065,medio
1,6,1,0,1,0,1,15,0,0,54,65,59,54,57.0,290,57.8,4.54972526643093,11.0,PUNT_MATEMATICAS,PUNT_LECTURA_CRITICA,0,1,15,0,medio,0.10767157357350166,1.1890568217889614,0.839256000840083,0.43192456681512426,0.48929941633065227,Medio,75.23333333333333,0.8307692307692308,bajo
1,10,4,1,1,1,1,90,120,0,73,78,75,76,81.0,380,76.6,3.049590136395381,8.0,PUNT_INGLES,PUNT_LECTURA_CRITICA,1,3,210,0,alto,2.0124759477788414,2.28753171400446,2.369465225193345,2.260235329372731,2.5870461101383793,Superior,99.66666666666667,0.9358974358974359,alto
1,2,5,1,1,1,2,45,180,0,61,75,66,60,70.0,329,66.4,6.268971207462992,15.0,PUNT_MATEMATICAS,PUNT_SOCIALES_CIUDADANAS,1,3,225,0,alto,0.809441606175469,2.0340375081085758,1.508722536494635,0.9305547747853806,1.6255788754765044,Alto,91.93333333333334,0.8133333333333334,alto
1,28,5,1,1,1,2,0,45,0,65,73,66,64,70.0,336,67.6,3.7815340802378072,9.0,PUNT_MATEMATICAS,PUNT_SOCIALES_CIUDADANAS,1,3,45,0,alto,1.2104530533765931,1.865041370844653,1.508722536494635,1.2629749134322181,1.6255788754765044,Alto,94.69999999999999,0.8904109589041096,alto
0,13,0,0,1,0,1,0,15,0,41,31,35,39,37.0,183,36.6,3.8470768123342687,10.0,PUNT_LECTURA_CRITICA,PUNT_MATEMATICAS,0,1,15,0,bajo,-1.195615629830152,-1.6838775116977271,-1.4560578356898097,-0.8146509531105167,-1.2588228285091203,Bajo,7.1,1.3225806451612903,bajo
1,10,1,0,0,0,1,0,0,0,56,48,40,52,43.0,243,47.8,6.496152707564685,16.0,PUNT_LECTURA_CRITICA,PUNT_C_NATURALES,0,0,0,0,medio,0.3081772971740637,-0.24741034495438285,-0.9778674530794155,0.26571449749170545,-0.7343861550571885,Bajo,44.733333333333334,1.1666666666666667,bajo
1,2,2,1,1,1,1,15,120,0,52,49,50,37,54.0,238,48.4,6.6558245169174945,17.0,PUNT_INGLES,PUNT_SOCIALES_CIUDADANAS,1,3,135,0,medio,-0.09283415002706044,-0.16291227632242142,-0.02148668785862681,-0.9808610224339355,0.22708107960468638,Bajo,41.699999999999996,1.0612244897959184,medio
1,15,3,1,1,1,1,45,120,0,61,41,43,47,61.0,245,50.6,9.73652915571047,20.0,PUNT_LECTURA_CRITICA,PUNT_MATEMATICAS,1,3,165,0,alto,0.809441606175469,-0.8388968253781128,-0.6909532235131789,-0.14981067581684152,0.8389238652986067,Bajo,46.0,1.4878048780487805,medio
0,14,2,0,1,0,1,15,0,1,52,58,51,55,52.0,269,53.6,2.8809720581775866,7.0,PUNT_MATEMATICAS,PUNT_C_NATURALES,0,1,15,1,medio,-0.09283415002706044,0.5975703413652315,0.07415138866345206,0.5150296014768336,0.05226885512070911,Medio,61.9,0.896551724137931,medio
0,30,1,1,1,1,1,0,180,0,64,52,56,57,50.0,283,55.8,5.403702434442518,14.0,PUNT_LECTURA_CRITICA,PUNT_INGLES,1,3,180,0,medio,1.110200191576312,0.0905819295734629,0.5523417712738464,0.6812396708002525,-0.12254336936326815,Medio,71.46666666666667,1.2307692307692308,bajo
1,23,2,0,1,0,0,45,45,0,46,52,48,48,48.0,242,48.4,2.1908902300206647,6.0,PUNT_MATEMATICAS,PUNT_LECTURA_CRITICA,0,1,90,0,medio,-0.6943513208287467,0.0905819295734629,-0.21276284090278455,-0.06670564115513211,-0.2973555938472454,Bajo,43.9,0.8846153846153846,medio
1,4,1,0,1,0,1,120,45,0,53,49,51,54,46.0,257,50.6,3.2093613071762426,8.0,PUNT_SOCIALES_CIUDADANAS,PUNT_INGLES,0,1,165,0,medio,0.007418711773220604,-0.16291227632242142,0.07415138866345206,0.43192456681512426,-0.4721678183312227,Medio,53.733333333333334,1.0816326530612246,bajo
0,4,3,1,1,0,1,0,120,0,60,46,49,41,57.0,248,50.6,7.829431652425353,19.0,PUNT_LECTURA_CRITICA,PUNT_SOCIALES_CIUDADANAS,1,2,120,0,medio,0.709188744375188,-0.41640648221830573,-0.11712476438070567,-0.6484408837870979,0.48929941633065227,Bajo,48.3,1.3043478260869565,medio
1,15,3,0,1,1,0,45,45,0,58,61,62,63,61.0,305,61.0,1.8708286933869707,5.0,PUNT_SOCIALES_CIUDADANAS,PUNT_LECTURA_CRITICA,0,2,90,0,alto,0.5086830207746258,0.8510645472611158,1.1261702304063195,1.1798698787705089,0.8389238652986067,Alto,82.69999999999999,0.9508196721311475,medio
0,19,1,1,0,1,1,90,45,0,48,42,41,32,45.0,205,41.6,6.024948132556827,16.0,PUNT_LECTURA_CRITICA,PUNT_SOCIALES_CIUDADANAS,0,2,135,0,medio,-0.4938455972281846,-0.7543987567461514,-0.8822293765573366,-1.3963861957424824,-0.5595739305732113,Bajo,18.566666666666666,1.1428571428571428,bajo
0,31,2,1,1,1,1,15,45,0,46,41,45,39,51.0,217,44.4,4.6690470119715,12.0,PUNT_INGLES,PUNT_SOCIALES_CIUDADANAS,1,3,60,0,medio,-0.6943513208287467,-0.8388968253781128,-0.49967707046902116,-0.8146509531105167,-0.03513725712127952,Bajo,25.900000000000002,1.1219512195121952,medio
0,25,3,1,1,1,1,0,45,0,57,52,49,55,57.0,268,54.0,3.4641016151377544,8.0,PUNT_LECTURA_CRITICA,PUNT_C_NATURALES,1,3,45,0,medio,0.4084301589743448,0.0905819295734629,-0.11712476438070567,0.5150296014768336,0.48929941633065227,Medio,61.16666666666667,1.0961538461538463,medio
0,11,1,0,1,1,1,120,180,0,32,31,47,32,53.0,184,39.0,10.27131929208707,22.0,PUNT_INGLES,PUNT_MATEMATICAS,0,2,300,0,medio,-2.0978913860326815,-1.6838775116977271,-0.3084009174248634,-1.3963861957424824,0.13967496736269774,Bajo,7.533333333333333,1.032258064516129,bajo
0,20,1,1,1,1,1,120,120,0,71,64,61,63,63.0,323,64.4,3.8470768123342687,10.0,PUNT_LECTURA_CRITICA,PUNT_C_NATURALES,1,3,240,0,alto,1.8119702241782794,1.104558753157,1.0305321538842407,1.1798698787705089,1.013736089782584,Alto,89.86666666666666,1.109375,bajo
0,15,2,1,1,1,1,0,15,0,50,42,43,40,49.0,221,44.8,4.43846820423443,10.0,PUNT_LECTURA_CRITICA,PUNT_SOCIALES_CIUDADANAS,1,3,15,0,medio,-0.29333987362762254,-0.7543987567461514,-0.6909532235131789,-0.7315459184488072,-0.20994948160525678,Bajo,28.733333333333334,1.1904761904761905,medio
0,31,4,1,1,0,2,15,45,0,57,57,58,54,57.0,283,56.6,1.51657508881031,4.0,PUNT_C_NATURALES,PUNT_SOCIALES_CIUDADANAS,1,2,60,0,medio,0.4084301589743448,0.51307227273327,0.7436179243180041,0.43192456681512426,0.48929941633065227,Medio,71.46666666666667,1.0,alto
0,6,2,1,1,1,1,45,15,0,60,55,48,55,61.0,275,55.8,5.167204273105526,13.0,PUNT_INGLES,PUNT_C_NATURALES,1,3,60,0,alto,0.709188744375188,0.3440761354693472,-0.21276284090278455,0.5150296014768336,0.8389238652986067,Medio,65.36666666666666,1.0909090909090908,medio
1,25,4,1,0,1,2,15,120,0,67,67,59,53,47.0,302,58.6,8.763560920082657,20.0,PUNT_LECTURA_CRITICA,PUNT_INGLES,0,2,135,0,medio,1.4109587769771552,1.3580529590528845,0.839256000840083,0.3488195321534149,-0.38476170608923405,Alto,81.2,1.0,alto
1,5,1,1,1,1,2,0,45,0,47,37,49,47,49.0,227,45.8,5.019960159204454,12.0,PUNT_C_NATURALES,PUNT_MATEMATICAS,1,3,45,0,medio,-0.5940984590284657,-1.1768890999059587,-0.11712476438070567,-0.14981067581684152,-0.20994948160525678,Bajo,33.0,1.2702702702702702,bajo
0,2,1,0,1,0,1,15,45,0,50,39,36,37,43.0,203,41.0,5.70087712549569,14.0,PUNT_LECTURA_CRITICA,PUNT_C_NATURALES,0,1,60,0,medio,-0.29333987362762254,-1.0078929626420357,-1.360419759167731,-0.9808610224339355,-0.7343861550571885,Bajo,17.266666666666666,1.2820512820512822,bajo
1,5,2,0,1,0,1,0,15,0,58,20,41,59,36.0,219,42.8,16.300306745579974,39.0,PUNT_SOCIALES_CIUDADANAS,PUNT_MATEMATICAS,0,1,15,0,bajo,0.5086830207746258,-2.613356266649303,-0.8822293765573366,0.8474497401236712,-1.346228940751109,Bajo,27.1,2.9,medio
0,12,4,0,1,0,1,90,45,0,35,26,40,34,42.0,172,35.4,6.2289646009589745,16.0,PUNT_INGLES,PUNT_MATEMATICAS,0,1,135,0,medio,-1.7971328006318381,-2.106367854857534,-0.9778674530794155,-1.2301761264190636,-0.8217922672991772,Bajo,3.733333333333334,1.3461538461538463,alto
0,2,1,0,0,0,2,0,120,1,35,26,29,38,33.0,160,32.2,4.764451699828638,12.0,PUNT_SOCIALES_CIUDADANAS,PUNT_MATEMATICAS,0,0,120,1,bajo,-1.7971328006318381,-2.106367854857534,-2.029886294822283,-0.8977559877722261,-1.6084472774770748,Bajo,0.8333333333333334,1.3461538461538463,bajo
0,13,1,0,1,0,1,15,180,1,51,43,46,45,53.0,234,47.6,4.219004621945797,10.0,PUNT_INGLES,PUNT_MATEMATICAS,0,1,195,1,medio,-0.19308701182734148,-0.66990068811419,-0.40403899394694226,-0.3160207451402603,0.13967496736269774,Bajo,38.9,1.186046511627907,bajo
0,19,2,0,1,1,1,15,15,0,52,44,45,47,44.0,234,46.4,3.361547262794322,8.0,PUNT_LECTURA_CRITICA,PUNT_MATEMATICAS,0,2,30,0,medio,-0.09283415002706044,-0.5854026194822286,-0.49967707046902116,-0.14981067581684152,-0.6469800428151999,Bajo,38.9,1.1818181818181819,medio
1,15,3,1,1,1,0,0,120,0,55,67,59,52,46.0,287,55.8,7.854934754662192,21.0,PUNT_MATEMATICAS,PUNT_INGLES,1,3,120,0,medio,0.2079244353737827,1.3580529590528845,0.839256000840083,0.26571449749170545,-0.4721678183312227,Medio,73.93333333333332,0.8208955223880597,medio
0,15,2,1,1,1,1,45,120,0,78,68,78,73,79.0,373,75.2,4.658325879540847,11.0,PUNT_INGLES,PUNT_MATEMATICAS,1,3,165,0,alto,2.5137402567802467,1.4425510276848459,2.6563794547595814,2.010920225387603,2.412233885654402,Superior,99.26666666666667,1.1470588235294117,medio
1,26,2,1,1,1,2,15,15,0,56,40,37,50,51.0,231,46.8,7.981227975693965,19.0,PUNT_LECTURA_CRITICA,PUNT_C_NATURALES,1,3,30,0,medio,0.3081772971740637,-0.9233948940100744,-1.264781682645652,0.09950442816828668,-0.03513725712127952,Bajo,36.0,1.4,medio
0,31,2,1,1,1,1,15,45,0,41,45,48,49,49.0,230,46.4,3.4351128074635335,8.0,PUNT_SOCIALES_CIUDADANAS,PUNT_LECTURA_CRITICA,1,3,60,0,medio,-1.195615629830152,-0.5009045508502672,-0.21276284090278455,0.016399393506577285,-0.20994948160525678,Bajo,35.333333333333336,0.9111111111111111,medio
1,11,1,0,1,1,1,15,15,1,58,65,57,51,57.0,288,57.6,4.979959839195493,14.0,PUNT_MATEMATICAS,PUNT_SOCIALES_CIUDADANAS,0,2,30,1,medio,0.5086830207746258,1.1890568217889614,0.6479798477959252,0.18260946282999607,0.48929941633065227,Medio,74.4,0.8923076923076924,bajo
0,15,3,1,1,1,1,15,120,0,57,59,51,55,58.0,278,56.0,3.1622776601683795,8.0,PUNT_MATEMATICAS,PUNT_C_NATURALES,1,3,135,0,medio,0.4084301589743448,0.6820684099971929,0.07415138866345206,0.5150296014768336,0.5767055285726409,Medio,67.80000000000001,0.9661016949152542,medio
0,2,3,1,1,0,2,45,180,0,51,50,35,41,41.0,220,43.6,6.767569726275452,16.0,PUNT_LECTURA_CRITICA,PUNT_C_NATURALES,1,2,225,0,medio,-0.19308701182734148,-0.07841420769045998,-1.4560578356898097,-0.6484408837870979,-0.9091983795411658,Bajo,27.866666666666667,1.02,medio
1,31,3,1,0,1,2,45,120,1,41,36,36,27,47.0,180,37.4,7.368853370776216,20.0,PUNT_INGLES,PUNT_SOCIALES_CIUDADANAS,0,2,165,1,medio,-1.195615629830152,-1.26138716853792,-1.360419759167731,-1.8119113690510293,-0.38476170608923405,Bajo,5.733333333333333,1.1388888888888888,medio
0,13,0,0,1,0,1,15,180,1,43,52,51,40,57.0,237,48.6,6.9498201415576215,17.0,PUNT_INGLES,PUNT_SOCIALES_CIUDADANAS,0,1,195,1,medio,-0.9951099062295898,0.0905819295734629,0.07415138866345206,-0.7315459184488072,0.48929941633065227,Bajo,40.8,0.8269230769230769,bajo
1,15,2,1,1,1,1,0,45,0,42,44,38,43,49.0,212,43.2,3.96232255123179,11.0,PUNT_INGLES,PUNT_C_NATURALES,1,3,45,0,medio,-1.095362768029871,-0.5854026194822286,-1.1691436061235732,-0.4822308144636791,-0.20994948160525678,Bajo,23.266666666666666,0.9545454545454546,medio
1,31,2,1,1,1,2,0,180,0,54,48,52,53,53.0,259,52.0,2.345207879911715,6.0,PUNT_LECTURA_CRITICA,PUNT_MATEMATICAS,1,3,180,0,medio,0.10767157357350166,-0.24741034495438285,0.16978946518553092,0.3488195321534149,0.13967496736269774,Medio,55.06666666666666,1.125,medio
1,31,2,1,1,1,1,15,120,0,53,45,52,45,54.0,246,49.8,4.43846820423443,9.0,PUNT_INGLES,PUNT_MATEMATICAS,1,3,135,0,medio,0.007418711773220604,-0.5009045508502672,0.16978946518553092,-0.3160207451402603,0.22708107960468638,Bajo,46.9,1.1777777777777778,medio
1,14,2,0,1,1,1,45,45,0,60,64,63,61,58.0,308,61.2,2.3874672772626644,6.0,PUNT_MATEMATICAS,PUNT_INGLES,0,2,90,0,medio,0.709188744375188,1.104558753157,1.2218083069283985,1.01365980944709,0.5767055285726409,Alto,84.39999999999999,0.9375,medio
1,15,3,1,1,1,1,0,120,0,47,51,55,46,43.0,246,48.4,4.669047011971501,12.0,PUNT_C_NATURALES,PUNT_INGLES,1,3,120,0,medio,-0.5940984590284657,0.006083860941501454,0.45670369475176753,-0.2329157104785509,-0.7343861550571885,Bajo,46.9,0.9215686274509803,medio
1,28,3,0,1,0,1,15,0,1,54,58,51,46,53.0,262,52.4,4.39317652729776,12.0,PUNT_MATEMATICAS,PUNT_SOCIALES_CIUDADANAS,0,1,15,1,medio,0.10767157357350166,0.5975703413652315,0.07415138866345206,-0.2329157104785509,0.13967496736269774,Medio,56.96666666666667,0.9310344827586207,medio
1,30,4,1,1,1,2,0,120,0,49,42,41,42,47.0,219,44.2,3.5637059362410923,8.0,PUNT_LECTURA_CRITICA,PUNT_C_NATURALES,1,3,120,0,medio,-0.3935927354279036,-0.7543987567461514,-0.8822293765573366,-0.5653358491253885,-0.38476170608923405,Bajo,27.1,1.1666666666666667,alto
0,23,2,0,1,1,1,45,15,1,38,45,51,46,42.0,224,44.4,4.827007354458868,13.0,PUNT_C_NATURALES,PUNT_LECTURA_CRITICA,0,2,60,1,medio,-1.4963742152309951,-0.5009045508502672,0.07415138866345206,-0.2329157104785509,-0.8217922672991772,Bajo,30.766666666666666,0.8444444444444444,medio
0,23,2,1,1,0,1,0,180,0,41,39,48,38,45.0,209,42.2,4.207136793592526,10.0,PUNT_C_NATURALES,PUNT_SOCIALES_CIUDADANAS,1,2,180,0,medio,-1.195615629830152,-1.0078929626420357,-0.21276284090278455,-0.8977559877722261,-0.5595739305732113,Bajo,21.166666666666668,1.0512820512820513,medio
0,2,2,0,1,1,1,15,0,0,36,38,38,27,35.0,174,34.8,4.54972526643093,11.0,PUNT_MATEMATICAS,PUNT_SOCIALES_CIUDADANAS,0,2,15,0,bajo,-1.6968799388315572,-1.0923910312739973,-1.1691436061235732,-1.8119113690510293,-1.4336350529930975,Bajo,4.566666666666666,0.9473684210526315,medio
0,26,6,1,1,1,1,0,45,0,47,52,53,52,79.0,266,56.6,12.739701723352868,32.0,PUNT_INGLES,PUNT_LECTURA_CRITICA,1,3,45,0,alto,-0.5940984590284657,0.0905819295734629,0.2654275417076098,0.26571449749170545,2.412233885654402,Medio,59.73333333333334,0.9038461538461539,alto
0,20,1,0,0,0,1,15,15,0,44,39,37,43,45.0,205,41.6,3.4351128074635335,8.0,PUNT_INGLES,PUNT_C_NATURALES,0,0,30,0,medio,-0.8948570444293088,-1.0078929626420357,-1.264781682645652,-0.4822308144636791,-0.5595739305732113,Bajo,18.566666666666666,1.1282051282051282,bajo
1,15,3,1,0,1,1,90,45,0,57,49,51,55,46.0,262,51.6,4.449719092257398,11.0,PUNT_LECTURA_CRITICA,PUNT_INGLES,0,2,135,0,medio,0.4084301589743448,-0.16291227632242142,0.07415138866345206,0.5150296014768336,-0.4721678183312227,Medio,56.96666666666667,1.163265306122449,medio
0,25,2,1,0,0,2,45,45,0,70,67,69,70,63.0,343,67.8,2.949576240750525,7.0,PUNT_LECTURA_CRITICA,PUNT_INGLES,0,1,90,0,alto,1.7117173623779984,1.3580529590528845,1.7956367660608716,1.7616051214024746,1.013736089782584,Alto,96.33333333333334,1.044776119402985,medio
1,5,1,0,0,0,1,0,15,0,42,35,28,34,35.0,174,34.8,4.969909455915671,14.0,PUNT_LECTURA_CRITICA,PUNT_C_NATURALES,0,0,15,0,bajo,-1.095362768029871,-1.3458852371698815,-2.125524371344362,-1.2301761264190636,-1.4336350529930975,Bajo,4.566666666666666,1.2,bajo
1,8,1,0,0,1,1,45,45,0,54,56,48,51,50.0,260,51.8,3.1937438845342623,8.0,PUNT_MATEMATICAS,PUNT_C_NATURALES,0,1,90,0,medio,0.10767157357350166,0.42857420410130864,-0.21276284090278455,0.18260946282999607,-0.12254336936326815,Medio,55.766666666666666,0.9642857142857143,bajo
1,20,4,1,1,0,1,45,120,0,47,44,42,39,44.0,215,43.2,2.9495762407505253,8.0,PUNT_LECTURA_CRITICA,PUNT_SOCIALES_CIUDADANAS,1,2,165,0,medio,-0.5940984590284657,-0.5854026194822286,-0.7865913000352577,-0.8146509531105167,-0.6469800428151999,Bajo,24.766666666666666,1.0681818181818181,alto
1,15,2,1,1,1,1,15,45,0,42,51,52,36,56.0,230,47.4,8.17312669668102,20.0,PUNT_INGLES,PUNT_SOCIALES_CIUDADANAS,1,3,60,0,medio,-1.095362768029871,0.006083860941501454,0.16978946518553092,-1.0639660570956448,0.40189330408866364,Bajo,35.333333333333336,0.8235294117647058,medio
1,2,3,1,0,1,1,15,15,0,35,32,42,42,39.0,189,38.0,4.415880433163924,10.0,PUNT_C_NATURALES,PUNT_MATEMATICAS,0,2,30,0,bajo,-1.7971328006318381,-1.5993794430657657,-0.7865913000352577,-0.5653358491253885,-1.084010604025143,Bajo,9.3,1.09375,medio
0,15,4,1,1,1,1,15,180,0,72,71,67,60,61.0,335,66.2,5.540758070878027,12.0,PUNT_LECTURA_CRITICA,PUNT_SOCIALES_CIUDADANAS,1,3,195,0,alto,1.9122230859785605,1.6960452335807301,1.6043606130167138,0.9305547747853806,0.8389238652986067,Alto,94.19999999999999,1.0140845070422535,alto
0,15,2,1,1,1,1,15,120,0,60,58,58,53,47.0,282,55.2,5.263078946776307,13.0,PUNT_LECTURA_CRITICA,PUNT_INGLES,1,3,135,0,medio,0.709188744375188,0.5975703413652315,0.7436179243180041,0.3488195321534149,-0.38476170608923405,Medio,70.5,1.0344827586206897,medio
1,4,2,0,1,0,0,120,120,0,63,65,63,69,60.0,323,64.0,3.3166247903554,9.0,PUNT_SOCIALES_CIUDADANAS,PUNT_INGLES,0,1,240,0,medio,1.009947329776031,1.1890568217889614,1.2218083069283985,1.6785000867407651,0.7515177530566182,Alto,89.86666666666666,0.9692307692307692,medio
1,4,2,0,0,0,0,0,15,0,37,38,31,26,37.0,167,33.8,5.167204273105526,12.0,PUNT_MATEMATICAS,PUNT_SOCIALES_CIUDADANAS,0,0,15,0,bajo,-1.596627077031276,-1.0923910312739973,-1.8386101417781253,-1.8950164037127388,-1.2588228285091203,Bajo,2.6,0.9736842105263158,medio
1,28,2,1,1,1,1,0,120,0,66,55,62,54,36.0,287,54.6,11.523888232710346,30.0,PUNT_LECTURA_CRITICA,PUNT_INGLES,1,3,120,0,bajo,1.3107059151768743,0.3440761354693472,1.1261702304063195,0.43192456681512426,-1.346228940751109,Medio,73.93333333333332,1.2,medio
0,5,2,1,1,1,1,120,120,0,67,68,64,63,72.0,330,66.8,3.5637059362410923,9.0,PUNT_INGLES,PUNT_SOCIALES_CIUDADANAS,1,3,240,0,alto,1.4109587769771552,1.4425510276848459,1.3174463834504773,1.1798698787705089,1.8003910999604817,Alto,92.36666666666666,0.9852941176470589,medio
1,15,1,0,1,0,1,15,45,0,52,50,43,55,42.0,247,48.4,5.683308895353129,13.0,PUNT_SOCIALES_CIUDADANAS,PUNT_INGLES,0,1,60,0,medio,-0.09283415002706044,-0.07841420769045998,-0.6909532235131789,0.5150296014768336,-0.8217922672991772,Bajo,47.56666666666667,1.04,bajo
1,15,2,1,1,1,0,15,120,0,52,53,43,34,50.0,229,46.4,7.956129712366434,19.0,PUNT_MATEMATICAS,PUNT_SOCIALES_CIUDADANAS,1,3,135,0,medio,-0.09283415002706044,0.17507999820542433,-0.6909532235131789,-1.2301761264190636,-0.12254336936326815,Bajo,34.733333333333334,0.9811320754716981,medio
1,6,2,1,0,1,1,0,45,0,38,41,29,27,42.0,172,35.4,6.9498201415576215,15.0,PUNT_INGLES,PUNT_SOCIALES_CIUDADANAS,0,2,45,0,medio,-1.4963742152309951,-0.8388968253781128,-2.029886294822283,-1.8119113690510293,-0.8217922672991772,Bajo,3.733333333333334,0.926829268292683,medio
1,4,4,1,1,0,2,45,45,0,39,50,46,40,42.0,218,43.4,4.560701700396551,11.0,PUNT_MATEMATICAS,PUNT_LECTURA_CRITICA,1,2,90,0,medio,-1.396121353430714,-0.07841420769045998,-0.40403899394694226,-0.7315459184488072,-0.8217922672991772,Bajo,26.566666666666666,0.78,alto
1,9,2,1,1,1,1,15,180,0,75,54,68,64,56.0,323,63.4,8.648699324175862,21.0,PUNT_LECTURA_CRITICA,PUNT_MATEMATICAS,1,3,195,0,medio,2.2129816713794037,0.25957806683738577,1.6999986895387929,1.2629749134322181,0.40189330408866364,Alto,89.86666666666666,1.3888888888888888,medio
1,12,1,0,0,0,0,0,120,0,39,49,53,33,47.0,219,44.2,8.07465169527454,20.0,PUNT_C_NATURALES,PUNT_SOCIALES_CIUDADANAS,0,0,120,0,medio,-1.396121353430714,-0.16291227632242142,0.2654275417076098,-1.313281161080773,-0.38476170608923405,Bajo,27.1,0.7959183673469388,bajo
1,11,1,0,1,0,1,15,45,1,55,52,47,49,47.0,252,50.0,3.4641016151377544,8.0,PUNT_LECTURA_CRITICA,PUNT_C_NATURALES,0,1,60,1,medio,0.2079244353737827,0.0905819295734629,-0.3084009174248634,0.016399393506577285,-0.38476170608923405,Medio,50.76666666666667,1.0576923076923077,bajo
0,15,3,1,1,1,2,15,180,0,46,31,30,33,30.0,173,34.0,6.819090848492928,16.0,PUNT_LECTURA_CRITICA,PUNT_C_NATURALES,1,3,195,0,bajo,-0.6943513208287467,-1.6838775116977271,-1.934248218300204,-1.313281161080773,-1.8706656142030407,Bajo,4.266666666666667,1.4838709677419355,medio
1,5,1,1,0,1,1,15,45,0,36,34,41,44,42.0,195,39.4,4.219004621945797,10.0,PUNT_SOCIALES_CIUDADANAS,PUNT_MATEMATICAS,0,2,60,0,medio,-1.6968799388315572,-1.430383305801843,-0.8822293765573366,-0.39912577980196967,-0.8217922672991772,Bajo,12.933333333333334,1.0588235294117647,bajo
1,15,2,1,1,0,1,45,120,0,52,37,43,43,49.0,221,44.8,5.848076606885378,15.0,PUNT_LECTURA_CRITICA,PUNT_MATEMATICAS,1,2,165,0,medio,-0.09283415002706044,-1.1768890999059587,-0.6909532235131789,-0.4822308144636791,-0.20994948160525678,Bajo,28.733333333333334,1.4054054054054055,medio
0,2,2,1,1,1,1,45,45,0,70,56,57,60,48.0,299,58.2,7.949842765740716,22.0,PUNT_LECTURA_CRITICA,PUNT_INGLES,1,3,90,0,medio,1.7117173623779984,0.42857420410130864,0.6479798477959252,0.9305547747853806,-0.2973555938472454,Medio,80.2,1.25,medio
0,24,1,0,0,0,1,120,0,1,34,38,37,37,43.0,185,37.8,3.271085446759225,9.0,PUNT_INGLES,PUNT_LECTURA_CRITICA,0,0,120,1,medio,-1.8973856624321193,-1.0923910312739973,-1.264781682645652,-0.9808610224339355,-0.7343861550571885,Bajo,7.833333333333334,0.8947368421052632,bajo
1,30,2,1,1,1,1,45,180,0,72,61,69,61,72.0,331,67.0,5.612486080160912,11.0,PUNT_LECTURA_CRITICA,PUNT_MATEMATICAS,1,3,225,0,alto,1.9122230859785605,0.8510645472611158,1.7956367660608716,1.01365980944709,1.8003910999604817,Alto,92.66666666666666,1.180327868852459,medio
1,24,1,0,1,1,1,15,15,1,54,53,52,51,48.0,261,51.6,2.302172886644268,6.0,PUNT_LECTURA_CRITICA,PUNT_INGLES,0,2,30,1,medio,0.10767157357350166,0.17507999820542433,0.16978946518553092,0.18260946282999607,-0.2973555938472454,Medio,56.333333333333336,1.0188679245283019,bajo
1,31,1,1,1,0,1,15,120,0,53,63,58,45,45.0,270,52.8,7.949842765740716,18.0,PUNT_MATEMATICAS,PUNT_SOCIALES_CIUDADANAS,1,2,135,0,medio,0.007418711773220604,1.0200606845250386,0.7436179243180041,-0.3160207451402603,-0.5595739305732113,Medio,62.4,0.8412698412698413,bajo
1,2,1,0,1,1,1,45,120,1,47,33,46,41,33.0,205,40.0,6.782329983125268,14.0,PUNT_LECTURA_CRITICA,PUNT_MATEMATICAS,0,2,165,1,bajo,-0.5940984590284657,-1.5148813744338043,-0.40403899394694226,-0.6484408837870979,-1.6084472774770748,Bajo,18.566666666666666,1.4242424242424243,bajo
0,2,2,1,1,1,1,45,180,0,66,71,66,61,75.0,333,67.8,5.357238094391549,14.0,PUNT_INGLES,PUNT_SOCIALES_CIUDADANAS,1,3,225,0,alto,1.3107059151768743,1.6960452335807301,1.508722536494635,1.01365980944709,2.0626094366864476,Alto,93.4,0.9295774647887324,medio
1,15,3,1,1,1,1,0,15,0,53,68,55,46,62.0,280,56.8,8.46758525200662,22.0,PUNT_MATEMATICAS,PUNT_SOCIALES_CIUDADANAS,1,3,15,0,alto,0.007418711773220604,1.4425510276848459,0.45670369475176753,-0.2329157104785509,0.9263299775405954,Medio,69.3,0.7794117647058824,medio
0,15,4,1,1,1,1,45,120,0,56,50,60,53,60.0,276,55.8,4.381780460041329,10.0,PUNT_C_NATURALES,PUNT_MATEMATICAS,1,3,165,0,medio,0.3081772971740637,-0.07841420769045998,0.9348940773621618,0.3488195321534149,0.7515177530566182,Medio,66.03333333333333,1.12,alto
0,28,2,0,1,0,2,15,120,0,45,39,36,40,39.0,200,39.8,3.271085446759225,9.0,PUNT_LECTURA_CRITICA,PUNT_C_NATURALES,0,1,135,0,bajo,-0.7946041826290278,-1.0078929626420357,-1.360419759167731,-0.7315459184488072,-1.084010604025143,Bajo,15.266666666666667,1.1538461538461537,medio
0,30,1,0,1,1,2,15,45,1,39,48,42,42,34.0,210,41.0,5.0990195135927845,14.0,PUNT_MATEMATICAS,PUNT_INGLES,0,2,60,1,bajo,-1.396121353430714,-0.24741034495438285,-0.7865913000352577,-0.5653358491253885,-1.5210411652350861,Bajo,21.96666666666667,0.8125,bajo
0,28,2,1,1,1,1,45,120,0,55,56,58,48,59.0,273,55.2,4.324349662087931,11.0,PUNT_INGLES,PUNT_SOCIALES_CIUDADANAS,1,3,165,0,medio,0.2079244353737827,0.42857420410130864,0.7436179243180041,-0.06670564115513211,0.6641116408146295,Medio,64.43333333333334,0.9821428571428571,medio
1,28,1,1,0,1,1,45,120,0,49,37,51,40,49.0,223,45.2,6.260990336999411,14.0,PUNT_C_NATURALES,PUNT_MATEMATICAS,0,2,165,0,medio,-0.3935927354279036,-1.1768890999059587,0.07415138866345206,-0.7315459184488072,-0.20994948160525678,Bajo,30.033333333333335,1.3243243243243243,bajo
0,29,1,0,1,0,1,15,45,0,44,30,37,31,35.0,177,35.4,5.594640292279745,14.0,PUNT_LECTURA_CRITICA,PUNT_MATEMATICAS,0,1,60,0,bajo,-0.8948570444293088,-1.7683755803296886,-1.264781682645652,-1.4794912304041918,-1.4336350529930975,Bajo,5.1,1.4666666666666666,bajo
0,4,2,1,1,1,0,90,45,0,66,66,68,65,77.0,335,68.4,4.929503017546495,12.0,PUNT_INGLES,PUNT_SOCIALES_CIUDADANAS,1,3,135,0,alto,1.3107059151768743,1.273554890420923,1.6999986895387929,1.3460799480939276,2.237421661170425,Alto,94.19999999999999,1.0,medio
0,10,3,1,1,0,1,0,15,1,41,26,29,32,34.0,161,32.4,5.683308895353129,15.0,PUNT_LECTURA_CRITICA,PUNT_MATEMATICAS,1,2,15,1,bajo,-1.195615629830152,-2.106367854857534,-2.029886294822283,-1.3963861957424824,-1.5210411652350861,Bajo,1.0999999999999999,1.5769230769230769,medio
1,29,2,1,1,1,1,90,180,0,70,70,77,62,80.0,353,71.8,7.014271166700073,18.0,PUNT_INGLES,PUNT_SOCIALES_CIUDADANAS,1,3,270,0,alto,1.7117173623779984,1.6115471649487687,2.5607413782375024,1.0967648441087994,2.4996399978963906,Superior,97.5,1.0,medio
1,28,1,1,0,0,0,120,15,1,61,66,58,70,54.0,315,61.8,6.340346993658944,16.0,PUNT_SOCIALES_CIUDADANAS,PUNT_INGLES,0,1,135,1,medio,0.809441606175469,1.273554890420923,0.7436179243180041,1.7616051214024746,0.22708107960468638,Alto,87.03333333333333,0.9242424242424242,bajo
1,20,6,0,0,0,1,45,15,1,35,24,31,30,39.0,153,31.8,5.630275304103699,15.0,PUNT_INGLES,PUNT_MATEMATICAS,0,0,60,1,bajo,-1.7971328006318381,-2.2753639921214575,-1.8386101417781253,-1.5625962650659013,-1.084010604025143,Bajo,0.36666666666666664,1.4583333333333333,alto
0,5,1,0,1,0,1,15,15,0,44,52,45,43,42.0,228,45.2,3.9623225512317894,10.0,PUNT_MATEMATICAS,PUNT_INGLES,0,1,30,0,medio,-0.8948570444293088,0.0905819295734629,-0.49967707046902116,-0.4822308144636791,-0.8217922672991772,Bajo,34.03333333333333,0.8461538461538461,bajo
1,29,2,1,1,1,1,45,120,0,57,54,69,65,61.0,306,61.2,6.016643582596529,15.0,PUNT_C_NATURALES,PUNT_MATEMATICAS,1,3,165,0,alto,0.4084301589743448,0.25957806683738577,1.7956367660608716,1.3460799480939276,0.8389238652986067,Alto,83.46666666666667,1.0555555555555556,medio
1,14,3,1,1,1,2,0,45,0,57,47,55,50,49.0,260,51.6,4.219004621945797,10.0,PUNT_LECTURA_CRITICA,PUNT_MATEMATICAS,1,3,45,0,medio,0.4084301589743448,-0.33190841358634426,0.45670369475176753,0.09950442816828668,-0.20994948160525678,Medio,55.766666666666666,1.2127659574468086,medio
1,2,6,1,1,1,2,0,180,0,50,49,55,59,64.0,270,55.4,6.268971207462991,15.0,PUNT_INGLES,PUNT_MATEMATICAS,1,3,180,0,alto,-0.29333987362762254,-0.16291227632242142,0.45670369475176753,0.8474497401236712,1.1011422020245727,Medio,62.4,1.0204081632653061,alto
0,14,3,0,1,1,1,90,180,0,44,52,51,41,42.0,233,46.0,5.1478150704935,11.0,PUNT_MATEMATICAS,PUNT_SOCIALES_CIUDADANAS,0,2,270,0,medio,-0.8948570444293088,0.0905819295734629,0.07415138866345206,-0.6484408837870979,-0.8217922672991772,Bajo,37.96666666666667,0.8461538461538461,medio
1,15,2,1,1,1,1,45,180,0,56,44,47,41,50.0,236,47.6,5.770615218501403,15.0,PUNT_LECTURA_CRITICA,PUNT_SOCIALES_CIUDADANAS,1,3,225,0,medio,0.3081772971740637,-0.5854026194822286,-0.3084009174248634,-0.6484408837870979,-0.12254336936326815,Bajo,40.13333333333333,1.2727272727272727,medio
0,18,1,0,0,1,1,15,120,1,36,40,40,31,52.0,190,39.8,7.758865896508329,21.0,PUNT_INGLES,PUNT_SOCIALES_CIUDADANAS,0,1,135,1,medio,-1.6968799388315572,-0.9233948940100744,-0.9778674530794155,-1.4794912304041918,0.05226885512070911,Bajo,9.966666666666667,0.9,bajo
1,10,2,1,1,1,1,45,180,0,65,67,60,55,58.0,307,61.0,4.949747468305833,12.0,PUNT_MATEMATICAS,PUNT_SOCIALES_CIUDADANAS,1,3,225,0,medio,1.2104530533765931,1.3580529590528845,0.9348940773621618,0.5150296014768336,0.5767055285726409,Alto,83.96666666666667,0.9701492537313433,medio
0,8,2,0,1,1,1,15,15,0,45,38,44,42,34.0,208,40.6,4.560701700396551,11.0,PUNT_LECTURA_CRITICA,PUNT_INGLES,0,2,30,0,bajo,-0.7946041826290278,-1.0923910312739973,-0.5953151469911,-0.5653358491253885,-1.5210411652350861,Bajo,20.366666666666667,1.1842105263157894,medio
0,31,2,1,1,1,1,45,120,0,74,68,57,60,57.0,321,63.2,7.52994023880668,17.0,PUNT_LECTURA_CRITICA,PUNT_C_NATURALES,1,3,165,0,medio,2.1127288095791226,1.4425510276848459,0.6479798477959252,0.9305547747853806,0.48929941633065227,Alto,89.1,1.088235294117647,medio
1,18,2,1,1,1,2,15,45,0,39,37,37,28,33.0,175,34.8,4.381780460041329,11.0,PUNT_LECTURA_CRITICA,PUNT_SOCIALES_CIUDADANAS,1,3,60,0,bajo,-1.396121353430714,-1.1768890999059587,-1.264781682645652,-1.72880633438932,-1.6084472774770748,Bajo,4.8,1.054054054054054,medio
1,7,3,1,1,1,1,90,120,0,49,57,60,40,53.0,258,51.8,7.791020472312981,20.0,PUNT_C_NATURALES,PUNT_SOCIALES_CIUDADANAS,1,3,210,0,medio,-0.3935927354279036,0.51307227273327,0.9348940773621618,-0.7315459184488072,0.13967496736269774,Medio,54.400000000000006,0.8596491228070176,medio
1,4,1,1,1,1,1,90,45,0,68,56,69,64,68.0,323,65.0,5.385164807134504,13.0,PUNT_C_NATURALES,PUNT_MATEMATICAS,1,3,135,0,alto,1.5112116387774364,0.42857420410130864,1.7956367660608716,1.2629749134322181,1.4507666509925272,Alto,89.86666666666666,1.2142857142857142,bajo
0,9,3,0,1,0,1,45,45,0,48,47,42,40,44.0,221,44.2,3.3466401061363023,8.0,PUNT_LECTURA_CRITICA,PUNT_SOCIALES_CIUDADANAS,0,1,90,0,medio,-0.4938455972281846,-0.33190841358634426,-0.7865913000352577,-0.7315459184488072,-0.6469800428151999,Bajo,28.733333333333334,1.0212765957446808,medio
1,13,1,0,1,1,1,0,15,0,59,61,69,61,64.0,313,62.8,3.8987177379235853,10.0,PUNT_C_NATURALES,PUNT_LECTURA_CRITICA,0,2,15,0,alto,0.6089358825749068,0.8510645472611158,1.7956367660608716,1.01365980944709,1.1011422020245727,Alto,86.23333333333333,0.9672131147540983,bajo
0,31,3,1,1,1,1,0,120,0,52,43,38,45,48.0,224,45.2,5.263078946776307,14.0,PUNT_LECTURA_CRITICA,PUNT_C_NATURALES,1,3,120,0,medio,-0.09283415002706044,-0.66990068811419,-1.1691436061235732,-0.3160207451402603,-0.2973555938472454,Bajo,30.766666666666666,1.2093023255813953,medio
1,13,3,1,1,1,2,15,180,0,33,37,49,29,51.0,190,39.8,9.757048734120374,22.0,PUNT_INGLES,PUNT_SOCIALES_CIUDADANAS,1,3,195,0,medio,-1.9976385242324004,-1.1768890999059587,-0.11712476438070567,-1.6457012997276106,-0.03513725712127952,Bajo,9.966666666666667,0.8918918918918919,medio
0,14,1,0,1,0,1,45,0,1,45,32,41,35,37.0,191,38.0,5.0990195135927845,13.0,PUNT_LECTURA_CRITICA,PUNT_MATEMATICAS,0,1,45,1,bajo,-0.7946041826290278,-1.5993794430657657,-0.8822293765573366,-1.1470710917573543,-1.2588228285091203,Bajo,10.633333333333333,1.40625,bajo
1,15,3,1,0,1,1,90,120,0,67,56,55,62,69.0,303,61.8,6.300793600809346,14.0,PUNT_INGLES,PUNT_C_NATURALES,0,2,210,0,alto,1.4109587769771552,0.42857420410130864,0.45670369475176753,1.0967648441087994,1.5381727632345157,Alto,81.8,1.1964285714285714,medio
1,4,0,1,1,1,1,15,45,0,46,46,38,46,41.0,219,43.4,3.714835124201342,8.0,PUNT_LECTURA_CRITICA,PUNT_C_NATURALES,1,3,60,0,medio,-0.6943513208287467,-0.41640648221830573,-1.1691436061235732,-0.2329157104785509,-0.9091983795411658,Bajo,27.1,1.0,bajo
0,19,2,1,1,1,1,15,15,0,56,53,54,54,55.0,272,54.4,1.140175425099138,3.0,PUNT_LECTURA_CRITICA,PUNT_MATEMATICAS,1,3,30,0,medio,0.3081772971740637,0.17507999820542433,0.36106561822968863,0.43192456681512426,0.314487191846675,Medio,63.7,1.0566037735849056,medio
0,15,3,0,1,0,1,0,15,0,33,31,32,32,35.0,161,32.6,1.51657508881031,4.0,PUNT_INGLES,PUNT_MATEMATICAS,0,1,15,0,bajo,-1.9976385242324004,-1.6838775116977271,-1.7429720652560463,-1.3963861957424824,-1.4336350529930975,Bajo,1.0999999999999999,1.064516129032258,medio
1,31,3,1,1,1,1,0,120,1,51,48,45,45,56.0,240,49.0,4.636809247747852,11.0,PUNT_INGLES,PUNT_C_NATURALES,1,3,120,1,medio,-0.19308701182734148,-0.24741034495438285,-0.49967707046902116,-0.3160207451402603,0.40189330408866364,Bajo,42.766666666666666,1.0625,medio
0,15,2,1,1,1,2,45,180,0,42,50,53,42,42.0,232,45.8,5.310367218940701,11.0,PUNT_C_NATURALES,PUNT_LECTURA_CRITICA,1,3,225,0,medio,-1.095362768029871,-0.07841420769045998,0.2654275417076098,-0.5653358491253885,-0.8217922672991772,Bajo,36.833333333333336,0.84,medio
0,28,2,1,1,1,1,15,120,0,52,44,42,37,48.0,220,44.6,5.727128425310541,15.0,PUNT_LECTURA_CRITICA,PUNT_SOCIALES_CIUDADANAS,1,3,135,0,medio,-0.09283415002706044,-0.5854026194822286,-0.7865913000352577,-0.9808610224339355,-0.2973555938472454,Bajo,27.866666666666667,1.1818181818181819,medio
0,2,3,1,1,1,1,45,180,0,61,60,60,61,67.0,305,61.8,2.949576240750525,7.0,PUNT_INGLES,PUNT_MATEMATICAS,1,3,225,0,alto,0.809441606175469,0.7665664786291544,0.9348940773621618,1.01365980944709,1.3633605387505385,Alto,82.69999999999999,1.0166666666666666,medio
1,30,2,1,1,1,1,15,120,0,56,56,60,50,58.0,278,56.0,3.7416573867739413,10.0,PUNT_C_NATURALES,PUNT_SOCIALES_CIUDADANAS,1,3,135,0,medio,0.3081772971740637,0.42857420410130864,0.9348940773621618,0.09950442816828668,0.5767055285726409,Medio,67.80000000000001,1.0,medio
0,19,0,0,0,0,1,120,45,0,40,33,36,39,42.0,187,38.0,3.5355339059327378,9.0,PUNT_INGLES,PUNT_MATEMATICAS,0,0,165,0,medio,-1.295868491630433,-1.5148813744338043,-1.360419759167731,-0.8146509531105167,-0.8217922672991772,Bajo,8.366666666666667,1.2121212121212122,bajo
0,7,3,1,1,1,1,15,180,0,63,60,63,66,73.0,319,65.0,4.949747468305833,13.0,PUNT_INGLES,PUNT_MATEMATICAS,1,3,195,0,alto,1.009947329776031,0.7665664786291544,1.2218083069283985,1.429184982755637,1.8877972122024702,Alto,88.4,1.05,medio
0,14,3,1,1,1,1,15,45,0,53,52,50,47,46.0,251,49.6,3.0495901363953815,7.0,PUNT_LECTURA_CRITICA,PUNT_INGLES,1,3,60,0,medio,0.007418711773220604,0.0905819295734629,-0.02148668785862681,-0.14981067581684152,-0.4721678183312227,Medio,50.33333333333333,1.0192307692307692,medio
1,11,3,1,1,0,2,45,45,1,39,23,37,29,35.0,161,32.6,6.54217089351845,16.0,PUNT_LECTURA_CRITICA,PUNT_MATEMATICAS,1,2,90,1,bajo,-1.396121353430714,-2.359862060753419,-1.264781682645652,-1.6457012997276106,-1.4336350529930975,Bajo,1.0999999999999999,1.6956521739130435,medio
1,15,3,1,1,1,1,0,120,0,72,80,73,74,65.0,370,72.8,5.357238094391549,15.0,PUNT_MATEMATICAS,PUNT_INGLES,1,3,120,0,alto,1.9122230859785605,2.4565278512683832,2.178189072149187,2.094025260049312,1.1885483142665612,Superior,98.96666666666667,0.9,medio
0,27,2,1,1,1,2,15,15,1,32,39,36,39,58.0,191,40.8,10.03493896344168,26.0,PUNT_INGLES,PUNT_LECTURA_CRITICA,1,3,30,1,medio,-2.0978913860326815,-1.0078929626420357,-1.360419759167731,-0.8146509531105167,0.5767055285726409,Bajo,10.633333333333333,0.8205128205128205,medio
0,5,2,0,1,0,1,0,45,0,49,45,48,46,51.0,237,47.8,2.3874672772626644,6.0,PUNT_INGLES,PUNT_MATEMATICAS,0,1,45,0,medio,-0.3935927354279036,-0.5009045508502672,-0.21276284090278455,-0.2329157104785509,-0.03513725712127952,Bajo,40.8,1.0888888888888888,medio
0,15,3,1,1,1,1,15,120,0,61,58,60,55,68.0,296,60.4,4.8270073544588685,13.0,PUNT_INGLES,PUNT_SOCIALES_CIUDADANAS,1,3,135,0,alto,0.809441606175469,0.5975703413652315,0.9348940773621618,0.5150296014768336,1.4507666509925272,Medio,78.5,1.0517241379310345,medio
0,6,3,0,0,1,1,45,45,0,74,59,60,57,63.0,313,62.6,6.730527468185536,17.0,PUNT_LECTURA_CRITICA,PUNT_SOCIALES_CIUDADANAS,0,1,90,0,alto,2.1127288095791226,0.6820684099971929,0.9348940773621618,0.6812396708002525,1.013736089782584,Alto,86.23333333333333,1.2542372881355932,medio
0,30,2,0,1,1,1,15,120,0,49,41,45,55,46.0,237,47.2,5.215361924162119,14.0,PUNT_SOCIALES_CIUDADANAS,PUNT_MATEMATICAS,0,2,135,0,medio,-0.3935927354279036,-0.8388968253781128,-0.49967707046902116,0.5150296014768336,-0.4721678183312227,Bajo,40.8,1.1951219512195121,medio
1,14,3,1,1,1,1,0,180,1,63,68,65,66,56.0,324,63.6,4.61519230368573,12.0,PUNT_MATEMATICAS,PUNT_INGLES,1,3,180,1,medio,1.009947329776031,1.4425510276848459,1.413084459972556,1.429184982755637,0.40189330408866364,Alto,90.13333333333333,0.9264705882352942,medio
0,14,2,1,1,1,1,45,45,0,52,54,53,47,54.0,258,52.0,2.9154759474226504,7.0,PUNT_MATEMATICAS,PUNT_SOCIALES_CIUDADANAS,1,3,90,0,medio,-0.09283415002706044,0.25957806683738577,0.2654275417076098,-0.14981067581684152,0.22708107960468638,Medio,54.400000000000006,0.9629629629629629,medio
1,15,3,1,1,1,1,45,180,0,46,43,48,47,63.0,237,49.4,7.829431652425353,20.0,PUNT_INGLES,PUNT_MATEMATICAS,1,3,225,0,alto,-0.6943513208287467,-0.66990068811419,-0.21276284090278455,-0.14981067581684152,1.013736089782584,Bajo,40.8,1.069767441860465,medio
0,31,2,1,0,1,1,45,180,0,59,55,57,61,55.0,289,57.4,2.6076809620810595,6.0,PUNT_SOCIALES_CIUDADANAS,PUNT_MATEMATICAS,0,2,225,0,medio,0.6089358825749068,0.3440761354693472,0.6479798477959252,1.01365980944709,0.314487191846675,Medio,74.76666666666667,1.0727272727272728,medio
1,11,1,0,0,0,1,0,15,0,38,43,34,37,37.0,190,37.8,3.271085446759225,9.0,PUNT_MATEMATICAS,PUNT_C_NATURALES,0,0,15,0,bajo,-1.4963742152309951,-0.66990068811419,-1.5516959122118887,-0.9808610224339355,-1.2588228285091203,Bajo,9.966666666666667,0.8837209302325582,bajo
1,2,1,0,0,0,2,15,0,1,46,38,36,42,32.0,199,38.8,5.403702434442518,14.0,PUNT_LECTURA_CRITICA,PUNT_INGLES,0,0,15,1,bajo,-0.6943513208287467,-1.0923910312739973,-1.360419759167731,-0.5653358491253885,-1.6958533897190635,Bajo,14.7,1.2105263157894737,bajo
1,18,1,0,0,0,2,45,45,1,49,35,44,38,42.0,208,41.6,5.412947441089743,14.0,PUNT_LECTURA_CRITICA,PUNT_MATEMATICAS,0,0,90,1,medio,-0.3935927354279036,-1.3458852371698815,-0.5953151469911,-0.8977559877722261,-0.8217922672991772,Bajo,20.366666666666667,1.4,bajo
1,29,2,1,1,1,1,15,45,0,40,56,50,30,39.0,218,43.0,10.14889156509222,26.0,PUNT_MATEMATICAS,PUNT_SOCIALES_CIUDADANAS,1,3,60,0,bajo,-1.295868491630433,0.42857420410130864,-0.02148668785862681,-1.5625962650659013,-1.084010604025143,Bajo,26.566666666666666,0.7142857142857143,medio
1,8,1,0,1,0,1,90,15,0,54,60,56,51,49.0,274,54.0,4.301162633521313,11.0,PUNT_MATEMATICAS,PUNT_INGLES,0,1,105,0,medio,0.10767157357350166,0.7665664786291544,0.5523417712738464,0.18260946282999607,-0.20994948160525678,Medio,64.83333333333333,0.9,bajo
0,2,1,1,1,1,2,120,180,0,42,30,38,34,30.0,178,34.8,5.215361924162119,12.0,PUNT_LECTURA_CRITICA,PUNT_MATEMATICAS,1,3,300,0,bajo,-1.095362768029871,-1.7683755803296886,-1.1691436061235732,-1.2301761264190636,-1.8706656142030407,Bajo,5.233333333333333,1.4,bajo
0,7,2,0,0,0,1,45,15,0,61,72,62,57,48.0,309,60.0,8.689073598491383,24.0,PUNT_MATEMATICAS,PUNT_INGLES,0,0,60,0,medio,0.809441606175469,1.7805433022126915,1.1261702304063195,0.6812396708002525,-0.2973555938472454,Alto,84.8,0.8472222222222222,medio
1,31,2,1,1,1,1,0,45,0,51,50,58,43,53.0,253,51.0,5.431390245600108,15.0,PUNT_C_NATURALES,PUNT_SOCIALES_CIUDADANAS,1,3,45,0,medio,-0.19308701182734148,-0.07841420769045998,0.7436179243180041,-0.4822308144636791,0.13967496736269774,Medio,51.26666666666667,1.02,medio
0,2,2,1,1,1,1,45,45,0,59,47,59,61,55.0,282,56.2,5.585696017507577,14.0,PUNT_SOCIALES_CIUDADANAS,PUNT_MATEMATICAS,1,3,90,0,medio,0.6089358825749068,-0.33190841358634426,0.839256000840083,1.01365980944709,0.314487191846675,Medio,70.5,1.2553191489361701,medio
1,15,2,1,1,0,1,45,180,0,63,57,67,63,74.0,317,64.8,6.260990336999411,17.0,PUNT_INGLES,PUNT_MATEMATICAS,1,2,225,0,alto,1.009947329776031,0.51307227273327,1.6043606130167138,1.1798698787705089,1.975203324444459,Alto,87.7,1.105263157894737,medio
1,4,1,1,0,1,2,15,180,0,35,34,38,37,36.0,180,36.0,1.5811388300841898,4.0,PUNT_C_NATURALES,PUNT_MATEMATICAS,0,2,195,0,bajo,-1.7971328006318381,-1.430383305801843,-1.1691436061235732,-0.9808610224339355,-1.346228940751109,Bajo,5.733333333333333,1.0294117647058822,bajo
0,8,1,1,1,1,1,15,45,0,48,60,42,44,47.0,242,48.2,7.014271166700072,18.0,PUNT_MATEMATICAS,PUNT_C_NATURALES,1,3,60,0,medio,-0.4938455972281846,0.7665664786291544,-0.7865913000352577,-0.39912577980196967,-0.38476170608923405,Bajo,43.9,0.8,bajo
0,6,1,0,1,0,1,90,45,0,55,58,53,66,44.0,285,55.2,7.981227975693966,22.0,PUNT_SOCIALES_CIUDADANAS,PUNT_INGLES,0,1,135,0,medio,0.2079244353737827,0.5975703413652315,0.2654275417076098,1.429184982755637,-0.6469800428151999,Medio,72.73333333333333,0.9482758620689655,bajo
0,14,2,1,1,1,2,15,45,0,49,54,39,46,42.0,233,46.0,5.873670062235365,15.0,PUNT_MATEMATICAS,PUNT_C_NATURALES,1,3,60,0,medio,-0.3935927354279036,0.25957806683738577,-1.0735055296014944,-0.2329157104785509,-0.8217922672991772,Bajo,37.96666666666667,0.9074074074074074,medio
0,7,2,0,1,1,1,45,15,1,44,48,45,39,35.0,217,42.2,5.167204273105525,13.0,PUNT_MATEMATICAS,PUNT_INGLES,0,2,60,1,bajo,-0.8948570444293088,-0.24741034495438285,-0.49967707046902116,-0.8146509531105167,-1.4336350529930975,Bajo,25.900000000000002,0.9166666666666666,medio
0,31,3,1,1,0,0,15,180,0,53,49,31,36,49.0,214,43.6,9.528903399657276,22.0,PUNT_LECTURA_CRITICA,PUNT_C_NATURALES,1,2,195,0,medio,0.007418711773220604,-0.16291227632242142,-1.8386101417781253,-1.0639660570956448,-0.20994948160525678,Bajo,24.2,1.0816326530612246,medio
1,2,2,1,1,1,1,120,180,0,67,45,57,59,62.0,287,58.0,8.18535277187245,22.0,PUNT_LECTURA_CRITICA,PUNT_MATEMATICAS,1,3,300,0,alto,1.4109587769771552,-0.5009045508502672,0.6479798477959252,0.8474497401236712,0.9263299775405954,Medio,73.93333333333332,1.488888888888889,medio
0,11,0,0,1,0,0,45,15,1,57,49,50,59,57.0,270,54.4,4.560701700396552,10.0,PUNT_SOCIALES_CIUDADANAS,PUNT_MATEMATICAS,0,1,60,1,medio,0.4084301589743448,-0.16291227632242142,-0.02148668785862681,0.8474497401236712,0.48929941633065227,Medio,62.4,1.163265306122449,bajo
1,22,1,0,1,0,1,15,45,1,42,42,39,43,50.0,211,43.2,4.08656334834051,11.0,PUNT_INGLES,PUNT_C_NATURALES,0,1,60,1,medio,-1.095362768029871,-0.7543987567461514,-1.0735055296014944,-0.4822308144636791,-0.12254336936326815,Bajo,22.733333333333334,1.0,bajo
1,5,2,1,1,1,1,45,120,0,53,59,58,42,62.0,268,54.8,7.854934754662192,20.0,PUNT_INGLES,PUNT_SOCIALES_CIUDADANAS,1,3,165,0,alto,0.007418711773220604,0.6820684099971929,0.7436179243180041,-0.5653358491253885,0.9263299775405954,Medio,61.16666666666667,0.8983050847457628,medio
1,15,1,1,1,1,0,15,120,0,62,59,42,62,52.0,280,55.4,8.532291603080617,20.0,PUNT_LECTURA_CRITICA,PUNT_C_NATURALES,1,3,135,0,medio,0.90969446797575,0.6820684099971929,-0.7865913000352577,1.0967648441087994,0.05226885512070911,Medio,69.3,1.0508474576271187,bajo
0,13,0,0,0,0,1,120,45,1,39,31,38,46,43.0,194,39.4,5.683308895353129,15.0,PUNT_SOCIALES_CIUDADANAS,PUNT_MATEMATICAS,0,0,165,1,medio,-1.396121353430714,-1.6838775116977271,-1.1691436061235732,-0.2329157104785509,-0.7343861550571885,Bajo,12.4,1.2580645161290323,bajo
0,24,1,0,1,0,0,45,0,0,53,45,42,43,45.0,228,45.6,4.33589667773576,11.0,PUNT_LECTURA_CRITICA,PUNT_C_NATURALES,0,1,45,0,medio,0.007418711773220604,-0.5009045508502672,-0.7865913000352577,-0.4822308144636791,-0.5595739305732113,Bajo,34.03333333333333,1.1777777777777778,bajo
1,8,2,1,1,1,1,45,120,0,68,73,67,76,69.0,354,70.6,3.7815340802378072,9.0,PUNT_SOCIALES_CIUDADANAS,PUNT_C_NATURALES,1,3,165,0,alto,1.5112116387774364,1.865041370844653,1.6043606130167138,2.260235329372731,1.5381727632345157,Superior,97.7,0.9315068493150684,medio
1,30,1,1,1,0,2,45,180,0,37,44,52,38,46.0,215,43.4,6.148170459575759,15.0,PUNT_C_NATURALES,PUNT_LECTURA_CRITICA,1,2,225,0,medio,-1.596627077031276,-0.5854026194822286,0.16978946518553092,-0.8977559877722261,-0.4721678183312227,Bajo,24.766666666666666,0.8409090909090909,bajo
0,7,6,1,1,1,1,15,45,0,75,62,59,70,66.0,332,66.4,6.348228099241551,16.0,PUNT_LECTURA_CRITICA,PUNT_C_NATURALES,1,3,60,0,alto,2.2129816713794037,0.9355626158930772,0.839256000840083,1.7616051214024746,1.2759544265085498,Alto,93.0,1.2096774193548387,alto
1,21,3,1,1,0,2,45,180,0,52,49,52,41,54.0,245,49.6,5.128352561983234,13.0,PUNT_INGLES,PUNT_SOCIALES_CIUDADANAS,1,2,225,0,medio,-0.09283415002706044,-0.16291227632242142,0.16978946518553092,-0.6484408837870979,0.22708107960468638,Bajo,46.0,1.0612244897959184,medio
0,30,1,1,1,1,1,45,180,0,59,64,58,55,50.0,292,57.2,5.167204273105525,14.0,PUNT_MATEMATICAS,PUNT_INGLES,1,3,225,0,medio,0.6089358825749068,1.104558753157,0.7436179243180041,0.5150296014768336,-0.12254336936326815,Medio,76.33333333333333,0.921875,bajo
0,2,3,1,1,1,1,45,120,0,58,69,72,67,73.0,335,67.8,5.974947698515862,15.0,PUNT_INGLES,PUNT_LECTURA_CRITICA,1,3,165,0,alto,0.5086830207746258,1.5270490963168073,2.082550995627108,1.5122900174173464,1.8877972122024702,Alto,94.19999999999999,0.8405797101449275,medio
0,31,2,0,0,1,1,90,120,0,55,47,59,53,57.0,269,54.2,4.604345773288536,12.0,PUNT_C_NATURALES,PUNT_MATEMATICAS,0,1,210,0,medio,0.2079244353737827,-0.33190841358634426,0.839256000840083,0.3488195321534149,0.48929941633065227,Medio,61.9,1.1702127659574468,medio
0,15,1,0,0,0,1,15,15,0,50,58,49,43,36.0,245,47.2,8.228000972289685,22.0,PUNT_MATEMATICAS,PUNT_INGLES,0,0,30,0,bajo,-0.29333987362762254,0.5975703413652315,-0.11712476438070567,-0.4822308144636791,-1.346228940751109,Bajo,46.0,0.8620689655172413,bajo
0,2,2,1,1,1,1,45,0,0,36,31,40,39,37.0,183,36.6,3.507135583350036,9.0,PUNT_C_NATURALES,PUNT_MATEMATICAS,1,3,45,0,bajo,-1.6968799388315572,-1.6838775116977271,-0.9778674530794155,-0.8146509531105167,-1.2588228285091203,Bajo,7.1,1.1612903225806452,medio
1,14,1,0,0,0,2,15,180,0,46,49,41,37,52.0,220,45.0,6.041522986797286,15.0,PUNT_INGLES,PUNT_SOCIALES_CIUDADANAS,0,0,195,0,medio,-0.6943513208287467,-0.16291227632242142,-0.8822293765573366,-0.9808610224339355,0.05226885512070911,Bajo,27.866666666666667,0.9387755102040817,bajo
1,23,1,1,1,1,0,0,15,0,61,70,56,61,50.0,305,59.6,7.368853370776216,20.0,PUNT_MATEMATICAS,PUNT_INGLES,1,3,15,0,medio,0.809441606175469,1.6115471649487687,0.5523417712738464,1.01365980944709,-0.12254336936326815,Alto,82.69999999999999,0.8714285714285714,bajo
0,18,2,1,1,1,1,45,120,0,57,72,68,62,71.0,326,66.0,6.363961030678928,15.0,PUNT_MATEMATICAS,PUNT_LECTURA_CRITICA,1,3,165,0,alto,0.4084301589743448,1.7805433022126915,1.6999986895387929,1.0967648441087994,1.712984987718493,Alto,90.96666666666667,0.7916666666666666,medio
1,28,1,1,1,1,1,45,120,0,50,61,45,43,52.0,250,50.2,7.049822692805827,18.0,PUNT_MATEMATICAS,PUNT_SOCIALES_CIUDADANAS,1,3,165,0,medio,-0.29333987362762254,0.8510645472611158,-0.49967707046902116,-0.4822308144636791,0.05226885512070911,Bajo,49.6,0.819672131147541,bajo
0,6,1,0,1,0,1,15,45,0,65,62,62,57,57.0,306,60.6,3.5071355833500366,8.0,PUNT_LECTURA_CRITICA,PUNT_SOCIALES_CIUDADANAS,0,1,60,0,medio,1.2104530533765931,0.9355626158930772,1.1261702304063195,0.6812396708002525,0.48929941633065227,Alto,83.46666666666667,1.0483870967741935,bajo
0,23,1,1,1,0,1,90,180,0,62,61,57,66,51.0,303,59.4,5.683308895353129,15.0,PUNT_SOCIALES_CIUDADANAS,PUNT_INGLES,1,2,270,0,medio,0.90969446797575,0.8510645472611158,0.6479798477959252,1.429184982755637,-0.03513725712127952,Alto,81.8,1.0163934426229508,bajo
1,15,3,1,1,1,2,45,120,0,52,59,45,52,49.0,259,51.4,5.128352561983234,14.0,PUNT_MATEMATICAS,PUNT_C_NATURALES,1,3,165,0,medio,-0.09283415002706044,0.6820684099971929,-0.49967707046902116,0.26571449749170545,-0.20994948160525678,Medio,55.06666666666666,0.8813559322033898,medio
0,28,4,1,1,1,2,45,45,0,56,52,61,53,79.0,287,60.2,11.077003204838391,27.0,PUNT_INGLES,PUNT_MATEMATICAS,1,3,90,0,alto,0.3081772971740637,0.0905819295734629,1.0305321538842407,0.3488195321534149,2.412233885654402,Medio,73.93333333333332,1.0769230769230769,alto
1,21,2,1,1,1,2,15,120,0,48,50,42,36,48.0,222,44.8,5.761944116355173,14.0,PUNT_MATEMATICAS,PUNT_SOCIALES_CIUDADANAS,1,3,135,0,medio,-0.4938455972281846,-0.07841420769045998,-0.7865913000352577,-1.0639660570956448,-0.2973555938472454,Bajo,29.333333333333332,0.96,medio
1,6,1,0,1,0,1,15,0,0,50,64,55,47,57.0,271,54.6,6.58027355054484,17.0,PUNT_MATEMATICAS,PUNT_SOCIALES_CIUDADANAS,0,1,15,0,medio,-0.29333987362762254,1.104558753157,0.45670369475176753,-0.14981067581684152,0.48929941633065227,Medio,62.96666666666667,0.78125,bajo
1,20,3,1,1,1,2,15,45,0,66,70,65,69,66.0,337,67.2,2.16794833886788,5.0,PUNT_MATEMATICAS,PUNT_C_NATURALES,1,3,60,0,alto,1.3107059151768743,1.6115471649487687,1.413084459972556,1.6785000867407651,1.2759544265085498,Alto,95.0,0.9428571428571428,medio
0,2,2,1,1,1,1,45,180,0,62,51,58,63,54.0,291,57.6,5.128352561983234,12.0,PUNT_SOCIALES_CIUDADANAS,PUNT_MATEMATICAS,1,3,225,0,medio,0.90969446797575,0.006083860941501454,0.7436179243180041,1.1798698787705089,0.22708107960468638,Medio,75.76666666666667,1.2156862745098038,medio
0,15,2,0,1,0,0,15,45,0,48,42,34,43,48.0,211,43.0,5.744562646538029,14.0,PUNT_LECTURA_CRITICA,PUNT_C_NATURALES,0,1,60,0,medio,-0.4938455972281846,-0.7543987567461514,-1.5516959122118887,-0.4822308144636791,-0.2973555938472454,Bajo,22.733333333333334,1.1428571428571428,medio
1,2,5,1,1,1,1,90,15,0,64,48,37,39,63.0,241,50.2,12.833549781724463,27.0,PUNT_LECTURA_CRITICA,PUNT_C_NATURALES,1,3,105,0,alto,1.110200191576312,-0.24741034495438285,-1.264781682645652,-0.8146509531105167,1.013736089782584,Bajo,43.266666666666666,1.3333333333333333,alto
1,23,2,1,1,1,1,15,45,0,65,50,59,61,74.0,300,61.8,8.757853618324527,24.0,PUNT_INGLES,PUNT_MATEMATICAS,1,3,60,0,alto,1.2104530533765931,-0.07841420769045998,0.839256000840083,1.01365980944709,1.975203324444459,Medio,80.5,1.3,medio
1,15,1,1,1,1,2,45,120,0,67,55,58,63,63.0,305,61.2,4.711687595755899,12.0,PUNT_LECTURA_CRITICA,PUNT_MATEMATICAS,1,3,165,0,alto,1.4109587769771552,0.3440761354693472,0.7436179243180041,1.1798698787705089,1.013736089782584,Alto,82.69999999999999,1.2181818181818183,bajo
0,2,2,0,0,0,0,45,15,1,53,54,53,58,51.0,271,53.8,2.5884358211089573,7.0,PUNT_SOCIALES_CIUDADANAS,PUNT_INGLES,0,0,60,1,medio,0.007418711773220604,0.25957806683738577,0.2654275417076098,0.7643447054619619,-0.03513725712127952,Medio,62.96666666666667,0.9814814814814815,medio
0,11,3,0,0,0,1,90,0,0,56,33,48,48,55.0,235,48.0,9.192388155425117,23.0,PUNT_LECTURA_CRITICA,PUNT_MATEMATICAS,0,0,90,0,medio,0.3081772971740637,-1.5148813744338043,-0.21276284090278455,-0.06670564115513211,0.314487191846675,Bajo,39.56666666666667,1.696969696969697,medio
1,15,1,1,1,1,2,45,120,0,54,56,56,56,59.0,279,56.2,1.7888543819998317,5.0,PUNT_INGLES,PUNT_LECTURA_CRITICA,1,3,165,0,medio,0.10767157357350166,0.42857420410130864,0.5523417712738464,0.598134636138543,0.6641116408146295,Medio,68.60000000000001,0.9642857142857143,bajo
0,11,1,1,1,1,2,45,45,0,51,32,49,42,46.0,218,44.0,7.516648189186454,19.0,PUNT_LECTURA_CRITICA,PUNT_MATEMATICAS,1,3,90,0,medio,-0.19308701182734148,-1.5993794430657657,-0.11712476438070567,-0.5653358491253885,-0.4721678183312227,Bajo,26.566666666666666,1.59375,bajo
1,4,1,0,1,0,1,0,180,0,56,54,57,63,44.0,282,54.8,6.906518659932803,19.0,PUNT_SOCIALES_CIUDADANAS,PUNT_INGLES,0,1,180,0,medio,0.3081772971740637,0.25957806683738577,0.6479798477959252,1.1798698787705089,-0.6469800428151999,Medio,70.5,1.037037037037037,bajo
0,19,2,1,1,1,1,45,15,0,60,65,58,58,62.0,302,60.6,2.9664793948382653,7.0,PUNT_MATEMATICAS,PUNT_C_NATURALES,1,3,60,0,alto,0.709188744375188,1.1890568217889614,0.7436179243180041,0.7643447054619619,0.9263299775405954,Alto,81.2,0.9230769230769231,medio
0,5,0,0,1,0,1,15,15,1,52,48,43,26,36.0,209,41.0,10.295630140987,26.0,PUNT_LECTURA_CRITICA,PUNT_SOCIALES_CIUDADANAS,0,1,30,1,bajo,-0.09283415002706044,-0.24741034495438285,-0.6909532235131789,-1.8950164037127388,-1.346228940751109,Bajo,21.166666666666668,1.0833333333333333,bajo
0,15,3,1,1,1,1,0,180,0,64,65,61,65,64.0,319,63.8,1.6431676725154982,4.0,PUNT_MATEMATICAS,PUNT_C_NATURALES,1,3,180,0,alto,1.110200191576312,1.1890568217889614,1.0305321538842407,1.3460799480939276,1.1011422020245727,Alto,88.4,0.9846153846153847,medio
0,10,2,1,1,1,1,90,120,0,61,70,65,50,67.0,310,62.6,7.765307463326871,20.0,PUNT_MATEMATICAS,PUNT_SOCIALES_CIUDADANAS,1,3,210,0,alto,0.809441606175469,1.6115471649487687,1.413084459972556,0.09950442816828668,1.3633605387505385,Alto,85.2,0.8714285714285714,medio
1,15,1,1,1,0,1,45,120,0,60,48,62,52,53.0,277,55.0,5.830951894845301,14.0,PUNT_C_NATURALES,PUNT_MATEMATICAS,1,2,165,0,medio,0.709188744375188,-0.24741034495438285,1.1261702304063195,0.26571449749170545,0.13967496736269774,Medio,66.73333333333333,1.25,bajo
0,15,3,1,1,1,1,15,120,0,52,50,51,52,54.0,257,51.8,1.4832396974191324,4.0,PUNT_INGLES,PUNT_MATEMATICAS,1,3,135,0,medio,-0.09283415002706044,-0.07841420769045998,0.07415138866345206,0.26571449749170545,0.22708107960468638,Medio,53.733333333333334,1.04,medio
0,15,3,1,1,1,1,90,180,0,62,61,55,56,56.0,292,58.0,3.24037034920393,7.0,PUNT_LECTURA_CRITICA,PUNT_C_NATURALES,1,3,270,0,medio,0.90969446797575,0.8510645472611158,0.45670369475176753,0.598134636138543,0.40189330408866364,Medio,76.33333333333333,1.0163934426229508,medio
0,2,3,1,1,1,0,15,45,0,52,44,37,40,50.0,219,44.6,6.3874877690685254,15.0,PUNT_LECTURA_CRITICA,PUNT_C_NATURALES,1,3,60,0,medio,-0.09283415002706044,-0.5854026194822286,-1.264781682645652,-0.7315459184488072,-0.12254336936326815,Bajo,27.1,1.1818181818181819,medio
0,2,3,1,1,0,1,0,45,0,47,57,47,36,51.0,235,47.6,7.6681158050723255,21.0,PUNT_MATEMATICAS,PUNT_SOCIALES_CIUDADANAS,1,2,45,0,medio,-0.5940984590284657,0.51307227273327,-0.3084009174248634,-1.0639660570956448,-0.03513725712127952,Bajo,39.56666666666667,0.8245614035087719,medio
1,20,1,0,0,0,1,15,15,0,38,38,35,43,38.0,192,38.4,2.8809720581775866,8.0,PUNT_SOCIALES_CIUDADANAS,PUNT_C_NATURALES,0,0,30,0,bajo,-1.4963742152309951,-1.0923910312739973,-1.4560578356898097,-0.4822308144636791,-1.1714167162671316,Bajo,11.166666666666666,1.0,bajo
1,14,3,1,1,1,1,45,120,0,55,56,50,51,58.0,267,54.0,3.391164991562634,8.0,PUNT_INGLES,PUNT_C_NATURALES,1,3,165,0,medio,0.2079244353737827,0.42857420410130864,-0.02148668785862681,0.18260946282999607,0.5767055285726409,Medio,60.3,0.9821428571428571,medio
0,29,1,0,0,0,1,15,45,0,42,44,48,38,36.0,212,41.6,4.774934554525329,12.0,PUNT_C_NATURALES,PUNT_INGLES,0,0,60,0,bajo,-1.095362768029871,-0.5854026194822286,-0.21276284090278455,-0.8977559877722261,-1.346228940751109,Bajo,23.266666666666666,0.9545454545454546,bajo
1,7,2,1,1,1,1,15,15,0,58,46,42,55,50.0,251,50.2,6.496152707564685,16.0,PUNT_LECTURA_CRITICA,PUNT_C_NATURALES,1,3,30,0,medio,0.5086830207746258,-0.41640648221830573,-0.7865913000352577,0.5150296014768336,-0.12254336936326815,Medio,50.33333333333333,1.2608695652173914,medio
0,19,1,0,0,0,1,90,120,0,39,39,39,32,44.0,189,38.6,4.277849927241488,12.0,PUNT_INGLES,PUNT_SOCIALES_CIUDADANAS,0,0,210,0,medio,-1.396121353430714,-1.0078929626420357,-1.0735055296014944,-1.3963861957424824,-0.6469800428151999,Bajo,9.3,1.0,bajo
0,11,1,0,0,0,0,0,0,0,44,34,47,37,45.0,204,41.4,5.594640292279745,13.0,PUNT_C_NATURALES,PUNT_MATEMATICAS,0,0,0,0,medio,-0.8948570444293088,-1.430383305801843,-0.3084009174248634,-0.9808610224339355,-0.5595739305732113,Bajo,18.133333333333333,1.2941176470588236,bajo
1,1,0,0,1,0,0,15,0,1,63,49,55,60,42.0,278,53.8,8.46758525200662,21.0,PUNT_LECTURA_CRITICA,PUNT_INGLES,0,1,15,1,medio,1.009947329776031,-0.16291227632242142,0.45670369475176753,0.9305547747853806,-0.8217922672991772,Medio,67.80000000000001,1.2857142857142858,bajo
0,9,2,1,1,1,1,45,45,0,41,41,48,44,46.0,218,44.0,3.082207001484488,7.0,PUNT_C_NATURALES,PUNT_LECTURA_CRITICA,1,3,90,0,medio,-1.195615629830152,-0.8388968253781128,-0.21276284090278455,-0.39912577980196967,-0.4721678183312227,Bajo,26.566666666666666,1.0,medio
1,15,2,1,1,1,2,120,180,0,61,64,63,64,80.0,322,66.4,7.700649323271382,19.0,PUNT_INGLES,PUNT_LECTURA_CRITICA,1,3,300,0,alto,0.809441606175469,1.104558753157,1.2218083069283985,1.2629749134322181,2.4996399978963906,Alto,89.43333333333334,0.953125,medio
1,25,3,1,1,1,1,0,45,0,42,61,37,44,50.0,232,46.8,9.20326029187483,24.0,PUNT_MATEMATICAS,PUNT_C_NATURALES,1,3,45,0,medio,-1.095362768029871,0.8510645472611158,-1.264781682645652,-0.39912577980196967,-0.12254336936326815,Bajo,36.833333333333336,0.6885245901639344,medio
1,28,3,1,1,1,1,15,120,0,66,67,66,66,75.0,335,68.0,3.9370039370059056,9.0,PUNT_INGLES,PUNT_LECTURA_CRITICA,1,3,135,0,alto,1.3107059151768743,1.3580529590528845,1.508722536494635,1.429184982755637,2.0626094366864476,Alto,94.19999999999999,0.9850746268656716,medio
1,10,3,0,1,0,2,0,15,0,44,43,44,26,47.0,199,40.8,8.408329203831164,21.0,PUNT_INGLES,PUNT_SOCIALES_CIUDADANAS,0,1,15,0,medio,-0.8948570444293088,-0.66990068811419,-0.5953151469911,-1.8950164037127388,-0.38476170608923405,Bajo,14.7,1.0232558139534884,medio
0,12,1,1,1,1,1,0,180,0,46,39,39,42,42.0,208,41.6,2.8809720581775866,7.0,PUNT_LECTURA_CRITICA,PUNT_MATEMATICAS,1,3,180,0,medio,-0.6943513208287467,-1.0078929626420357,-1.0735055296014944,-0.5653358491253885,-0.8217922672991772,Bajo,20.366666666666667,1.1794871794871795,bajo
0,15,2,1,1,1,1,15,45,0,37,52,42,36,38.0,207,41.0,6.557438524302,16.0,PUNT_MATEMATICAS,PUNT_SOCIALES_CIUDADANAS,1,3,60,0,bajo,-1.596627077031276,0.0905819295734629,-0.7865913000352577,-1.0639660570956448,-1.1714167162671316,Bajo,19.566666666666666,0.7115384615384616,medio
1,15,2,1,1,1,2,15,120,0,54,49,59,54,59.0,272,55.0,4.183300132670378,10.0,PUNT_C_NATURALES,PUNT_MATEMATICAS,1,3,135,0,medio,0.10767157357350166,-0.16291227632242142,0.839256000840083,0.43192456681512426,0.6641116408146295,Medio,63.7,1.1020408163265305,medio
0,18,1,0,1,1,1,15,45,1,46,38,41,41,50.0,211,43.2,4.764451699828638,12.0,PUNT_INGLES,PUNT_MATEMATICAS,0,2,60,1,medio,-0.6943513208287467,-1.0923910312739973,-0.8822293765573366,-0.6484408837870979,-0.12254336936326815,Bajo,22.733333333333334,1.2105263157894737,bajo
1,15,2,1,1,0,0,0,180,0,58,74,66,71,63.0,335,66.4,6.348228099241551,16.0,PUNT_MATEMATICAS,PUNT_LECTURA_CRITICA,1,2,180,0,alto,0.5086830207746258,1.9495394394766143,1.508722536494635,1.8447101560641839,1.013736089782584,Alto,94.19999999999999,0.7837837837837838,medio
0,13,2,0,1,0,1,15,15,0,44,39,45,33,43.0,202,40.8,4.919349550499537,12.0,PUNT_C_NATURALES,PUNT_SOCIALES_CIUDADANAS,0,1,30,0,medio,-0.8948570444293088,-1.0078929626420357,-0.49967707046902116,-1.313281161080773,-0.7343861550571885,Bajo,16.3,1.1282051282051282,medio
0,6,2,0,0,1,1,15,45,0,50,51,44,37,39.0,225,44.2,6.300793600809345,14.0,PUNT_MATEMATICAS,PUNT_SOCIALES_CIUDADANAS,0,1,60,0,bajo,-0.29333987362762254,0.006083860941501454,-0.5953151469911,-0.9808610224339355,-1.084010604025143,Bajo,31.433333333333337,0.9803921568627451,medio
1,11,1,0,0,0,1,15,45,0,58,64,59,51,55.0,289,57.4,4.827007354458868,13.0,PUNT_MATEMATICAS,PUNT_SOCIALES_CIUDADANAS,0,0,60,0,medio,0.5086830207746258,1.104558753157,0.839256000840083,0.18260946282999607,0.314487191846675,Medio,74.76666666666667,0.90625,bajo
0,31,1,0,0,1,1,15,15,0,37,40,32,31,26.0,172,33.2,5.449770637375485,14.0,PUNT_MATEMATICAS,PUNT_INGLES,0,1,30,0,bajo,-1.596627077031276,-0.9233948940100744,-1.7429720652560463,-1.4794912304041918,-2.220290063170995,Bajo,3.733333333333334,0.925,bajo
0,6,1,0,0,0,0,45,0,0,44,52,46,41,49.0,230,46.4,4.277849927241488,11.0,PUNT_MATEMATICAS,PUNT_SOCIALES_CIUDADANAS,0,0,45,0,medio,-0.8948570444293088,0.0905819295734629,-0.40403899394694226,-0.6484408837870979,-0.20994948160525678,Bajo,35.333333333333336,0.8461538461538461,bajo
1,30,2,0,0,0,1,15,15,1,50,54,53,45,49.0,252,50.2,3.5637059362410923,9.0,PUNT_MATEMATICAS,PUNT_SOCIALES_CIUDADANAS,0,0,30,1,medio,-0.29333987362762254,0.25957806683738577,0.2654275417076098,-0.3160207451402603,-0.20994948160525678,Medio,50.76666666666667,0.9259259259259259,medio
1,15,3,1,1,1,1,15,180,0,54,55,61,55,66.0,285,58.2,5.167204273105526,12.0,PUNT_INGLES,PUNT_LECTURA_CRITICA,1,3,195,0,alto,0.10767157357350166,0.3440761354693472,1.0305321538842407,0.5150296014768336,1.2759544265085498,Medio,72.73333333333333,0.9818181818181818,medio
0,15,1,1,1,1,1,15,45,0,57,39,49,49,54.0,245,49.6,6.841052550594828,18.0,PUNT_LECTURA_CRITICA,PUNT_MATEMATICAS,1,3,60,0,medio,0.4084301589743448,-1.0078929626420357,-0.11712476438070567,0.016399393506577285,0.22708107960468638,Bajo,46.0,1.4615384615384615,bajo
1,15,4,1,1,1,1,0,120,0,63,65,61,66,65.0,319,64.0,2.0,5.0,PUNT_SOCIALES_CIUDADANAS,PUNT_C_NATURALES,1,3,120,0,alto,1.009947329776031,1.1890568217889614,1.0305321538842407,1.429184982755637,1.1885483142665612,Alto,88.4,0.9692307692307692,alto
1,14,2,1,1,0,2,0,45,1,52,52,56,60,54.0,275,54.8,3.3466401061363023,8.0,PUNT_SOCIALES_CIUDADANAS,PUNT_LECTURA_CRITICA,1,2,45,1,medio,-0.09283415002706044,0.0905819295734629,0.5523417712738464,0.9305547747853806,0.22708107960468638,Medio,65.36666666666666,1.0,medio
0,6,3,1,1,1,1,15,15,0,61,69,66,68,62.0,328,65.2,3.5637059362410923,8.0,PUNT_MATEMATICAS,PUNT_LECTURA_CRITICA,1,3,30,0,alto,0.809441606175469,1.5270490963168073,1.508722536494635,1.5953950520790559,0.9263299775405954,Alto,91.56666666666666,0.8840579710144928,medio
0,10,0,0,0,0,1,15,15,0,47,43,34,42,37.0,206,40.6,5.128352561983234,13.0,PUNT_LECTURA_CRITICA,PUNT_C_NATURALES,0,0,30,0,bajo,-0.5940984590284657,-0.66990068811419,-1.5516959122118887,-0.5653358491253885,-1.2588228285091203,Bajo,19.0,1.0930232558139534,bajo
1,14,2,1,1,1,1,0,45,0,52,63,60,53,57.0,285,57.0,4.636809247747852,11.0,PUNT_MATEMATICAS,PUNT_LECTURA_CRITICA,1,3,45,0,medio,-0.09283415002706044,1.0200606845250386,0.9348940773621618,0.3488195321534149,0.48929941633065227,Medio,72.73333333333333,0.8253968253968254,medio
1,31,2,1,1,1,1,15,45,0,53,65,56,42,47.0,267,52.6,8.792041856133306,23.0,PUNT_MATEMATICAS,PUNT_SOCIALES_CIUDADANAS,1,3,60,0,medio,0.007418711773220604,1.1890568217889614,0.5523417712738464,-0.5653358491253885,-0.38476170608923405,Medio,60.3,0.8153846153846154,medio
0,14,1,0,0,0,1,15,0,0,41,38,32,33,39.0,181,36.6,3.9115214431215892,9.0,PUNT_LECTURA_CRITICA,PUNT_C_NATURALES,0,0,15,0,bajo,-1.195615629830152,-1.0923910312739973,-1.7429720652560463,-1.313281161080773,-1.084010604025143,Bajo,6.133333333333333,1.0789473684210527,bajo
0,21,3,0,1,0,2,0,120,0,42,36,42,30,37.0,187,37.4,4.979959839195493,12.0,PUNT_LECTURA_CRITICA,PUNT_SOCIALES_CIUDADANAS,0,1,120,0,bajo,-1.095362768029871,-1.26138716853792,-0.7865913000352577,-1.5625962650659013,-1.2588228285091203,Bajo,8.366666666666667,1.1666666666666667,medio
1,22,1,0,1,0,1,15,15,0,43,47,37,37,37.0,203,40.2,4.604345773288536,10.0,PUNT_MATEMATICAS,PUNT_C_NATURALES,0,1,30,0,bajo,-0.9951099062295898,-0.33190841358634426,-1.264781682645652,-0.9808610224339355,-1.2588228285091203,Bajo,17.266666666666666,0.9148936170212766,bajo
1,15,4,1,1,1,1,0,180,0,59,61,62,57,48.0,294,57.4,5.594640292279745,14.0,PUNT_C_NATURALES,PUNT_INGLES,1,3,180,0,medio,0.6089358825749068,0.8510645472611158,1.1261702304063195,0.6812396708002525,-0.2973555938472454,Medio,77.46666666666667,0.9672131147540983,alto
0,15,1,1,1,1,2,15,120,0,58,52,44,45,51.0,249,50.0,5.70087712549569,14.0,PUNT_LECTURA_CRITICA,PUNT_C_NATURALES,1,3,135,0,medio,0.5086830207746258,0.0905819295734629,-0.5953151469911,-0.3160207451402603,-0.03513725712127952,Bajo,48.9,1.1153846153846154,bajo
0,12,0,0,0,0,1,45,0,0,27,32,32,26,47.0,153,32.8,8.408329203831162,21.0,PUNT_INGLES,PUNT_SOCIALES_CIUDADANAS,0,0,45,0,medio,-2.5991556950340864,-1.5993794430657657,-1.7429720652560463,-1.8950164037127388,-0.38476170608923405,Bajo,0.36666666666666664,0.84375,bajo
1,4,2,1,1,0,2,0,45,0,58,49,42,47,56.0,248,50.4,6.58027355054484,16.0,PUNT_LECTURA_CRITICA,PUNT_C_NATURALES,1,2,45,0,medio,0.5086830207746258,-0.16291227632242142,-0.7865913000352577,-0.14981067581684152,0.40189330408866364,Bajo,48.3,1.183673469387755,medio
1,30,2,0,1,0,2,15,45,0,48,48,52,48,34.0,239,46.0,6.928203230275509,18.0,PUNT_C_NATURALES,PUNT_INGLES,0,1,60,0,bajo,-0.4938455972281846,-0.24741034495438285,0.16978946518553092,-0.06670564115513211,-1.5210411652350861,Bajo,42.333333333333336,1.0,medio
0,6,2,0,0,0,1,45,120,0,51,55,43,46,49.0,244,48.8,4.604345773288536,12.0,PUNT_MATEMATICAS,PUNT_C_NATURALES,0,0,165,0,medio,-0.19308701182734148,0.3440761354693472,-0.6909532235131789,-0.2329157104785509,-0.20994948160525678,Bajo,45.300000000000004,0.9272727272727272,medio
1,11,1,0,1,0,2,0,15,1,37,39,34,40,36.0,187,37.2,2.3874672772626644,6.0,PUNT_SOCIALES_CIUDADANAS,PUNT_C_NATURALES,0,1,15,1,bajo,-1.596627077031276,-1.0078929626420357,-1.5516959122118887,-0.7315459184488072,-1.346228940751109,Bajo,8.366666666666667,0.9487179487179487,bajo
1,19,0,1,1,1,1,0,120,0,42,44,35,35,28.0,191,36.8,6.3796551630946325,16.0,PUNT_MATEMATICAS,PUNT_INGLES,1,3,120,0,bajo,-1.095362768029871,-0.5854026194822286,-1.4560578356898097,-1.1470710917573543,-2.045477838687018,Bajo,10.633333333333333,0.9545454545454546,bajo
1,29,2,1,0,0,1,15,120,0,61,71,70,74,73.0,347,69.8,5.167204273105526,13.0,PUNT_SOCIALES_CIUDADANAS,PUNT_LECTURA_CRITICA,0,1,135,0,alto,0.809441606175469,1.6960452335807301,1.8912748425829504,2.094025260049312,1.8877972122024702,Alto,96.73333333333333,0.8591549295774648,medio
1,5,1,0,0,0,1,0,15,1,38,32,30,37,42.0,174,35.8,4.8166378315169185,12.0,PUNT_INGLES,PUNT_C_NATURALES,0,0,15,1,medio,-1.4963742152309951,-1.5993794430657657,-1.934248218300204,-0.9808610224339355,-0.8217922672991772,Bajo,4.566666666666666,1.1875,bajo
1,31,3,1,1,1,1,0,180,0,49,58,53,46,45.0,255,50.2,5.357238094391549,13.0,PUNT_MATEMATICAS,PUNT_INGLES,1,3,180,0,medio,-0.3935927354279036,0.5975703413652315,0.2654275417076098,-0.2329157104785509,-0.5595739305732113,Medio,52.63333333333333,0.8448275862068966,medio
0,15,3,1,1,1,1,45,120,0,62,59,70,56,73.0,313,64.0,7.245688373094719,17.0,PUNT_INGLES,PUNT_SOCIALES_CIUDADANAS,1,3,165,0,alto,0.90969446797575,0.6820684099971929,1.8912748425829504,0.598134636138543,1.8877972122024702,Alto,86.23333333333333,1.0508474576271187,medio
1,31,2,1,1,0,0,15,120,0,61,49,51,61,62.0,280,56.8,6.260990336999411,13.0,PUNT_INGLES,PUNT_MATEMATICAS,1,2,135,0,alto,0.809441606175469,-0.16291227632242142,0.07415138866345206,1.01365980944709,0.9263299775405954,Medio,69.3,1.2448979591836735,medio
1,21,3,1,1,1,2,0,45,0,50,59,52,47,57.0,262,53.0,4.949747468305833,12.0,PUNT_MATEMATICAS,PUNT_SOCIALES_CIUDADANAS,1,3,45,0,medio,-0.29333987362762254,0.6820684099971929,0.16978946518553092,-0.14981067581684152,0.48929941633065227,Medio,56.96666666666667,0.847457627118644,medio
1,4,2,1,1,1,1,15,180,0,46,52,43,45,49.0,233,47.0,3.5355339059327378,9.0,PUNT_MATEMATICAS,PUNT_C_NATURALES,1,3,195,0,medio,-0.6943513208287467,0.0905819295734629,-0.6909532235131789,-0.3160207451402603,-0.20994948160525678,Bajo,37.96666666666667,0.8846153846153846,medio
1,31,1,0,1,0,1,45,15,0,65,60,67,66,61.0,321,63.8,3.1144823004794873,7.0,PUNT_C_NATURALES,PUNT_MATEMATICAS,0,1,60,0,alto,1.2104530533765931,0.7665664786291544,1.6043606130167138,1.429184982755637,0.8389238652986067,Alto,89.1,1.0833333333333333,bajo
1,29,1,0,1,0,1,15,120,0,56,57,59,62,71.0,297,61.0,6.041522986797286,15.0,PUNT_INGLES,PUNT_LECTURA_CRITICA,0,1,135,0,alto,0.3081772971740637,0.51307227273327,0.839256000840083,1.0967648441087994,1.712984987718493,Medio,79.03333333333333,0.9824561403508771,bajo
1,6,2,1,1,1,0,15,45,0,51,63,50,38,57.0,255,51.8,9.311283477587825,25.0,PUNT_MATEMATICAS,PUNT_SOCIALES_CIUDADANAS,1,3,60,0,medio,-0.19308701182734148,1.0200606845250386,-0.02148668785862681,-0.8977559877722261,0.48929941633065227,Medio,52.63333333333333,0.8095238095238095,medio
0,15,3,1,1,1,1,15,45,0,53,58,54,54,54.0,273,54.6,1.9493588689617927,5.0,PUNT_MATEMATICAS,PUNT_LECTURA_CRITICA,1,3,60,0,medio,0.007418711773220604,0.5975703413652315,0.36106561822968863,0.43192456681512426,0.22708107960468638,Medio,64.43333333333334,0.9137931034482759,medio
0,14,3,1,1,1,1,0,45,0,52,39,50,39,47.0,226,45.4,6.107372593840988,13.0,PUNT_LECTURA_CRITICA,PUNT_MATEMATICAS,1,3,45,0,medio,-0.09283415002706044,-1.0078929626420357,-0.02148668785862681,-0.8146509531105167,-0.38476170608923405,Bajo,32.13333333333333,1.3333333333333333,medio
0,30,2,0,1,0,1,45,15,1,60,57,42,51,58.0,265,53.6,7.3006848993775915,18.0,PUNT_LECTURA_CRITICA,PUNT_C_NATURALES,0,1,60,1,medio,0.709188744375188,0.51307227273327,-0.7865913000352577,0.18260946282999607,0.5767055285726409,Medio,59.233333333333334,1.0526315789473684,medio
1,7,2,1,1,0,1,15,180,0,49,48,50,43,56.0,241,49.2,4.658325879540846,13.0,PUNT_INGLES,PUNT_SOCIALES_CIUDADANAS,1,2,195,0,medio,-0.3935927354279036,-0.24741034495438285,-0.02148668785862681,-0.4822308144636791,0.40189330408866364,Bajo,43.266666666666666,1.0208333333333333,medio
0,21,2,1,1,1,1,90,120,0,65,65,63,62,69.0,321,64.8,2.6832815729997477,7.0,PUNT_INGLES,PUNT_SOCIALES_CIUDADANAS,1,3,210,0,alto,1.2104530533765931,1.1890568217889614,1.2218083069283985,1.0967648441087994,1.5381727632345157,Alto,89.1,1.0,medio
0,15,3,1,1,1,2,120,180,0,57,73,70,60,72.0,328,66.4,7.368853370776216,16.0,PUNT_MATEMATICAS,PUNT_LECTURA_CRITICA,1,3,300,0,alto,0.4084301589743448,1.865041370844653,1.8912748425829504,0.9305547747853806,1.8003910999604817,Alto,91.56666666666666,0.7808219178082192,medio
1,31,2,1,1,1,2,15,120,0,48,43,40,34,45.0,208,42.0,5.338539126015656,14.0,PUNT_LECTURA_CRITICA,PUNT_SOCIALES_CIUDADANAS,1,3,135,0,medio,-0.4938455972281846,-0.66990068811419,-0.9778674530794155,-1.2301761264190636,-0.5595739305732113,Bajo,20.366666666666667,1.1162790697674418,medio
0,22,1,0,1,0,1,15,15,0,40,51,45,35,51.0,217,44.4,6.985699678629192,16.0,PUNT_MATEMATICAS,PUNT_SOCIALES_CIUDADANAS,0,1,30,0,medio,-1.295868491630433,0.006083860941501454,-0.49967707046902116,-1.1470710917573543,-0.03513725712127952,Bajo,25.900000000000002,0.7843137254901961,bajo
1,28,1,0,1,0,1,15,45,0,41,48,42,28,39.0,198,39.6,7.3006848993775915,20.0,PUNT_MATEMATICAS,PUNT_SOCIALES_CIUDADANAS,0,1,60,0,bajo,-1.195615629830152,-0.24741034495438285,-0.7865913000352577,-1.72880633438932,-1.084010604025143,Bajo,14.266666666666666,0.8541666666666666,bajo
1,22,1,0,0,0,1,15,45,1,62,71,63,62,53.0,318,62.2,6.3796551630946325,18.0,PUNT_MATEMATICAS,PUNT_INGLES,0,0,60,1,medio,0.90969446797575,1.6960452335807301,1.2218083069283985,1.0967648441087994,0.13967496736269774,Alto,88.03333333333333,0.8732394366197183,bajo
0,19,3,1,1,0,2,0,180,0,43,36,37,33,30.0,183,35.8,4.868264577855234,13.0,PUNT_LECTURA_CRITICA,PUNT_INGLES,1,2,180,0,bajo,-0.9951099062295898,-1.26138716853792,-1.264781682645652,-1.313281161080773,-1.8706656142030407,Bajo,7.1,1.1944444444444444,medio
0,15,2,0,1,1,0,45,120,0,60,48,51,57,49.0,268,53.0,5.244044240850758,12.0,PUNT_LECTURA_CRITICA,PUNT_MATEMATICAS,0,2,165,0,medio,0.709188744375188,-0.24741034495438285,0.07415138866345206,0.6812396708002525,-0.20994948160525678,Medio,61.16666666666667,1.25,medio
1,15,2,1,1,1,1,0,120,0,50,53,50,41,55.0,245,49.8,5.357238094391549,14.0,PUNT_INGLES,PUNT_SOCIALES_CIUDADANAS,1,3,120,0,medio,-0.29333987362762254,0.17507999820542433,-0.02148668785862681,-0.6484408837870979,0.314487191846675,Bajo,46.0,0.9433962264150944,medio
0,10,3,1,0,1,2,0,45,0,40,41,41,47,47.0,213,43.2,3.492849839314596,7.0,PUNT_SOCIALES_CIUDADANAS,PUNT_LECTURA_CRITICA,0,2,45,0,medio,-1.295868491630433,-0.8388968253781128,-0.8822293765573366,-0.14981067581684152,-0.38476170608923405,Bajo,23.733333333333334,0.975609756097561,medio
1,31,0,0,0,0,1,90,120,1,47,46,39,36,42.0,210,42.0,4.636809247747852,11.0,PUNT_LECTURA_CRITICA,PUNT_SOCIALES_CIUDADANAS,0,0,210,1,medio,-0.5940984590284657,-0.41640648221830573,-1.0735055296014944,-1.0639660570956448,-0.8217922672991772,Bajo,21.96666666666667,1.0217391304347827,bajo
0,22,2,0,1,0,1,15,15,0,38,36,35,19,44.0,165,34.4,9.289779329994873,25.0,PUNT_INGLES,PUNT_SOCIALES_CIUDADANAS,0,1,30,0,medio,-1.4963742152309951,-1.26138716853792,-1.4560578356898097,-2.4767516463447046,-0.6469800428151999,Bajo,1.9666666666666666,1.0555555555555556,medio
1,4,3,1,1,1,1,90,120,0,44,33,38,39,35.0,191,37.8,4.207136793592526,11.0,PUNT_LECTURA_CRITICA,PUNT_MATEMATICAS,1,3,210,0,bajo,-0.8948570444293088,-1.5148813744338043,-1.1691436061235732,-0.8146509531105167,-1.4336350529930975,Bajo,10.633333333333333,1.3333333333333333,medio
1,23,4,1,1,1,1,45,180,0,57,64,56,47,63.0,283,57.4,6.8044103344816,17.0,PUNT_MATEMATICAS,PUNT_SOCIALES_CIUDADANAS,1,3,225,0,alto,0.4084301589743448,1.104558753157,0.5523417712738464,-0.14981067581684152,1.013736089782584,Medio,71.46666666666667,0.890625,alto
1,28,2,1,1,1,1,45,120,0,51,53,46,66,51.0,269,53.4,7.503332592921629,20.0,PUNT_SOCIALES_CIUDADANAS,PUNT_C_NATURALES,1,3,165,0,medio,-0.19308701182734148,0.17507999820542433,-0.40403899394694226,1.429184982755637,-0.03513725712127952,Medio,61.9,0.9622641509433962,medio
0,15,3,1,1,1,1,90,120,0,65,62,68,53,62.0,310,62.0,5.612486080160912,15.0,PUNT_C_NATURALES,PUNT_SOCIALES_CIUDADANAS,1,3,210,0,alto,1.2104530533765931,0.9355626158930772,1.6999986895387929,0.3488195321534149,0.9263299775405954,Alto,85.2,1.0483870967741935,medio
0,4,1,0,1,0,2,0,45,0,47,42,36,32,49.0,200,41.2,7.19027120489902,17.0,PUNT_INGLES,PUNT_SOCIALES_CIUDADANAS,0,1,45,0,medio,-0.5940984590284657,-0.7543987567461514,-1.360419759167731,-1.3963861957424824,-0.20994948160525678,Bajo,15.266666666666667,1.119047619047619,bajo
1,31,1,0,0,0,0,45,45,1,32,29,33,37,42.0,167,34.6,5.029910535983716,13.0,PUNT_INGLES,PUNT_MATEMATICAS,0,0,90,1,medio,-2.0978913860326815,-1.8528736489616502,-1.6473339887339675,-0.9808610224339355,-0.8217922672991772,Bajo,2.6,1.103448275862069,bajo
1,28,2,1,1,1,1,90,45,1,63,61,53,70,68.0,311,63.0,6.670832032063167,17.0,PUNT_SOCIALES_CIUDADANAS,PUNT_C_NATURALES,1,3,135,1,alto,1.009947329776031,0.8510645472611158,0.2654275417076098,1.7616051214024746,1.4507666509925272,Alto,85.5,1.0327868852459017,medio
1,15,3,1,1,1,2,15,180,0,65,64,49,52,54.0,286,56.8,7.259476565152614,16.0,PUNT_LECTURA_CRITICA,PUNT_C_NATURALES,1,3,195,0,medio,1.2104530533765931,1.104558753157,-0.11712476438070567,0.26571449749170545,0.22708107960468638,Medio,73.4,1.015625,medio
1,15,4,1,0,1,0,45,180,0,63,69,67,58,46.0,314,60.6,9.181503144910424,23.0,PUNT_MATEMATICAS,PUNT_INGLES,0,2,225,0,medio,1.009947329776031,1.5270490963168073,1.6043606130167138,0.7643447054619619,-0.4721678183312227,Alto,86.56666666666666,0.9130434782608695,alto
1,2,0,0,0,0,0,45,15,0,42,33,40,30,42.0,183,37.4,5.549774770204643,12.0,PUNT_LECTURA_CRITICA,PUNT_SOCIALES_CIUDADANAS,0,0,60,0,medio,-1.095362768029871,-1.5148813744338043,-0.9778674530794155,-1.5625962650659013,-0.8217922672991772,Bajo,7.1,1.2727272727272727,bajo
1,4,3,1,1,1,2,45,120,0,75,82,100,79,82.0,419,83.6,9.607288899580361,25.0,PUNT_C_NATURALES,PUNT_LECTURA_CRITICA,1,3,165,0,alto,2.2129816713794037,2.625523988532306,4.760417138245316,2.5095504333578593,2.674452222380368,Superior,99.93333333333332,0.9146341463414634,medio
0,4,3,0,1,1,1,45,45,0,35,46,44,41,45.0,209,42.2,4.43846820423443,11.0,PUNT_MATEMATICAS,PUNT_LECTURA_CRITICA,0,2,90,0,medio,-1.7971328006318381,-0.41640648221830573,-0.5953151469911,-0.6484408837870979,-0.5595739305732113,Bajo,21.166666666666668,0.7608695652173914,medio
1,10,1,0,0,0,2,45,120,1,39,33,32,38,43.0,180,37.0,4.527692569068709,11.0,PUNT_INGLES,PUNT_C_NATURALES,0,0,165,1,medio,-1.396121353430714,-1.5148813744338043,-1.7429720652560463,-0.8977559877722261,-0.7343861550571885,Bajo,5.733333333333333,1.1818181818181819,bajo
0,26,1,0,1,0,1,45,15,0,49,48,44,42,45.0,228,45.6,2.8809720581775866,7.0,PUNT_LECTURA_CRITICA,PUNT_SOCIALES_CIUDADANAS,0,1,60,0,medio,-0.3935927354279036,-0.24741034495438285,-0.5953151469911,-0.5653358491253885,-0.5595739305732113,Bajo,34.03333333333333,1.0208333333333333,bajo
1,2,3,0,1,0,1,15,45,0,58,46,59,46,52.0,261,52.2,6.260990336999411,13.0,PUNT_C_NATURALES,PUNT_MATEMATICAS,0,1,60,0,medio,0.5086830207746258,-0.41640648221830573,0.839256000840083,-0.2329157104785509,0.05226885512070911,Medio,56.333333333333336,1.2608695652173914,medio
1,18,1,1,1,1,1,45,120,0,56,65,48,47,53.0,270,53.8,7.259476565152614,18.0,PUNT_MATEMATICAS,PUNT_SOCIALES_CIUDADANAS,1,3,165,0,medio,0.3081772971740637,1.1890568217889614,-0.21276284090278455,-0.14981067581684152,0.13967496736269774,Medio,62.4,0.8615384615384616,bajo
0,31,2,1,0,0,2,45,15,0,52,52,49,43,36.0,240,46.4,6.877499545619759,16.0,PUNT_LECTURA_CRITICA,PUNT_INGLES,0,1,60,0,bajo,-0.09283415002706044,0.0905819295734629,-0.11712476438070567,-0.4822308144636791,-1.346228940751109,Bajo,42.766666666666666,1.0,medio
0,11,1,0,1,0,1,15,45,1,44,59,58,49,60.0,265,54.0,7.106335201775948,16.0,PUNT_INGLES,PUNT_LECTURA_CRITICA,0,1,60,1,medio,-0.8948570444293088,0.6820684099971929,0.7436179243180041,0.016399393506577285,0.7515177530566182,Medio,59.233333333333334,0.7457627118644068,bajo
0,7,1,0,1,0,1,15,45,0,51,45,41,36,53.0,220,45.2,7.014271166700072,17.0,PUNT_INGLES,PUNT_SOCIALES_CIUDADANAS,0,1,60,0,medio,-0.19308701182734148,-0.5009045508502672,-0.8822293765573366,-1.0639660570956448,0.13967496736269774,Bajo,27.866666666666667,1.1333333333333333,bajo
1,14,2,0,1,0,1,15,120,0,56,52,48,47,55.0,255,51.6,4.03732584763727,9.0,PUNT_LECTURA_CRITICA,PUNT_SOCIALES_CIUDADANAS,0,1,135,0,medio,0.3081772971740637,0.0905819295734629,-0.21276284090278455,-0.14981067581684152,0.314487191846675,Medio,52.63333333333333,1.0769230769230769,medio
0,15,3,1,1,1,1,15,180,0,55,63,58,63,65.0,301,60.8,4.147288270665544,10.0,PUNT_INGLES,PUNT_LECTURA_CRITICA,1,3,195,0,alto,0.2079244353737827,1.0200606845250386,0.7436179243180041,1.1798698787705089,1.1885483142665612,Alto,80.7,0.873015873015873,medio
1,31,1,0,1,1,2,15,15,0,51,54,58,51,56.0,268,54.0,3.082207001484488,7.0,PUNT_C_NATURALES,PUNT_LECTURA_CRITICA,0,2,30,0,medio,-0.19308701182734148,0.25957806683738577,0.7436179243180041,0.18260946282999607,0.40189330408866364,Medio,61.16666666666667,0.9444444444444444,bajo
0,2,3,1,1,1,1,15,120,0,63,50,50,47,54.0,263,52.8,6.220932405998316,16.0,PUNT_LECTURA_CRITICA,PUNT_SOCIALES_CIUDADANAS,1,3,135,0,medio,1.009947329776031,-0.07841420769045998,-0.02148668785862681,-0.14981067581684152,0.22708107960468638,Medio,57.93333333333334,1.26,medio
0,20,1,1,1,1,1,15,15,0,51,34,41,45,44.0,214,43.0,6.2048368229954285,17.0,PUNT_LECTURA_CRITICA,PUNT_MATEMATICAS,1,3,30,0,medio,-0.19308701182734148,-1.430383305801843,-0.8822293765573366,-0.3160207451402603,-0.6469800428151999,Bajo,24.2,1.5,bajo
1,25,0,1,1,1,2,0,45,0,42,53,46,36,44.0,221,44.2,6.180614856144977,17.0,PUNT_MATEMATICAS,PUNT_SOCIALES_CIUDADANAS,1,3,45,0,medio,-1.095362768029871,0.17507999820542433,-0.40403899394694226,-1.0639660570956448,-0.6469800428151999,Bajo,28.733333333333334,0.7924528301886793,bajo
1,2,2,1,1,1,1,0,180,0,45,47,43,33,59.0,217,45.4,9.316651759081692,26.0,PUNT_INGLES,PUNT_SOCIALES_CIUDADANAS,1,3,180,0,medio,-0.7946041826290278,-0.33190841358634426,-0.6909532235131789,-1.313281161080773,0.6641116408146295,Bajo,25.900000000000002,0.9574468085106383,medio
0,21,3,1,1,1,1,120,120,0,66,55,62,60,63.0,305,61.2,4.08656334834051,11.0,PUNT_LECTURA_CRITICA,PUNT_MATEMATICAS,1,3,240,0,alto,1.3107059151768743,0.3440761354693472,1.1261702304063195,0.9305547747853806,1.013736089782584,Alto,82.69999999999999,1.2,medio
0,14,3,1,1,1,1,15,45,0,64,60,64,70,63.0,322,64.2,3.6331804249169903,10.0,PUNT_SOCIALES_CIUDADANAS,PUNT_MATEMATICAS,1,3,60,0,alto,1.110200191576312,0.7665664786291544,1.3174463834504773,1.7616051214024746,1.013736089782584,Alto,89.43333333333334,1.0666666666666667,medio
1,15,4,1,1,1,0,0,120,1,71,71,72,79,73.0,366,73.2,3.3466401061363023,8.0,PUNT_SOCIALES_CIUDADANAS,PUNT_LECTURA_CRITICA,1,3,120,1,alto,1.8119702241782794,1.6960452335807301,2.082550995627108,2.5095504333578593,1.8877972122024702,Superior,98.63333333333333,1.0,alto
0,30,1,1,1,1,1,15,15,0,46,39,49,40,49.0,220,44.6,4.8270073544588685,10.0,PUNT_C_NATURALES,PUNT_MATEMATICAS,1,3,30,0,medio,-0.6943513208287467,-1.0078929626420357,-0.11712476438070567,-0.7315459184488072,-0.20994948160525678,Bajo,27.866666666666667,1.1794871794871795,bajo
1,14,4,1,1,1,2,15,120,0,62,67,60,64,58.0,314,62.2,3.492849839314596,9.0,PUNT_MATEMATICAS,PUNT_INGLES,1,3,135,0,medio,0.90969446797575,1.3580529590528845,0.9348940773621618,1.2629749134322181,0.5767055285726409,Alto,86.56666666666666,0.9253731343283582,alto
0,30,1,0,1,1,2,45,45,0,39,43,38,31,43.0,191,38.8,4.919349550499538,12.0,PUNT_MATEMATICAS,PUNT_SOCIALES_CIUDADANAS,0,2,90,0,medio,-1.396121353430714,-0.66990068811419,-1.1691436061235732,-1.4794912304041918,-0.7343861550571885,Bajo,10.633333333333333,0.9069767441860465,bajo
0,30,1,0,0,0,2,90,15,0,46,34,41,45,42.0,208,41.6,4.722287581247038,12.0,PUNT_LECTURA_CRITICA,PUNT_MATEMATICAS,0,0,105,0,medio,-0.6943513208287467,-1.430383305801843,-0.8822293765573366,-0.3160207451402603,-0.8217922672991772,Bajo,20.366666666666667,1.3529411764705883,bajo
1,4,2,1,1,0,2,45,120,0,48,60,58,34,67.0,257,53.4,12.798437404620925,33.0,PUNT_INGLES,PUNT_SOCIALES_CIUDADANAS,1,2,165,0,alto,-0.4938455972281846,0.7665664786291544,0.7436179243180041,-1.2301761264190636,1.3633605387505385,Medio,53.733333333333334,0.8,medio
0,31,2,0,0,0,1,15,0,0,59,60,58,49,49.0,280,55.0,5.522680508593631,11.0,PUNT_MATEMATICAS,PUNT_SOCIALES_CIUDADANAS,0,0,15,0,medio,0.6089358825749068,0.7665664786291544,0.7436179243180041,0.016399393506577285,-0.20994948160525678,Medio,69.3,0.9833333333333333,medio
0,27,4,1,1,1,2,120,120,0,71,70,64,68,71.0,342,68.8,2.9495762407505253,7.0,PUNT_LECTURA_CRITICA,PUNT_C_NATURALES,1,3,240,0,alto,1.8119702241782794,1.6115471649487687,1.3174463834504773,1.5953950520790559,1.712984987718493,Alto,96.16666666666667,1.0142857142857142,alto
0,31,1,0,1,0,1,15,45,1,63,56,53,49,33.0,268,50.8,11.18928058455949,30.0,PUNT_LECTURA_CRITICA,PUNT_INGLES,0,1,60,1,bajo,1.009947329776031,0.42857420410130864,0.2654275417076098,0.016399393506577285,-1.6084472774770748,Medio,61.16666666666667,1.125,bajo
0,13,1,0,1,1,0,90,15,0,52,54,52,47,58.0,259,52.6,3.9749213828703582,11.0,PUNT_INGLES,PUNT_SOCIALES_CIUDADANAS,0,2,105,0,medio,-0.09283415002706044,0.25957806683738577,0.16978946518553092,-0.14981067581684152,0.5767055285726409,Medio,55.06666666666666,0.9629629629629629,bajo
0,8,1,1,1,1,2,45,120,0,44,44,40,48,45.0,220,44.2,2.8635642126552705,8.0,PUNT_SOCIALES_CIUDADANAS,PUNT_C_NATURALES,1,3,165,0,medio,-0.8948570444293088,-0.5854026194822286,-0.9778674530794155,-0.06670564115513211,-0.5595739305732113,Bajo,27.866666666666667,1.0,bajo
0,2,3,0,1,0,1,45,15,0,27,27,42,29,32.0,157,31.4,6.268971207462992,15.0,PUNT_C_NATURALES,PUNT_LECTURA_CRITICA,0,1,60,0,bajo,-2.5991556950340864,-2.021869786225573,-0.7865913000352577,-1.6457012997276106,-1.6958533897190635,Bajo,0.5666666666666667,1.0,medio
0,28,2,1,1,1,2,90,180,0,70,71,72,81,85.0,372,75.8,6.760177512462229,15.0,PUNT_INGLES,PUNT_LECTURA_CRITICA,1,3,270,0,alto,1.7117173623779984,1.6960452335807301,2.082550995627108,2.675760502681278,2.936670559106334,Superior,99.16666666666667,0.9859154929577465,medio
0,25,2,0,1,1,1,90,45,0,59,50,52,50,50.0,263,52.2,3.8987177379235853,9.0,PUNT_LECTURA_CRITICA,PUNT_MATEMATICAS,0,2,135,0,medio,0.6089358825749068,-0.07841420769045998,0.16978946518553092,0.09950442816828668,-0.12254336936326815,Medio,57.93333333333334,1.18,medio
1,23,1,0,1,0,1,15,15,0,53,45,48,46,56.0,243,49.6,4.722287581247038,11.0,PUNT_INGLES,PUNT_MATEMATICAS,0,1,30,0,medio,0.007418711773220604,-0.5009045508502672,-0.21276284090278455,-0.2329157104785509,0.40189330408866364,Bajo,44.733333333333334,1.1777777777777778,bajo
1,15,1,0,1,1,1,15,45,0,49,34,35,41,49.0,202,41.6,7.26636084983398,15.0,PUNT_LECTURA_CRITICA,PUNT_MATEMATICAS,0,2,60,0,medio,-0.3935927354279036,-1.430383305801843,-1.4560578356898097,-0.6484408837870979,-0.20994948160525678,Bajo,16.3,1.4411764705882353,bajo
0,22,1,1,1,1,1,0,45,1,58,60,49,31,56.0,250,50.8,11.819475453673908,29.0,PUNT_MATEMATICAS,PUNT_SOCIALES_CIUDADANAS,1,3,45,1,medio,0.5086830207746258,0.7665664786291544,-0.11712476438070567,-1.4794912304041918,0.40189330408866364,Bajo,49.6,0.9666666666666667,bajo
1,2,2,1,1,0,1,0,15,0,50,34,36,42,45.0,204,41.4,6.542170893518451,16.0,PUNT_LECTURA_CRITICA,PUNT_MATEMATICAS,1,2,15,0,medio,-0.29333987362762254,-1.430383305801843,-1.360419759167731,-0.5653358491253885,-0.5595739305732113,Bajo,18.133333333333333,1.4705882352941178,medio
0,31,1,1,1,0,0,15,45,0,45,48,48,49,50.0,238,48.0,1.8708286933869707,5.0,PUNT_INGLES,PUNT_LECTURA_CRITICA,1,2,60,0,medio,-0.7946041826290278,-0.24741034495438285,-0.21276284090278455,0.016399393506577285,-0.12254336936326815,Bajo,41.699999999999996,0.9375,bajo
1,22,1,0,1,0,2,15,45,0,46,55,44,45,34.0,232,44.8,7.463243262818116,21.0,PUNT_MATEMATICAS,PUNT_INGLES,0,1,60,0,bajo,-0.6943513208287467,0.3440761354693472,-0.5953151469911,-0.3160207451402603,-1.5210411652350861,Bajo,36.833333333333336,0.8363636363636363,bajo
0,15,4,1,1,1,1,90,180,0,59,60,56,54,57.0,286,57.2,2.3874672772626644,6.0,PUNT_MATEMATICAS,PUNT_SOCIALES_CIUDADANAS,1,3,270,0,medio,0.6089358825749068,0.7665664786291544,0.5523417712738464,0.43192456681512426,0.48929941633065227,Medio,73.4,0.9833333333333333,alto
0,26,3,1,1,1,1,0,15,1,49,48,50,44,44.0,237,47.0,2.8284271247461903,6.0,PUNT_C_NATURALES,PUNT_SOCIALES_CIUDADANAS,1,3,15,1,medio,-0.3935927354279036,-0.24741034495438285,-0.02148668785862681,-0.39912577980196967,-0.6469800428151999,Bajo,40.8,1.0208333333333333,medio
0,31,3,0,1,0,1,15,15,0,32,20,33,32,32.0,147,29.8,5.495452665613635,13.0,PUNT_C_NATURALES,PUNT_MATEMATICAS,0,1,30,0,bajo,-2.0978913860326815,-2.613356266649303,-1.6473339887339675,-1.3963861957424824,-1.6958533897190635,Bajo,0.23333333333333336,1.6,medio
1,15,2,1,1,1,1,45,180,0,59,60,55,53,53.0,282,56.0,3.3166247903554,7.0,PUNT_MATEMATICAS,PUNT_SOCIALES_CIUDADANAS,1,3,225,0,medio,0.6089358825749068,0.7665664786291544,0.45670369475176753,0.3488195321534149,0.13967496736269774,Medio,70.5,0.9833333333333333,medio
1,31,2,1,1,1,1,15,45,0,42,38,47,49,61.0,227,47.4,8.734987120768983,23.0,PUNT_INGLES,PUNT_MATEMATICAS,1,3,60,0,alto,-1.095362768029871,-1.0923910312739973,-0.3084009174248634,0.016399393506577285,0.8389238652986067,Bajo,33.0,1.105263157894737,medio
0,2,2,1,1,1,2,90,120,0,61,45,56,56,62.0,275,56.0,6.745368781616021,17.0,PUNT_INGLES,PUNT_MATEMATICAS,1,3,210,0,alto,0.809441606175469,-0.5009045508502672,0.5523417712738464,0.598134636138543,0.9263299775405954,Medio,65.36666666666666,1.3555555555555556,medio
0,14,2,1,1,1,1,45,45,0,44,46,31,37,42.0,198,40.0,6.041522986797286,15.0,PUNT_MATEMATICAS,PUNT_C_NATURALES,1,3,90,0,medio,-0.8948570444293088,-0.41640648221830573,-1.8386101417781253,-0.9808610224339355,-0.8217922672991772,Bajo,14.266666666666666,0.9565217391304348,medio
0,15,3,1,1,1,1,45,180,0,62,75,68,66,68.0,339,67.8,4.711687595755899,13.0,PUNT_MATEMATICAS,PUNT_LECTURA_CRITICA,1,3,225,0,alto,0.90969446797575,2.0340375081085758,1.6999986895387929,1.429184982755637,1.4507666509925272,Alto,95.53333333333333,0.8266666666666667,medio
0,2,1,1,0,0,1,0,180,0,53,37,29,35,45.0,195,39.8,9.338094023943,24.0,PUNT_LECTURA_CRITICA,PUNT_C_NATURALES,0,1,180,0,medio,0.007418711773220604,-1.1768890999059587,-2.029886294822283,-1.1470710917573543,-0.5595739305732113,Bajo,12.933333333333334,1.4324324324324325,bajo
0,28,1,0,1,0,2,15,180,0,53,59,47,46,58.0,259,52.6,6.024948132556827,13.0,PUNT_MATEMATICAS,PUNT_SOCIALES_CIUDADANAS,0,1,195,0,medio,0.007418711773220604,0.6820684099971929,-0.3084009174248634,-0.2329157104785509,0.5767055285726409,Medio,55.06666666666666,0.8983050847457628,bajo
0,15,1,1,1,1,2,45,120,0,57,60,46,55,44.0,268,52.4,7.021395872616783,16.0,PUNT_MATEMATICAS,PUNT_INGLES,1,3,165,0,medio,0.4084301589743448,0.7665664786291544,-0.40403899394694226,0.5150296014768336,-0.6469800428151999,Medio,61.16666666666667,0.95,bajo
0,26,3,1,0,1,1,0,15,0,46,32,41,36,42.0,195,39.4,5.458937625582472,14.0,PUNT_LECTURA_CRITICA,PUNT_MATEMATICAS,0,2,15,0,medio,-0.6943513208287467,-1.5993794430657657,-0.8822293765573366,-1.0639660570956448,-0.8217922672991772,Bajo,12.933333333333334,1.4375,medio
0,28,1,1,1,1,1,15,180,0,58,59,58,51,51.0,280,55.4,4.03732584763727,8.0,PUNT_MATEMATICAS,PUNT_SOCIALES_CIUDADANAS,1,3,195,0,medio,0.5086830207746258,0.6820684099971929,0.7436179243180041,0.18260946282999607,-0.03513725712127952,Medio,69.3,0.9830508474576272,bajo
0,5,1,0,1,0,1,90,120,0,58,40,50,55,60.0,257,52.6,7.987490219086344,20.0,PUNT_INGLES,PUNT_MATEMATICAS,0,1,210,0,medio,0.5086830207746258,-0.9233948940100744,-0.02148668785862681,0.5150296014768336,0.7515177530566182,Medio,53.733333333333334,1.45,bajo
0,20,3,1,1,1,1,45,120,0,55,53,45,53,53.0,258,51.8,3.8987177379235853,10.0,PUNT_LECTURA_CRITICA,PUNT_C_NATURALES,1,3,165,0,medio,0.2079244353737827,0.17507999820542433,-0.49967707046902116,0.3488195321534149,0.13967496736269774,Medio,54.400000000000006,1.0377358490566038,medio
1,15,2,1,1,1,1,45,120,0,58,61,59,54,63.0,292,59.0,3.391164991562634,9.0,PUNT_INGLES,PUNT_SOCIALES_CIUDADANAS,1,3,165,0,alto,0.5086830207746258,0.8510645472611158,0.839256000840083,0.43192456681512426,1.013736089782584,Medio,76.33333333333333,0.9508196721311475,medio
0,2,2,1,1,1,1,0,45,0,42,38,31,29,46.0,179,37.2,7.19027120489902,17.0,PUNT_INGLES,PUNT_SOCIALES_CIUDADANAS,1,3,45,0,medio,-1.095362768029871,-1.0923910312739973,-1.8386101417781253,-1.6457012997276106,-0.4721678183312227,Bajo,5.4,1.105263157894737,medio
1,15,3,1,1,1,1,15,120,0,71,69,64,68,69.0,340,68.2,2.5884358211089573,7.0,PUNT_LECTURA_CRITICA,PUNT_C_NATURALES,1,3,135,0,alto,1.8119702241782794,1.5270490963168073,1.3174463834504773,1.5953950520790559,1.5381727632345157,Alto,95.76666666666667,1.0289855072463767,medio
0,2,2,1,1,1,2,15,180,0,42,44,47,32,45.0,208,42.0,5.873670062235365,15.0,PUNT_C_NATURALES,PUNT_SOCIALES_CIUDADANAS,1,3,195,0,medio,-1.095362768029871,-0.5854026194822286,-0.3084009174248634,-1.3963861957424824,-0.5595739305732113,Bajo,20.366666666666667,0.9545454545454546,medio
1,10,0,0,0,0,1,45,120,1,59,59,47,43,51.0,260,51.8,7.155417527999327,16.0,PUNT_LECTURA_CRITICA,PUNT_SOCIALES_CIUDADANAS,0,0,165,1,medio,0.6089358825749068,0.6820684099971929,-0.3084009174248634,-0.4822308144636791,-0.03513725712127952,Medio,55.766666666666666,1.0,bajo
0,28,5,1,1,1,2,90,45,0,54,49,51,48,62.0,257,52.8,5.630275304103699,14.0,PUNT_INGLES,PUNT_SOCIALES_CIUDADANAS,1,3,135,0,alto,0.10767157357350166,-0.16291227632242142,0.07415138866345206,-0.06670564115513211,0.9263299775405954,Medio,53.733333333333334,1.1020408163265305,alto
0,2,5,1,1,1,1,0,120,0,70,81,67,79,88.0,377,77.0,8.514693182963201,21.0,PUNT_INGLES,PUNT_C_NATURALES,1,3,120,0,alto,1.7117173623779984,2.5410259199003447,1.6043606130167138,2.5095504333578593,3.1988888958322996,Superior,99.46666666666667,0.8641975308641975,alto
0,18,2,0,1,0,0,45,180,0,70,49,63,67,64.0,312,62.6,8.080841540334768,21.0,PUNT_LECTURA_CRITICA,PUNT_MATEMATICAS,0,1,225,0,alto,1.7117173623779984,-0.16291227632242142,1.2218083069283985,1.5122900174173464,1.1011422020245727,Alto,85.83333333333333,1.4285714285714286,medio
1,31,1,1,1,1,2,0,120,0,48,43,43,46,44.0,225,44.8,2.1679483388678804,5.0,PUNT_LECTURA_CRITICA,PUNT_MATEMATICAS,1,3,120,0,medio,-0.4938455972281846,-0.66990068811419,-0.6909532235131789,-0.2329157104785509,-0.6469800428151999,Bajo,31.433333333333337,1.1162790697674418,bajo
0,14,2,0,0,1,1,45,15,0,52,47,54,52,48.0,255,50.6,2.9664793948382653,7.0,PUNT_C_NATURALES,PUNT_MATEMATICAS,0,1,60,0,medio,-0.09283415002706044,-0.33190841358634426,0.36106561822968863,0.26571449749170545,-0.2973555938472454,Medio,52.63333333333333,1.1063829787234043,medio
1,11,1,0,0,1,2,45,45,0,58,54,38,53,57.0,256,52.0,8.093207028119323,20.0,PUNT_LECTURA_CRITICA,PUNT_C_NATURALES,0,1,90,0,medio,0.5086830207746258,0.25957806683738577,-1.1691436061235732,0.3488195321534149,0.48929941633065227,Medio,53.233333333333334,1.0740740740740742,bajo
0,27,1,0,0,1,0,90,120,0,58,48,48,40,66.0,249,52.0,10.099504938362077,26.0,PUNT_INGLES,PUNT_SOCIALES_CIUDADANAS,0,1,210,0,alto,0.5086830207746258,-0.24741034495438285,-0.21276284090278455,-0.7315459184488072,1.2759544265085498,Bajo,48.9,1.2083333333333333,bajo
0,21,1,0,0,0,1,15,15,1,34,40,42,43,39.0,198,39.6,3.507135583350036,9.0,PUNT_SOCIALES_CIUDADANAS,PUNT_LECTURA_CRITICA,0,0,30,1,bajo,-1.8973856624321193,-0.9233948940100744,-0.7865913000352577,-0.4822308144636791,-1.084010604025143,Bajo,14.266666666666666,0.85,bajo
0,28,2,1,1,1,0,45,45,0,55,54,47,65,59.0,278,56.0,6.6332495807108,18.0,PUNT_SOCIALES_CIUDADANAS,PUNT_C_NATURALES,1,3,90,0,medio,0.2079244353737827,0.25957806683738577,-0.3084009174248634,1.3460799480939276,0.6641116408146295,Medio,67.80000000000001,1.0185185185185186,medio
0,2,2,0,1,0,1,0,120,0,49,48,42,41,49.0,227,45.8,3.96232255123179,8.0,PUNT_LECTURA_CRITICA,PUNT_SOCIALES_CIUDADANAS,0,1,120,0,medio,-0.3935927354279036,-0.24741034495438285,-0.7865913000352577,-0.6484408837870979,-0.20994948160525678,Bajo,33.0,1.0208333333333333,medio
1,20,2,1,1,1,0,15,120,0,52,52,57,57,57.0,273,55.0,2.7386127875258306,5.0,PUNT_C_NATURALES,PUNT_LECTURA_CRITICA,1,3,135,0,medio,-0.09283415002706044,0.0905819295734629,0.6479798477959252,0.6812396708002525,0.48929941633065227,Medio,64.43333333333334,1.0,medio
1,12,1,0,1,0,2,90,15,0,52,35,42,46,47.0,220,44.4,6.348228099241552,17.0,PUNT_LECTURA_CRITICA,PUNT_MATEMATICAS,0,1,105,0,medio,-0.09283415002706044,-1.3458852371698815,-0.7865913000352577,-0.2329157104785509,-0.38476170608923405,Bajo,27.866666666666667,1.4857142857142858,bajo
1,31,2,0,1,0,1,45,15,1,53,45,47,48,59.0,245,50.4,5.639148871948674,14.0,PUNT_INGLES,PUNT_MATEMATICAS,0,1,60,1,medio,0.007418711773220604,-0.5009045508502672,-0.3084009174248634,-0.06670564115513211,0.6641116408146295,Bajo,46.0,1.1777777777777778,medio
0,14,2,1,1,0,1,15,120,0,55,62,51,59,61.0,285,57.6,4.560701700396551,11.0,PUNT_MATEMATICAS,PUNT_C_NATURALES,1,2,135,0,alto,0.2079244353737827,0.9355626158930772,0.07415138866345206,0.8474497401236712,0.8389238652986067,Medio,72.73333333333333,0.8870967741935484,medio
1,21,4,1,1,1,2,15,45,0,44,23,35,33,45.0,173,36.0,9.0,22.0,PUNT_INGLES,PUNT_MATEMATICAS,1,3,60,0,medio,-0.8948570444293088,-2.359862060753419,-1.4560578356898097,-1.313281161080773,-0.5595739305732113,Bajo,4.266666666666667,1.9130434782608696,alto
0,14,1,0,0,0,1,0,120,0,39,45,45,36,52.0,210,43.4,6.18869937870632,16.0,PUNT_INGLES,PUNT_SOCIALES_CIUDADANAS,0,0,120,0,medio,-1.396121353430714,-0.5009045508502672,-0.49967707046902116,-1.0639660570956448,0.05226885512070911,Bajo,21.96666666666667,0.8666666666666667,bajo
1,12,1,0,0,1,1,45,15,0,38,46,38,30,44.0,192,39.2,6.260990336999411,16.0,PUNT_MATEMATICAS,PUNT_SOCIALES_CIUDADANAS,0,1,60,0,medio,-1.4963742152309951,-0.41640648221830573,-1.1691436061235732,-1.5625962650659013,-0.6469800428151999,Bajo,11.166666666666666,0.8260869565217391,bajo
0,21,1,0,1,1,1,15,120,0,42,40,42,45,38.0,210,41.4,2.6076809620810595,7.0,PUNT_SOCIALES_CIUDADANAS,PUNT_INGLES,0,2,135,0,bajo,-1.095362768029871,-0.9233948940100744,-0.7865913000352577,-0.3160207451402603,-1.1714167162671316,Bajo,21.96666666666667,1.05,bajo
0,31,1,1,1,1,0,15,120,0,59,60,61,58,57.0,297,59.0,1.5811388300841898,4.0,PUNT_C_NATURALES,PUNT_INGLES,1,3,135,0,medio,0.6089358825749068,0.7665664786291544,1.0305321538842407,0.7643447054619619,0.48929941633065227,Medio,79.03333333333333,0.9833333333333333,bajo
0,22,3,0,1,0,1,15,0,0,52,48,49,44,63.0,247,51.2,7.19027120489902,19.0,PUNT_INGLES,PUNT_SOCIALES_CIUDADANAS,0,1,15,0,alto,-0.09283415002706044,-0.24741034495438285,-0.11712476438070567,-0.39912577980196967,1.013736089782584,Bajo,47.56666666666667,1.0833333333333333,medio
1,14,1,0,0,0,1,15,45,0,55,53,48,53,53.0,262,52.4,2.6076809620810595,7.0,PUNT_LECTURA_CRITICA,PUNT_C_NATURALES,0,0,60,0,medio,0.2079244353737827,0.17507999820542433,-0.21276284090278455,0.3488195321534149,0.13967496736269774,Medio,56.96666666666667,1.0377358490566038,bajo
1,28,1,1,1,1,1,45,15,0,51,55,47,43,46.0,244,48.4,4.6690470119715,12.0,PUNT_MATEMATICAS,PUNT_SOCIALES_CIUDADANAS,1,3,60,0,medio,-0.19308701182734148,0.3440761354693472,-0.3084009174248634,-0.4822308144636791,-0.4721678183312227,Bajo,45.300000000000004,0.9272727272727272,bajo
1,22,1,0,1,1,0,15,120,0,60,66,59,68,61.0,315,62.8,3.96232255123179,9.0,PUNT_SOCIALES_CIUDADANAS,PUNT_C_NATURALES,0,2,135,0,alto,0.709188744375188,1.273554890420923,0.839256000840083,1.5953950520790559,0.8389238652986067,Alto,87.03333333333333,0.9090909090909091,bajo
1,2,3,0,1,0,0,15,15,0,46,42,43,39,49.0,215,43.8,3.8340579025361627,10.0,PUNT_INGLES,PUNT_SOCIALES_CIUDADANAS,0,1,30,0,medio,-0.6943513208287467,-0.7543987567461514,-0.6909532235131789,-0.8146509531105167,-0.20994948160525678,Bajo,24.766666666666666,1.0952380952380953,medio
1,29,2,0,1,0,0,15,120,0,66,100,71,69,69.0,380,75.0,14.089002803605371,34.0,PUNT_MATEMATICAS,PUNT_LECTURA_CRITICA,0,1,135,0,alto,1.3107059151768743,4.146489223907611,1.9869129191050294,1.6785000867407651,1.5381727632345157,Superior,99.66666666666667,0.66,medio
1,2,3,1,1,1,0,90,180,0,63,74,70,69,67.0,344,68.6,4.03732584763727,11.0,PUNT_MATEMATICAS,PUNT_LECTURA_CRITICA,1,3,270,0,alto,1.009947329776031,1.9495394394766143,1.8912748425829504,1.6785000867407651,1.3633605387505385,Alto,96.43333333333334,0.8513513513513513,medio
0,31,1,1,1,1,0,15,45,0,59,47,48,47,38.0,247,47.8,7.463243262818116,21.0,PUNT_LECTURA_CRITICA,PUNT_INGLES,1,3,60,0,bajo,0.6089358825749068,-0.33190841358634426,-0.21276284090278455,-0.14981067581684152,-1.1714167162671316,Bajo,47.56666666666667,1.2553191489361701,bajo
0,15,2,1,1,1,1,45,120,0,68,78,65,70,74.0,353,71.0,5.0990195135927845,13.0,PUNT_MATEMATICAS,PUNT_C_NATURALES,1,3,165,0,alto,1.5112116387774364,2.28753171400446,1.413084459972556,1.7616051214024746,1.975203324444459,Superior,97.5,0.8717948717948718,medio
0,2,2,1,0,0,0,0,45,0,42,40,38,31,47.0,192,39.6,5.856620185738529,16.0,PUNT_INGLES,PUNT_SOCIALES_CIUDADANAS,0,1,45,0,medio,-1.095362768029871,-0.9233948940100744,-1.1691436061235732,-1.4794912304041918,-0.38476170608923405,Bajo,11.166666666666666,1.05,medio
0,15,2,1,1,1,2,45,120,0,54,49,55,57,35.0,262,50.0,8.888194417315589,22.0,PUNT_SOCIALES_CIUDADANAS,PUNT_INGLES,1,3,165,0,bajo,0.10767157357350166,-0.16291227632242142,0.45670369475176753,0.6812396708002525,-1.4336350529930975,Medio,56.96666666666667,1.1020408163265305,medio
0,14,3,1,1,1,1,45,120,0,69,65,61,74,73.0,338,68.4,5.458937625582472,13.0,PUNT_SOCIALES_CIUDADANAS,PUNT_C_NATURALES,1,3,165,0,alto,1.6114645005777173,1.1890568217889614,1.0305321538842407,2.094025260049312,1.8877972122024702,Alto,95.26666666666667,1.0615384615384615,medio
1,29,1,0,1,1,1,45,120,0,47,51,48,32,50.0,225,45.6,7.76530746332687,19.0,PUNT_MATEMATICAS,PUNT_SOCIALES_CIUDADANAS,0,2,165,0,medio,-0.5940984590284657,0.006083860941501454,-0.21276284090278455,-1.3963861957424824,-0.12254336936326815,Bajo,31.433333333333337,0.9215686274509803,bajo
0,2,2,0,1,0,1,15,15,1,55,58,45,38,40.0,242,47.2,8.927485648266257,20.0,PUNT_MATEMATICAS,PUNT_SOCIALES_CIUDADANAS,0,1,30,1,bajo,0.2079244353737827,0.5975703413652315,-0.49967707046902116,-0.8977559877722261,-0.9966044917831545,Bajo,43.9,0.9482758620689655,medio
1,28,2,0,0,1,1,15,0,0,56,64,52,61,60.0,292,58.6,4.669047011971501,12.0,PUNT_MATEMATICAS,PUNT_C_NATURALES,0,1,15,0,medio,0.3081772971740637,1.104558753157,0.16978946518553092,1.01365980944709,0.7515177530566182,Medio,76.33333333333333,0.875,medio
1,2,3,1,1,1,1,15,120,0,64,83,66,57,67.0,337,67.4,9.555103348473004,26.0,PUNT_MATEMATICAS,PUNT_SOCIALES_CIUDADANAS,1,3,135,0,alto,1.110200191576312,2.7100220571642675,1.508722536494635,0.6812396708002525,1.3633605387505385,Alto,95.0,0.7710843373493976,medio
1,2,1,0,1,1,1,45,120,0,43,33,34,44,39.0,193,38.6,5.029910535983717,11.0,PUNT_SOCIALES_CIUDADANAS,PUNT_MATEMATICAS,0,2,165,0,bajo,-0.9951099062295898,-1.5148813744338043,-1.5516959122118887,-0.39912577980196967,-1.084010604025143,Bajo,11.833333333333334,1.303030303030303,bajo
0,31,2,1,1,0,1,15,180,0,55,53,49,53,48.0,261,51.6,2.9664793948382653,7.0,PUNT_LECTURA_CRITICA,PUNT_INGLES,1,2,195,0,medio,0.2079244353737827,0.17507999820542433,-0.11712476438070567,0.3488195321534149,-0.2973555938472454,Medio,56.333333333333336,1.0377358490566038,medio
1,20,1,0,0,0,1,0,15,1,36,37,32,31,36.0,171,34.4,2.701851217221259,6.0,PUNT_MATEMATICAS,PUNT_SOCIALES_CIUDADANAS,0,0,15,1,bajo,-1.6968799388315572,-1.1768890999059587,-1.7429720652560463,-1.4794912304041918,-1.346228940751109,Bajo,3.266666666666666,0.972972972972973,bajo
0,31,2,0,1,0,1,45,0,0,59,49,61,63,62.0,292,58.8,5.674504383644443,14.0,PUNT_SOCIALES_CIUDADANAS,PUNT_MATEMATICAS,0,1,45,0,alto,0.6089358825749068,-0.16291227632242142,1.0305321538842407,1.1798698787705089,0.9263299775405954,Medio,76.33333333333333,1.2040816326530612,medio
1,2,2,1,1,1,1,0,45,0,58,50,53,63,57.0,280,56.2,4.969909455915671,13.0,PUNT_SOCIALES_CIUDADANAS,PUNT_MATEMATICAS,1,3,45,0,medio,0.5086830207746258,-0.07841420769045998,0.2654275417076098,1.1798698787705089,0.48929941633065227,Medio,69.3,1.16,medio
0,13,2,0,1,0,0,15,15,0,45,31,34,40,36.0,187,37.2,5.449770637375485,14.0,PUNT_LECTURA_CRITICA,PUNT_MATEMATICAS,0,1,30,0,bajo,-0.7946041826290278,-1.6838775116977271,-1.5516959122118887,-0.7315459184488072,-1.346228940751109,Bajo,8.366666666666667,1.4516129032258065,medio
1,26,5,1,1,1,2,0,180,0,54,55,54,50,55.0,267,53.6,2.073644135332772,5.0,PUNT_MATEMATICAS,PUNT_SOCIALES_CIUDADANAS,1,3,180,0,medio,0.10767157357350166,0.3440761354693472,0.36106561822968863,0.09950442816828668,0.314487191846675,Medio,60.3,0.9818181818181818,alto
0,30,2,0,0,0,1,15,15,0,46,48,50,37,48.0,227,45.8,5.118593556827891,13.0,PUNT_C_NATURALES,PUNT_SOCIALES_CIUDADANAS,0,0,30,0,medio,-0.6943513208287467,-0.24741034495438285,-0.02148668785862681,-0.9808610224339355,-0.2973555938472454,Bajo,33.0,0.9583333333333334,medio
0,30,1,1,1,0,2,15,120,0,53,42,38,45,42.0,222,44.0,5.612486080160912,15.0,PUNT_LECTURA_CRITICA,PUNT_C_NATURALES,1,2,135,0,medio,0.007418711773220604,-0.7543987567461514,-1.1691436061235732,-0.3160207451402603,-0.8217922672991772,Bajo,29.333333333333332,1.2619047619047619,bajo
1,15,2,1,0,1,0,15,45,0,64,70,70,67,58.0,335,65.8,5.019960159204453,12.0,PUNT_MATEMATICAS,PUNT_INGLES,0,2,60,0,medio,1.110200191576312,1.6115471649487687,1.8912748425829504,1.5122900174173464,0.5767055285726409,Alto,94.19999999999999,0.9142857142857143,medio
0,10,1,0,0,0,1,90,15,0,56,46,42,41,32.0,226,43.4,8.706319543871567,24.0,PUNT_LECTURA_CRITICA,PUNT_INGLES,0,0,105,0,bajo,0.3081772971740637,-0.41640648221830573,-0.7865913000352577,-0.6484408837870979,-1.6958533897190635,Bajo,32.13333333333333,1.2173913043478262,bajo
0,7,2,0,1,1,1,45,180,0,39,38,34,44,37.0,193,38.4,3.646916505762094,10.0,PUNT_SOCIALES_CIUDADANAS,PUNT_C_NATURALES,0,2,225,0,bajo,-1.396121353430714,-1.0923910312739973,-1.5516959122118887,-0.39912577980196967,-1.2588228285091203,Bajo,11.833333333333334,1.0263157894736843,medio
0,20,2,0,0,0,1,15,45,0,51,49,50,44,30.0,235,44.8,8.700574693662482,21.0,PUNT_LECTURA_CRITICA,PUNT_INGLES,0,0,60,0,bajo,-0.19308701182734148,-0.16291227632242142,-0.02148668785862681,-0.39912577980196967,-1.8706656142030407,Bajo,39.56666666666667,1.0408163265306123,medio
0,14,2,1,1,1,0,45,180,0,48,49,44,42,56.0,233,47.8,5.403702434442518,14.0,PUNT_INGLES,PUNT_SOCIALES_CIUDADANAS,1,3,225,0,medio,-0.4938455972281846,-0.16291227632242142,-0.5953151469911,-0.5653358491253885,0.40189330408866364,Bajo,37.96666666666667,0.9795918367346939,medio
1,19,3,1,1,1,1,45,180,0,55,51,55,50,42.0,260,50.6,5.319774431308154,13.0,PUNT_LECTURA_CRITICA,PUNT_INGLES,1,3,225,0,medio,0.2079244353737827,0.006083860941501454,0.45670369475176753,0.09950442816828668,-0.8217922672991772,Medio,55.766666666666666,1.0784313725490196,medio
0,15,2,1,1,1,1,15,0,0,49,36,39,52,49.0,222,45.0,7.035623639735144,16.0,PUNT_SOCIALES_CIUDADANAS,PUNT_MATEMATICAS,1,3,15,0,medio,-0.3935927354279036,-1.26138716853792,-1.0735055296014944,0.26571449749170545,-0.20994948160525678,Bajo,29.333333333333332,1.3611111111111112,medio
0,28,2,0,0,1,1,120,120,0,69,63,61,64,75.0,325,66.4,5.639148871948674,14.0,PUNT_INGLES,PUNT_C_NATURALES,0,1,240,0,alto,1.6114645005777173,1.0200606845250386,1.0305321538842407,1.2629749134322181,2.0626094366864476,Alto,90.46666666666667,1.0952380952380953,medio
1,31,1,1,1,1,1,0,120,0,64,59,63,52,64.0,299,60.4,5.128352561983234,12.0,PUNT_LECTURA_CRITICA,PUNT_SOCIALES_CIUDADANAS,1,3,120,0,alto,1.110200191576312,0.6820684099971929,1.2218083069283985,0.26571449749170545,1.1011422020245727,Medio,80.2,1.0847457627118644,bajo
1,12,0,0,1,0,0,45,15,0,43,44,42,31,31.0,197,38.2,6.6105975524153635,13.0,PUNT_MATEMATICAS,PUNT_SOCIALES_CIUDADANAS,0,1,60,0,bajo,-0.9951099062295898,-0.5854026194822286,-0.7865913000352577,-1.4794912304041918,-1.783259501961052,Bajo,13.833333333333334,0.9772727272727273,bajo
0,4,1,0,0,0,2,0,180,0,41,29,36,44,45.0,190,39.0,6.59545297913646,16.0,PUNT_INGLES,PUNT_MATEMATICAS,0,0,180,0,medio,-1.195615629830152,-1.8528736489616502,-1.360419759167731,-0.39912577980196967,-0.5595739305732113,Bajo,9.966666666666667,1.4137931034482758,bajo
0,31,3,1,0,1,1,0,45,0,46,42,49,48,53.0,234,47.6,4.03732584763727,11.0,PUNT_INGLES,PUNT_MATEMATICAS,0,2,45,0,medio,-0.6943513208287467,-0.7543987567461514,-0.11712476438070567,-0.06670564115513211,0.13967496736269774,Bajo,38.9,1.0952380952380953,medio
0,14,1,0,1,0,2,45,120,0,46,46,40,46,40.0,221,43.6,3.286335345030997,6.0,PUNT_LECTURA_CRITICA,PUNT_C_NATURALES,0,1,165,0,bajo,-0.6943513208287467,-0.41640648221830573,-0.9778674530794155,-0.2329157104785509,-0.9966044917831545,Bajo,28.733333333333334,1.0,bajo
1,10,1,0,1,0,1,15,45,0,54,44,55,59,49.0,263,52.2,5.805170109479997,15.0,PUNT_SOCIALES_CIUDADANAS,PUNT_MATEMATICAS,0,1,60,0,medio,0.10767157357350166,-0.5854026194822286,0.45670369475176753,0.8474497401236712,-0.20994948160525678,Medio,57.93333333333334,1.2272727272727273,bajo
0,31,2,1,1,1,1,45,15,0,50,56,55,64,54.0,280,55.8,5.118593556827891,14.0,PUNT_SOCIALES_CIUDADANAS,PUNT_LECTURA_CRITICA,1,3,60,0,medio,-0.29333987362762254,0.42857420410130864,0.45670369475176753,1.2629749134322181,0.22708107960468638,Medio,69.3,0.8928571428571429,medio
1,15,1,1,1,0,1,45,180,0,63,65,70,66,63.0,329,65.4,2.8809720581775866,7.0,PUNT_C_NATURALES,PUNT_LECTURA_CRITICA,1,2,225,0,alto,1.009947329776031,1.1890568217889614,1.8912748425829504,1.429184982755637,1.013736089782584,Alto,91.93333333333334,0.9692307692307692,bajo
1,24,3,1,1,1,1,45,120,0,61,49,56,57,66.0,283,57.8,6.300793600809346,17.0,PUNT_INGLES,PUNT_MATEMATICAS,1,3,165,0,alto,0.809441606175469,-0.16291227632242142,0.5523417712738464,0.6812396708002525,1.2759544265085498,Medio,71.46666666666667,1.2448979591836735,medio
1,21,1,1,1,1,2,0,120,1,47,63,51,45,31.0,250,47.4,11.523888232710346,32.0,PUNT_MATEMATICAS,PUNT_INGLES,1,3,120,1,bajo,-0.5940984590284657,1.0200606845250386,0.07415138866345206,-0.3160207451402603,-1.783259501961052,Bajo,49.6,0.746031746031746,bajo
1,28,1,1,1,1,2,0,120,0,50,52,47,31,48.0,226,45.6,8.384509526501834,21.0,PUNT_MATEMATICAS,PUNT_SOCIALES_CIUDADANAS,1,3,120,0,medio,-0.29333987362762254,0.0905819295734629,-0.3084009174248634,-1.4794912304041918,-0.2973555938472454,Bajo,32.13333333333333,0.9615384615384616,bajo
1,31,2,1,1,1,2,45,180,1,72,64,61,66,80.0,334,68.6,7.536577472566709,19.0,PUNT_INGLES,PUNT_C_NATURALES,1,3,225,1,alto,1.9122230859785605,1.104558753157,1.0305321538842407,1.429184982755637,2.4996399978963906,Alto,93.7,1.125,medio
0,15,3,1,1,1,2,45,120,0,68,58,58,62,61.0,307,61.4,4.098780306383839,10.0,PUNT_LECTURA_CRITICA,PUNT_MATEMATICAS,1,3,165,0,alto,1.5112116387774364,0.5975703413652315,0.7436179243180041,1.0967648441087994,0.8389238652986067,Alto,83.96666666666667,1.1724137931034482,medio
1,15,2,1,1,0,0,0,180,0,71,80,73,71,78.0,370,74.6,4.159326868617084,9.0,PUNT_MATEMATICAS,PUNT_LECTURA_CRITICA,1,2,180,0,alto,1.8119702241782794,2.4565278512683832,2.178189072149187,1.8447101560641839,2.324827773412413,Superior,98.96666666666667,0.8875,medio
0,2,3,0,1,0,1,15,120,1,33,39,40,31,37.0,179,36.0,3.872983346207417,9.0,PUNT_C_NATURALES,PUNT_SOCIALES_CIUDADANAS,0,1,135,1,bajo,-1.9976385242324004,-1.0078929626420357,-0.9778674530794155,-1.4794912304041918,-1.2588228285091203,Bajo,5.4,0.8461538461538461,medio
0,14,2,1,1,1,1,45,180,0,64,48,55,67,63.0,294,59.4,7.765307463326871,19.0,PUNT_SOCIALES_CIUDADANAS,PUNT_MATEMATICAS,1,3,225,0,alto,1.110200191576312,-0.24741034495438285,0.45670369475176753,1.5122900174173464,1.013736089782584,Medio,77.46666666666667,1.3333333333333333,medio
1,31,1,1,0,1,1,15,180,0,42,37,49,35,46.0,206,41.8,5.890670590009256,14.0,PUNT_C_NATURALES,PUNT_SOCIALES_CIUDADANAS,0,2,195,0,medio,-1.095362768029871,-1.1768890999059587,-0.11712476438070567,-1.1470710917573543,-0.4721678183312227,Bajo,19.0,1.135135135135135,bajo
1,13,1,0,1,0,1,45,45,0,56,43,41,57,45.0,245,48.4,7.536577472566709,16.0,PUNT_SOCIALES_CIUDADANAS,PUNT_C_NATURALES,0,1,90,0,medio,0.3081772971740637,-0.66990068811419,-0.8822293765573366,0.6812396708002525,-0.5595739305732113,Bajo,46.0,1.302325581395349,bajo
1,21,3,0,1,1,1,90,120,0,53,52,44,44,39.0,238,46.4,5.941380311005179,14.0,PUNT_LECTURA_CRITICA,PUNT_INGLES,0,2,210,0,bajo,0.007418711773220604,0.0905819295734629,-0.5953151469911,-0.39912577980196967,-1.084010604025143,Bajo,41.699999999999996,1.0192307692307692,medio
0,22,3,0,1,0,1,15,120,1,43,42,43,32,47.0,203,41.4,5.594640292279745,15.0,PUNT_INGLES,PUNT_SOCIALES_CIUDADANAS,0,1,135,1,medio,-0.9951099062295898,-0.7543987567461514,-0.6909532235131789,-1.3963861957424824,-0.38476170608923405,Bajo,17.266666666666666,1.0238095238095237,medio
1,17,0,0,1,0,0,15,120,1,49,28,39,29,34.0,180,35.8,8.5848704125339,21.0,PUNT_LECTURA_CRITICA,PUNT_MATEMATICAS,0,1,135,1,bajo,-0.3935927354279036,-1.9373717175936116,-1.0735055296014944,-1.6457012997276106,-1.5210411652350861,Bajo,5.733333333333333,1.75,bajo
0,14,2,1,1,1,0,45,120,0,60,66,59,59,73.0,310,63.4,6.107372593840988,14.0,PUNT_INGLES,PUNT_C_NATURALES,1,3,165,0,alto,0.709188744375188,1.273554890420923,0.839256000840083,0.8474497401236712,1.8877972122024702,Alto,85.2,0.9090909090909091,medio
0,6,1,0,0,1,2,120,15,0,54,56,61,55,57.0,283,56.6,2.701851217221259,7.0,PUNT_C_NATURALES,PUNT_LECTURA_CRITICA,0,1,135,0,medio,0.10767157357350166,0.42857420410130864,1.0305321538842407,0.5150296014768336,0.48929941633065227,Medio,71.46666666666667,0.9642857142857143,bajo
0,15,2,0,0,1,2,15,45,0,57,48,48,52,37.0,251,48.4,7.368853370776216,20.0,PUNT_LECTURA_CRITICA,PUNT_INGLES,0,1,60,0,bajo,0.4084301589743448,-0.24741034495438285,-0.21276284090278455,0.26571449749170545,-1.2588228285091203,Medio,50.33333333333333,1.1875,medio
0,2,1,1,1,1,1,15,120,1,48,49,39,46,35.0,223,43.4,6.107372593840988,14.0,PUNT_MATEMATICAS,PUNT_INGLES,1,3,135,1,bajo,-0.4938455972281846,-0.16291227632242142,-1.0735055296014944,-0.2329157104785509,-1.4336350529930975,Bajo,30.033333333333335,0.9795918367346939,bajo
0,2,1,0,1,0,1,15,0,0,42,31,37,37,38.0,184,37.0,3.9370039370059056,11.0,PUNT_LECTURA_CRITICA,PUNT_MATEMATICAS,0,1,15,0,bajo,-1.095362768029871,-1.6838775116977271,-1.264781682645652,-0.9808610224339355,-1.1714167162671316,Bajo,7.533333333333333,1.3548387096774193,bajo
1,15,3,0,0,0,0,45,15,0,66,77,67,65,69.0,344,68.8,4.8166378315169185,12.0,PUNT_MATEMATICAS,PUNT_SOCIALES_CIUDADANAS,0,0,60,0,alto,1.3107059151768743,2.2030336453724986,1.6043606130167138,1.3460799480939276,1.5381727632345157,Alto,96.43333333333334,0.8571428571428571,medio
0,6,2,0,1,0,1,15,15,0,45,42,48,34,47.0,213,43.2,5.630275304103699,14.0,PUNT_C_NATURALES,PUNT_SOCIALES_CIUDADANAS,0,1,30,0,medio,-0.7946041826290278,-0.7543987567461514,-0.21276284090278455,-1.2301761264190636,-0.38476170608923405,Bajo,23.733333333333334,1.0714285714285714,medio
0,5,4,0,1,0,1,45,15,1,40,58,44,48,49.0,238,47.8,6.723094525588644,18.0,PUNT_MATEMATICAS,PUNT_LECTURA_CRITICA,0,1,60,1,medio,-1.295868491630433,0.5975703413652315,-0.5953151469911,-0.06670564115513211,-0.20994948160525678,Bajo,41.699999999999996,0.6896551724137931,alto
1,18,1,0,1,0,1,120,180,1,42,42,40,34,37.0,197,39.0,3.4641016151377544,8.0,PUNT_LECTURA_CRITICA,PUNT_SOCIALES_CIUDADANAS,0,1,300,1,bajo,-1.095362768029871,-0.7543987567461514,-0.9778674530794155,-1.2301761264190636,-1.2588228285091203,Bajo,13.833333333333334,1.0,bajo
1,5,1,0,1,0,2,15,45,1,31,45,42,28,48.0,187,38.8,8.814760348415605,20.0,PUNT_INGLES,PUNT_SOCIALES_CIUDADANAS,0,1,60,1,medio,-2.1981442478329623,-0.5009045508502672,-0.7865913000352577,-1.72880633438932,-0.2973555938472454,Bajo,8.366666666666667,0.6888888888888889,bajo
0,23,4,1,1,1,1,15,180,0,67,39,35,59,76.0,260,55.2,17.725687574816387,41.0,PUNT_INGLES,PUNT_C_NATURALES,1,3,195,0,alto,1.4109587769771552,-1.0078929626420357,-1.4560578356898097,0.8474497401236712,2.1500155489284363,Medio,55.766666666666666,1.7179487179487178,alto
0,15,2,1,1,1,1,45,45,0,52,50,48,42,63.0,246,51.0,7.681145747868608,21.0,PUNT_INGLES,PUNT_SOCIALES_CIUDADANAS,1,3,90,0,alto,-0.09283415002706044,-0.07841420769045998,-0.21276284090278455,-0.5653358491253885,1.013736089782584,Bajo,46.9,1.04,medio
1,15,3,1,1,1,2,15,45,0,52,58,56,39,47.0,255,50.4,7.63544366752843,19.0,PUNT_MATEMATICAS,PUNT_SOCIALES_CIUDADANAS,1,3,60,0,medio,-0.09283415002706044,0.5975703413652315,0.5523417712738464,-0.8146509531105167,-0.38476170608923405,Medio,52.63333333333333,0.896551724137931,medio
1,15,1,1,1,1,2,0,15,0,70,65,67,65,62.0,332,65.8,2.9495762407505253,8.0,PUNT_LECTURA_CRITICA,PUNT_INGLES,1,3,15,0,alto,1.7117173623779984,1.1890568217889614,1.6043606130167138,1.3460799480939276,0.9263299775405954,Alto,93.0,1.0769230769230769,bajo
1,2,1,1,0,1,1,15,180,1,65,55,52,58,47.0,283,55.4,6.730527468185536,18.0,PUNT_LECTURA_CRITICA,PUNT_INGLES,0,2,195,1,medio,1.2104530533765931,0.3440761354693472,0.16978946518553092,0.7643447054619619,-0.38476170608923405,Medio,71.46666666666667,1.1818181818181819,bajo
0,14,2,1,1,1,1,45,15,0,61,53,49,59,75.0,285,59.4,9.939818911831342,26.0,PUNT_INGLES,PUNT_C_NATURALES,1,3,60,0,alto,0.809441606175469,0.17507999820542433,-0.11712476438070567,0.8474497401236712,2.0626094366864476,Medio,72.73333333333333,1.150943396226415,medio
0,15,4,1,1,1,2,15,180,0,55,53,54,53,60.0,271,55.0,2.9154759474226504,7.0,PUNT_INGLES,PUNT_MATEMATICAS,1,3,195,0,medio,0.2079244353737827,0.17507999820542433,0.36106561822968863,0.3488195321534149,0.7515177530566182,Medio,62.96666666666667,1.0377358490566038,alto
0,20,1,0,0,0,1,45,120,0,50,47,53,62,44.0,262,51.2,6.906518659932803,18.0,PUNT_SOCIALES_CIUDADANAS,PUNT_INGLES,0,0,165,0,medio,-0.29333987362762254,-0.33190841358634426,0.2654275417076098,1.0967648441087994,-0.6469800428151999,Medio,56.96666666666667,1.0638297872340425,bajo
0,6,1,0,0,0,1,15,15,0,57,47,51,42,59.0,250,51.2,7.014271166700072,17.0,PUNT_INGLES,PUNT_SOCIALES_CIUDADANAS,0,0,30,0,medio,0.4084301589743448,-0.33190841358634426,0.07415138866345206,-0.5653358491253885,0.6641116408146295,Bajo,49.6,1.2127659574468086,bajo
0,15,3,1,1,1,1,45,180,0,61,72,70,62,81.0,337,69.2,8.167006795638168,20.0,PUNT_INGLES,PUNT_LECTURA_CRITICA,1,3,225,0,alto,0.809441606175469,1.7805433022126915,1.8912748425829504,1.0967648441087994,2.5870461101383793,Alto,95.0,0.8472222222222222,medio
0,15,1,1,1,1,2,15,180,0,28,17,36,31,32.0,142,28.8,7.19027120489902,19.0,PUNT_C_NATURALES,PUNT_MATEMATICAS,1,3,195,0,bajo,-2.4989028332338057,-2.8668504725451873,-1.360419759167731,-1.4794912304041918,-1.6958533897190635,Bajo,0.06666666666666667,1.6470588235294117,bajo
1,23,1,1,1,1,1,0,45,1,60,54,49,39,45.0,250,49.4,8.080841540334768,21.0,PUNT_LECTURA_CRITICA,PUNT_SOCIALES_CIUDADANAS,1,3,45,1,medio,0.709188744375188,0.25957806683738577,-0.11712476438070567,-0.8146509531105167,-0.5595739305732113,Bajo,49.6,1.1111111111111112,bajo
1,14,2,1,1,1,1,0,15,0,60,61,65,65,57.0,312,61.6,3.4351128074635335,8.0,PUNT_C_NATURALES,PUNT_INGLES,1,3,15,0,medio,0.709188744375188,0.8510645472611158,1.413084459972556,1.3460799480939276,0.48929941633065227,Alto,85.83333333333333,0.9836065573770492,medio
0,15,2,1,1,1,1,45,45,0,47,44,45,44,40.0,223,44.0,2.5495097567963922,7.0,PUNT_LECTURA_CRITICA,PUNT_INGLES,1,3,90,0,bajo,-0.5940984590284657,-0.5854026194822286,-0.49967707046902116,-0.39912577980196967,-0.9966044917831545,Bajo,30.033333333333335,1.0681818181818181,medio
1,15,2,1,0,0,1,15,45,0,58,55,56,50,39.0,268,51.6,7.635443667528429,19.0,PUNT_LECTURA_CRITICA,PUNT_INGLES,0,1,60,0,bajo,0.5086830207746258,0.3440761354693472,0.5523417712738464,0.09950442816828668,-1.084010604025143,Medio,61.16666666666667,1.0545454545454545,medio
1,22,3,1,1,0,1,15,180,0,39,31,39,44,42.0,193,39.0,4.949747468305833,13.0,PUNT_SOCIALES_CIUDADANAS,PUNT_MATEMATICAS,1,2,195,0,medio,-1.396121353430714,-1.6838775116977271,-1.0735055296014944,-0.39912577980196967,-0.8217922672991772,Bajo,11.833333333333334,1.2580645161290323,medio
0,2,2,0,0,0,1,90,0,1,38,33,42,35,50.0,190,39.6,6.730527468185536,17.0,PUNT_INGLES,PUNT_MATEMATICAS,0,0,90,1,medio,-1.4963742152309951,-1.5148813744338043,-0.7865913000352577,-1.1470710917573543,-0.12254336936326815,Bajo,9.966666666666667,1.1515151515151516,medio
0,10,0,0,0,0,2,90,0,1,44,33,39,35,41.0,190,38.4,4.449719092257398,11.0,PUNT_LECTURA_CRITICA,PUNT_MATEMATICAS,0,0,90,1,medio,-0.8948570444293088,-1.5148813744338043,-1.0735055296014944,-1.1470710917573543,-0.9091983795411658,Bajo,9.966666666666667,1.3333333333333333,bajo
0,15,3,1,1,0,1,15,120,0,45,57,39,38,43.0,223,44.4,7.602631123499286,19.0,PUNT_MATEMATICAS,PUNT_SOCIALES_CIUDADANAS,1,2,135,0,medio,-0.7946041826290278,0.51307227273327,-1.0735055296014944,-0.8977559877722261,-0.7343861550571885,Bajo,30.033333333333335,0.7894736842105263,medio
0,25,3,1,0,1,1,15,180,0,58,61,50,67,61.0,296,59.4,6.18869937870632,17.0,PUNT_SOCIALES_CIUDADANAS,PUNT_C_NATURALES,0,2,195,0,alto,0.5086830207746258,0.8510645472611158,-0.02148668785862681,1.5122900174173464,0.8389238652986067,Medio,78.5,0.9508196721311475,medio
1,26,1,0,1,0,2,90,45,1,49,54,48,42,45.0,240,47.6,4.505552130427524,12.0,PUNT_MATEMATICAS,PUNT_SOCIALES_CIUDADANAS,0,1,135,1,medio,-0.3935927354279036,0.25957806683738577,-0.21276284090278455,-0.5653358491253885,-0.5595739305732113,Bajo,42.766666666666666,0.9074074074074074,bajo
0,25,3,1,0,0,1,45,45,0,50,53,48,45,57.0,248,50.6,4.61519230368573,12.0,PUNT_INGLES,PUNT_SOCIALES_CIUDADANAS,0,1,90,0,medio,-0.29333987362762254,0.17507999820542433,-0.21276284090278455,-0.3160207451402603,0.48929941633065227,Bajo,48.3,0.9433962264150944,medio
1,23,1,1,1,1,1,15,45,0,50,56,48,37,47.0,238,47.6,6.877499545619759,19.0,PUNT_MATEMATICAS,PUNT_SOCIALES_CIUDADANAS,1,3,60,0,medio,-0.29333987362762254,0.42857420410130864,-0.21276284090278455,-0.9808610224339355,-0.38476170608923405,Bajo,41.699999999999996,0.8928571428571429,bajo
0,10,3,0,1,1,2,90,45,1,44,45,50,48,41.0,232,45.6,3.5071355833500366,9.0,PUNT_C_NATURALES,PUNT_INGLES,0,2,135,1,medio,-0.8948570444293088,-0.5009045508502672,-0.02148668785862681,-0.06670564115513211,-0.9091983795411658,Bajo,36.833333333333336,0.9777777777777777,medio
0,28,1,1,1,0,2,0,45,0,37,37,39,36,36.0,186,37.0,1.224744871391589,3.0,PUNT_C_NATURALES,PUNT_SOCIALES_CIUDADANAS,1,2,45,0,bajo,-1.596627077031276,-1.1768890999059587,-1.0735055296014944,-1.0639660570956448,-1.346228940751109,Bajo,8.033333333333333,1.0,bajo
1,15,2,1,0,1,0,45,45,0,50,55,59,52,61.0,273,55.4,4.61519230368573,11.0,PUNT_INGLES,PUNT_LECTURA_CRITICA,0,2,90,0,alto,-0.29333987362762254,0.3440761354693472,0.839256000840083,0.26571449749170545,0.8389238652986067,Medio,64.43333333333334,0.9090909090909091,medio
1,28,1,0,1,0,0,15,15,1,51,55,53,50,48.0,260,51.4,2.701851217221259,7.0,PUNT_MATEMATICAS,PUNT_INGLES,0,1,30,1,medio,-0.19308701182734148,0.3440761354693472,0.2654275417076098,0.09950442816828668,-0.2973555938472454,Medio,55.766666666666666,0.9272727272727272,bajo
0,2,1,0,1,0,1,0,45,0,52,57,49,53,44.0,260,51.0,4.847679857416329,13.0,PUNT_MATEMATICAS,PUNT_INGLES,0,1,45,0,medio,-0.09283415002706044,0.51307227273327,-0.11712476438070567,0.3488195321534149,-0.6469800428151999,Medio,55.766666666666666,0.9122807017543859,bajo
0,21,0,0,0,1,0,15,120,0,47,38,39,27,51.0,194,40.4,9.262828941527529,24.0,PUNT_INGLES,PUNT_SOCIALES_CIUDADANAS,0,1,135,0,medio,-0.5940984590284657,-1.0923910312739973,-1.0735055296014944,-1.8119113690510293,-0.03513725712127952,Bajo,12.4,1.236842105263158,bajo
0,31,1,0,0,0,1,15,15,0,59,36,56,42,57.0,245,50.0,10.319883720275147,23.0,PUNT_LECTURA_CRITICA,PUNT_MATEMATICAS,0,0,30,0,medio,0.6089358825749068,-1.26138716853792,0.5523417712738464,-0.5653358491253885,0.48929941633065227,Bajo,46.0,1.6388888888888888,bajo
0,2,3,1,1,1,2,45,120,0,64,55,55,51,56.0,281,56.2,4.764451699828638,13.0,PUNT_LECTURA_CRITICA,PUNT_SOCIALES_CIUDADANAS,1,3,165,0,medio,1.110200191576312,0.3440761354693472,0.45670369475176753,0.18260946282999607,0.40189330408866364,Medio,69.89999999999999,1.1636363636363636,medio
0,4,3,1,0,1,1,45,45,0,63,37,55,66,61.0,278,56.4,11.567194992737003,29.0,PUNT_SOCIALES_CIUDADANAS,PUNT_MATEMATICAS,0,2,90,0,alto,1.009947329776031,-1.1768890999059587,0.45670369475176753,1.429184982755637,0.8389238652986067,Medio,67.80000000000001,1.7027027027027026,medio
0,2,2,1,1,1,1,90,120,0,69,70,66,59,57.0,327,64.2,5.890670590009256,13.0,PUNT_MATEMATICAS,PUNT_INGLES,1,3,210,0,medio,1.6114645005777173,1.6115471649487687,1.508722536494635,0.8474497401236712,0.48929941633065227,Alto,91.3,0.9857142857142858,medio
0,15,2,1,1,1,1,15,45,0,65,69,65,69,85.0,342,70.6,8.294576541331088,20.0,PUNT_INGLES,PUNT_LECTURA_CRITICA,1,3,60,0,alto,1.2104530533765931,1.5270490963168073,1.413084459972556,1.6785000867407651,2.936670559106334,Alto,96.16666666666667,0.9420289855072463,medio
1,26,2,0,1,1,1,45,45,0,61,68,69,69,65.0,333,66.4,3.4351128074635335,8.0,PUNT_C_NATURALES,PUNT_LECTURA_CRITICA,0,2,90,0,alto,0.809441606175469,1.4425510276848459,1.7956367660608716,1.6785000867407651,1.1885483142665612,Alto,93.4,0.8970588235294118,medio
0,20,1,0,0,0,1,45,180,0,49,35,32,36,44.0,192,39.2,7.049822692805827,17.0,PUNT_LECTURA_CRITICA,PUNT_C_NATURALES,0,0,225,0,medio,-0.3935927354279036,-1.3458852371698815,-1.7429720652560463,-1.0639660570956448,-0.6469800428151999,Bajo,11.166666666666666,1.4,bajo
1,11,2,0,1,0,0,15,45,0,48,38,41,28,44.0,196,39.8,7.5630681604756145,20.0,PUNT_LECTURA_CRITICA,PUNT_SOCIALES_CIUDADANAS,0,1,60,0,medio,-0.4938455972281846,-1.0923910312739973,-0.8822293765573366,-1.72880633438932,-0.6469800428151999,Bajo,13.466666666666665,1.263157894736842,medio
0,28,1,0,1,0,1,15,180,1,44,49,42,40,43.0,218,43.6,3.361547262794322,9.0,PUNT_MATEMATICAS,PUNT_SOCIALES_CIUDADANAS,0,1,195,1,medio,-0.8948570444293088,-0.16291227632242142,-0.7865913000352577,-0.7315459184488072,-0.7343861550571885,Bajo,26.566666666666666,0.8979591836734694,bajo
1,14,2,1,1,0,1,15,45,0,58,64,54,56,48.0,286,56.0,5.830951894845301,16.0,PUNT_MATEMATICAS,PUNT_INGLES,1,2,60,0,medio,0.5086830207746258,1.104558753157,0.36106561822968863,0.598134636138543,-0.2973555938472454,Medio,73.4,0.90625,medio
1,15,1,0,0,0,1,15,45,0,56,46,50,63,42.0,264,51.4,8.294576541331088,21.0,PUNT_SOCIALES_CIUDADANAS,PUNT_INGLES,0,0,60,0,medio,0.3081772971740637,-0.41640648221830573,-0.02148668785862681,1.1798698787705089,-0.8217922672991772,Medio,58.666666666666664,1.2173913043478262,bajo
0,2,2,0,1,0,1,45,15,0,32,35,35,26,32.0,160,32.0,3.6742346141747673,9.0,PUNT_MATEMATICAS,PUNT_SOCIALES_CIUDADANAS,0,1,60,0,bajo,-2.0978913860326815,-1.3458852371698815,-1.4560578356898097,-1.8950164037127388,-1.6958533897190635,Bajo,0.8333333333333334,0.9142857142857143,medio
1,2,3,1,1,1,1,45,180,0,73,83,74,76,80.0,384,77.2,4.207136793592526,10.0,PUNT_MATEMATICAS,PUNT_LECTURA_CRITICA,1,3,225,0,alto,2.0124759477788414,2.7100220571642675,2.273827148671266,2.260235329372731,2.4996399978963906,Superior,99.8,0.8795180722891566,medio
1,26,3,0,1,1,2,45,15,0,63,60,60,60,47.0,298,58.0,6.284902544988268,16.0,PUNT_LECTURA_CRITICA,PUNT_INGLES,0,2,60,0,medio,1.009947329776031,0.7665664786291544,0.9348940773621618,0.9305547747853806,-0.38476170608923405,Medio,79.63333333333334,1.05,medio
0,15,2,1,0,1,2,15,120,0,45,35,41,47,50.0,213,43.6,5.813776741499453,15.0,PUNT_INGLES,PUNT_MATEMATICAS,0,2,135,0,medio,-0.7946041826290278,-1.3458852371698815,-0.8822293765573366,-0.14981067581684152,-0.12254336936326815,Bajo,23.733333333333334,1.2857142857142858,medio
1,14,1,1,0,1,1,15,120,0,62,60,58,49,59.0,287,57.6,5.029910535983717,13.0,PUNT_LECTURA_CRITICA,PUNT_SOCIALES_CIUDADANAS,0,2,135,0,medio,0.90969446797575,0.7665664786291544,0.7436179243180041,0.016399393506577285,0.6641116408146295,Medio,73.93333333333332,1.0333333333333334,bajo
0,31,1,1,1,0,1,15,45,0,55,60,52,49,50.0,268,53.2,4.43846820423443,11.0,PUNT_MATEMATICAS,PUNT_SOCIALES_CIUDADANAS,1,2,60,0,medio,0.2079244353737827,0.7665664786291544,0.16978946518553092,0.016399393506577285,-0.12254336936326815,Medio,61.16666666666667,0.9166666666666666,bajo
0,27,2,0,1,1,0,120,180,0,65,61,61,61,60.0,309,61.6,1.9493588689617927,5.0,PUNT_LECTURA_CRITICA,PUNT_INGLES,0,2,300,0,medio,1.2104530533765931,0.8510645472611158,1.0305321538842407,1.01365980944709,0.7515177530566182,Alto,84.8,1.0655737704918034,medio
0,20,1,0,0,0,1,45,45,1,64,59,56,58,60.0,297,59.4,2.966479394838265,8.0,PUNT_LECTURA_CRITICA,PUNT_C_NATURALES,0,0,90,1,medio,1.110200191576312,0.6820684099971929,0.5523417712738464,0.7643447054619619,0.7515177530566182,Medio,79.03333333333333,1.0847457627118644,bajo
1,30,2,1,1,1,1,15,45,0,43,61,51,47,33.0,246,47.0,10.295630140987,28.0,PUNT_MATEMATICAS,PUNT_INGLES,1,3,60,0,bajo,-0.9951099062295898,0.8510645472611158,0.07415138866345206,-0.14981067581684152,-1.6084472774770748,Bajo,46.9,0.7049180327868853,medio
1,2,3,0,1,0,1,90,120,1,51,59,46,39,58.0,247,50.6,8.384509526501834,20.0,PUNT_MATEMATICAS,PUNT_SOCIALES_CIUDADANAS,0,1,210,1,medio,-0.19308701182734148,0.6820684099971929,-0.40403899394694226,-0.8146509531105167,0.5767055285726409,Bajo,47.56666666666667,0.864406779661017,medio
1,10,1,0,1,1,2,0,15,0,45,33,29,26,42.0,170,35.0,8.215838362577491,19.0,PUNT_LECTURA_CRITICA,PUNT_SOCIALES_CIUDADANAS,0,2,15,0,medio,-0.7946041826290278,-1.5148813744338043,-2.029886294822283,-1.8950164037127388,-0.8217922672991772,Bajo,3.0666666666666664,1.3636363636363635,bajo
0,22,1,0,1,1,1,45,45,0,56,63,58,51,52.0,283,56.0,4.847679857416329,12.0,PUNT_MATEMATICAS,PUNT_SOCIALES_CIUDADANAS,0,2,90,0,medio,0.3081772971740637,1.0200606845250386,0.7436179243180041,0.18260946282999607,0.05226885512070911,Medio,71.46666666666667,0.8888888888888888,bajo
0,31,3,1,1,1,1,45,180,0,61,58,59,64,59.0,302,60.2,2.3874672772626644,6.0,PUNT_SOCIALES_CIUDADANAS,PUNT_MATEMATICAS,1,3,225,0,medio,0.809441606175469,0.5975703413652315,0.839256000840083,1.2629749134322181,0.6641116408146295,Alto,81.2,1.0517241379310345,medio
0,2,2,1,1,1,1,45,120,0,59,62,58,74,68.0,318,64.2,6.723094525588644,16.0,PUNT_SOCIALES_CIUDADANAS,PUNT_C_NATURALES,1,3,165,0,alto,0.6089358825749068,0.9355626158930772,0.7436179243180041,2.094025260049312,1.4507666509925272,Alto,88.03333333333333,0.9516129032258065,medio
1,15,3,1,1,1,1,15,120,0,47,56,51,50,48.0,254,50.4,3.507135583350036,9.0,PUNT_MATEMATICAS,PUNT_LECTURA_CRITICA,1,3,135,0,medio,-0.5940984590284657,0.42857420410130864,0.07415138866345206,0.09950442816828668,-0.2973555938472454,Medio,51.9,0.8392857142857143,medio
0,24,1,0,1,0,1,15,45,0,47,43,42,45,48.0,223,45.0,2.5495097567963922,6.0,PUNT_INGLES,PUNT_C_NATURALES,0,1,60,0,medio,-0.5940984590284657,-0.66990068811419,-0.7865913000352577,-0.3160207451402603,-0.2973555938472454,Bajo,30.033333333333335,1.0930232558139534,bajo
1,30,0,0,1,1,1,15,45,0,39,39,38,32,44.0,188,38.4,4.277849927241488,12.0,PUNT_INGLES,PUNT_SOCIALES_CIUDADANAS,0,2,60,0,medio,-1.396121353430714,-1.0078929626420357,-1.1691436061235732,-1.3963861957424824,-0.6469800428151999,Bajo,8.866666666666667,1.0,bajo
0,13,2,0,1,0,2,45,120,1,46,36,32,38,35.0,189,37.4,5.272570530585627,14.0,PUNT_LECTURA_CRITICA,PUNT_C_NATURALES,0,1,165,1,bajo,-0.6943513208287467,-1.26138716853792,-1.7429720652560463,-0.8977559877722261,-1.4336350529930975,Bajo,9.3,1.2777777777777777,medio
1,14,3,1,1,1,0,0,180,1,67,70,63,64,71.0,332,67.0,3.5355339059327378,8.0,PUNT_INGLES,PUNT_C_NATURALES,1,3,180,1,alto,1.4109587769771552,1.6115471649487687,1.2218083069283985,1.2629749134322181,1.712984987718493,Alto,93.0,0.9571428571428572,medio
0,4,0,1,0,0,1,0,45,1,31,36,40,21,39.0,163,33.4,7.76530746332687,19.0,PUNT_C_NATURALES,PUNT_SOCIALES_CIUDADANAS,0,1,45,1,bajo,-2.1981442478329623,-1.26138716853792,-0.9778674530794155,-2.3105415770212856,-1.084010604025143,Bajo,1.633333333333333,0.8611111111111112,bajo
0,9,1,0,0,0,2,15,120,1,49,43,49,53,52.0,244,49.2,3.8987177379235853,10.0,PUNT_SOCIALES_CIUDADANAS,PUNT_MATEMATICAS,0,0,135,1,medio,-0.3935927354279036,-0.66990068811419,-0.11712476438070567,0.3488195321534149,0.05226885512070911,Bajo,45.300000000000004,1.1395348837209303,bajo
1,24,3,0,0,0,2,15,0,1,42,32,42,36,37.0,190,37.8,4.266145801540309,10.0,PUNT_LECTURA_CRITICA,PUNT_MATEMATICAS,0,0,15,1,bajo,-1.095362768029871,-1.5993794430657657,-0.7865913000352577,-1.0639660570956448,-1.2588228285091203,Bajo,9.966666666666667,1.3125,medio
1,15,3,1,1,1,1,15,120,0,52,42,40,46,49.0,227,45.8,4.919349550499538,12.0,PUNT_LECTURA_CRITICA,PUNT_C_NATURALES,1,3,135,0,medio,-0.09283415002706044,-0.7543987567461514,-0.9778674530794155,-0.2329157104785509,-0.20994948160525678,Bajo,33.0,1.2380952380952381,medio
0,6,1,0,0,0,1,45,15,0,64,66,60,64,53.0,313,61.4,5.176871642217914,13.0,PUNT_MATEMATICAS,PUNT_INGLES,0,0,60,0,medio,1.110200191576312,1.273554890420923,0.9348940773621618,1.2629749134322181,0.13967496736269774,Alto,86.23333333333333,0.9696969696969697,bajo
0,2,2,0,0,0,2,90,15,0,45,44,50,47,34.0,228,44.0,6.041522986797286,16.0,PUNT_C_NATURALES,PUNT_INGLES,0,0,105,0,bajo,-0.7946041826290278,-0.5854026194822286,-0.02148668785862681,-0.14981067581684152,-1.5210411652350861,Bajo,34.03333333333333,1.0227272727272727,medio
0,22,3,1,1,1,1,45,45,0,59,63,59,52,65.0,294,59.6,4.979959839195493,13.0,PUNT_INGLES,PUNT_SOCIALES_CIUDADANAS,1,3,90,0,alto,0.6089358825749068,1.0200606845250386,0.839256000840083,0.26571449749170545,1.1885483142665612,Medio,77.46666666666667,0.9365079365079365,medio
1,18,1,0,1,0,1,90,15,0,43,29,39,22,29.0,165,32.4,8.473488065725943,21.0,PUNT_LECTURA_CRITICA,PUNT_SOCIALES_CIUDADANAS,0,1,105,0,bajo,-0.9951099062295898,-1.8528736489616502,-1.0735055296014944,-2.2274365423595763,-1.9580717264450294,Bajo,1.9666666666666666,1.4827586206896552,bajo
1,31,2,1,1,1,2,45,45,0,55,46,45,38,49.0,231,46.6,6.18869937870632,17.0,PUNT_LECTURA_CRITICA,PUNT_SOCIALES_CIUDADANAS,1,3,90,0,medio,0.2079244353737827,-0.41640648221830573,-0.49967707046902116,-0.8977559877722261,-0.20994948160525678,Bajo,36.0,1.1956521739130435,medio
1,7,3,1,1,1,1,0,45,0,59,55,37,52,48.0,253,50.2,8.408329203831164,22.0,PUNT_LECTURA_CRITICA,PUNT_C_NATURALES,1,3,45,0,medio,0.6089358825749068,0.3440761354693472,-1.264781682645652,0.26571449749170545,-0.2973555938472454,Medio,51.26666666666667,1.0727272727272728,medio
0,14,2,0,1,1,1,90,45,1,52,46,41,39,50.0,225,45.6,5.594640292279745,13.0,PUNT_LECTURA_CRITICA,PUNT_SOCIALES_CIUDADANAS,0,2,135,1,medio,-0.09283415002706044,-0.41640648221830573,-0.8822293765573366,-0.8146509531105167,-0.12254336936326815,Bajo,31.433333333333337,1.1304347826086956,medio
1,6,3,1,1,1,0,0,45,0,70,68,66,66,63.0,336,66.6,2.6076809620810595,7.0,PUNT_LECTURA_CRITICA,PUNT_INGLES,1,3,45,0,alto,1.7117173623779984,1.4425510276848459,1.508722536494635,1.429184982755637,1.013736089782584,Alto,94.69999999999999,1.0294117647058822,medio
0,20,1,1,1,0,1,90,45,0,60,49,52,59,61.0,277,56.2,5.357238094391549,12.0,PUNT_INGLES,PUNT_MATEMATICAS,1,2,135,0,alto,0.709188744375188,-0.16291227632242142,0.16978946518553092,0.8474497401236712,0.8389238652986067,Medio,66.73333333333333,1.2244897959183674,bajo
1,15,4,1,1,1,1,15,45,0,55,60,61,60,69.0,299,61.0,5.049752469181039,14.0,PUNT_INGLES,PUNT_LECTURA_CRITICA,1,3,60,0,alto,0.2079244353737827,0.7665664786291544,1.0305321538842407,0.9305547747853806,1.5381727632345157,Medio,80.2,0.9166666666666666,alto
1,13,2,0,1,0,1,15,180,1,57,58,61,52,60.0,286,57.6,3.5071355833500366,9.0,PUNT_C_NATURALES,PUNT_SOCIALES_CIUDADANAS,0,1,195,1,medio,0.4084301589743448,0.5975703413652315,1.0305321538842407,0.26571449749170545,0.7515177530566182,Medio,73.4,0.9827586206896551,medio
0,2,2,1,0,1,1,45,120,1,51,53,52,48,38.0,250,48.4,6.107372593840988,15.0,PUNT_MATEMATICAS,PUNT_INGLES,0,2,165,1,bajo,-0.19308701182734148,0.17507999820542433,0.16978946518553092,-0.06670564115513211,-1.1714167162671316,Bajo,49.6,0.9622641509433962,medio
0,15,2,1,1,1,1,0,180,0,64,60,64,59,60.0,308,61.4,2.4083189157584592,5.0,PUNT_LECTURA_CRITICA,PUNT_SOCIALES_CIUDADANAS,1,3,180,0,medio,1.110200191576312,0.7665664786291544,1.3174463834504773,0.8474497401236712,0.7515177530566182,Alto,84.39999999999999,1.0666666666666667,medio
0,11,2,1,1,1,1,0,180,0,42,45,38,28,45.0,194,39.6,7.092249290598858,17.0,PUNT_MATEMATICAS,PUNT_SOCIALES_CIUDADANAS,1,3,180,0,medio,-1.095362768029871,-0.5009045508502672,-1.1691436061235732,-1.72880633438932,-0.5595739305732113,Bajo,12.4,0.9333333333333333,medio
0,15,2,1,1,1,2,15,15,0,54,43,46,44,47.0,234,46.8,4.324349662087931,11.0,PUNT_LECTURA_CRITICA,PUNT_MATEMATICAS,1,3,30,0,medio,0.10767157357350166,-0.66990068811419,-0.40403899394694226,-0.39912577980196967,-0.38476170608923405,Bajo,38.9,1.255813953488372,medio
1,11,1,0,1,0,2,0,120,0,56,49,39,46,60.0,242,50.0,8.276472678623424,21.0,PUNT_INGLES,PUNT_C_NATURALES,0,1,120,0,medio,0.3081772971740637,-0.16291227632242142,-1.0735055296014944,-0.2329157104785509,0.7515177530566182,Bajo,43.9,1.1428571428571428,bajo
0,9,1,1,1,1,0,45,45,0,63,60,54,60,45.0,291,56.4,7.162401831787993,18.0,PUNT_LECTURA_CRITICA,PUNT_INGLES,1,3,90,0,medio,1.009947329776031,0.7665664786291544,0.36106561822968863,0.9305547747853806,-0.5595739305732113,Medio,75.76666666666667,1.05,bajo
0,14,2,1,1,0,1,15,180,0,56,61,53,43,55.0,267,53.6,6.618156843109719,18.0,PUNT_MATEMATICAS,PUNT_SOCIALES_CIUDADANAS,1,2,195,0,medio,0.3081772971740637,0.8510645472611158,0.2654275417076098,-0.4822308144636791,0.314487191846675,Medio,60.3,0.9180327868852459,medio
1,15,3,1,1,1,1,0,15,0,48,53,55,43,47.0,248,49.2,4.8166378315169185,12.0,PUNT_C_NATURALES,PUNT_SOCIALES_CIUDADANAS,1,3,15,0,medio,-0.4938455972281846,0.17507999820542433,0.45670369475176753,-0.4822308144636791,-0.38476170608923405,Bajo,48.3,0.9056603773584906,medio
1,2,1,1,0,1,0,90,120,0,68,69,61,70,64.0,334,66.4,3.7815340802378072,9.0,PUNT_SOCIALES_CIUDADANAS,PUNT_C_NATURALES,0,2,210,0,alto,1.5112116387774364,1.5270490963168073,1.0305321538842407,1.7616051214024746,1.1011422020245727,Alto,93.7,0.9855072463768116,bajo
1,28,1,1,1,1,1,15,45,0,57,53,51,46,50.0,258,51.4,4.03732584763727,11.0,PUNT_LECTURA_CRITICA,PUNT_SOCIALES_CIUDADANAS,1,3,60,0,medio,0.4084301589743448,0.17507999820542433,0.07415138866345206,-0.2329157104785509,-0.12254336936326815,Medio,54.400000000000006,1.0754716981132075,bajo
0,5,2,1,1,0,0,15,120,0,59,60,58,53,65.0,290,59.0,4.301162633521313,12.0,PUNT_INGLES,PUNT_SOCIALES_CIUDADANAS,1,2,135,0,alto,0.6089358825749068,0.7665664786291544,0.7436179243180041,0.3488195321534149,1.1885483142665612,Medio,75.23333333333333,0.9833333333333333,medio
1,7,2,0,0,0,1,0,15,0,66,60,53,55,55.0,291,57.8,5.263078946776307,13.0,PUNT_LECTURA_CRITICA,PUNT_C_NATURALES,0,0,15,0,medio,1.3107059151768743,0.7665664786291544,0.2654275417076098,0.5150296014768336,0.314487191846675,Medio,75.76666666666667,1.1,medio
0,30,1,1,0,0,0,15,45,0,44,41,37,41,30.0,200,38.6,5.412947441089743,14.0,PUNT_LECTURA_CRITICA,PUNT_INGLES,0,1,60,0,bajo,-0.8948570444293088,-0.8388968253781128,-1.264781682645652,-0.6484408837870979,-1.8706656142030407,Bajo,15.266666666666667,1.0731707317073171,bajo
1,28,4,1,1,1,1,0,180,0,47,40,30,55,52.0,218,44.8,10.03493896344168,25.0,PUNT_SOCIALES_CIUDADANAS,PUNT_C_NATURALES,1,3,180,0,medio,-0.5940984590284657,-0.9233948940100744,-1.934248218300204,0.5150296014768336,0.05226885512070911,Bajo,26.566666666666666,1.175,alto
1,2,3,1,1,0,0,15,180,0,67,70,62,64,67.0,329,66.0,3.082207001484488,8.0,PUNT_MATEMATICAS,PUNT_C_NATURALES,1,2,195,0,alto,1.4109587769771552,1.6115471649487687,1.1261702304063195,1.2629749134322181,1.3633605387505385,Alto,91.93333333333334,0.9571428571428572,medio
0,4,3,1,1,0,1,45,15,0,60,51,46,60,68.0,277,57.0,8.602325267042627,22.0,PUNT_INGLES,PUNT_C_NATURALES,1,2,60,0,alto,0.709188744375188,0.006083860941501454,-0.40403899394694226,0.9305547747853806,1.4507666509925272,Medio,66.73333333333333,1.1764705882352942,medio
0,8,2,0,1,0,1,15,45,0,47,37,43,39,45.0,209,42.2,4.147288270665544,10.0,PUNT_LECTURA_CRITICA,PUNT_MATEMATICAS,0,1,60,0,medio,-0.5940984590284657,-1.1768890999059587,-0.6909532235131789,-0.8146509531105167,-0.5595739305732113,Bajo,21.166666666666668,1.2702702702702702,medio
0,25,2,1,1,1,1,45,180,0,65,49,64,65,59.0,303,60.4,6.841052550594829,16.0,PUNT_LECTURA_CRITICA,PUNT_MATEMATICAS,1,3,225,0,medio,1.2104530533765931,-0.16291227632242142,1.3174463834504773,1.3460799480939276,0.6641116408146295,Alto,81.8,1.3265306122448979,medio
0,20,1,1,1,0,1,15,120,0,40,42,41,28,40.0,190,38.2,5.761944116355173,14.0,PUNT_MATEMATICAS,PUNT_SOCIALES_CIUDADANAS,1,2,135,0,bajo,-1.295868491630433,-0.7543987567461514,-0.8822293765573366,-1.72880633438932,-0.9966044917831545,Bajo,9.966666666666667,0.9523809523809523,bajo
1,13,2,0,0,0,1,15,15,1,37,39,40,32,41.0,187,37.8,3.5637059362410923,9.0,PUNT_INGLES,PUNT_SOCIALES_CIUDADANAS,0,0,30,1,medio,-1.596627077031276,-1.0078929626420357,-0.9778674530794155,-1.3963861957424824,-0.9091983795411658,Bajo,8.366666666666667,0.9487179487179487,medio
1,22,1,0,1,0,1,15,45,1,47,63,57,42,60.0,264,53.8,8.927485648266257,21.0,PUNT_MATEMATICAS,PUNT_SOCIALES_CIUDADANAS,0,1,60,1,medio,-0.5940984590284657,1.0200606845250386,0.6479798477959252,-0.5653358491253885,0.7515177530566182,Medio,58.666666666666664,0.746031746031746,bajo
0,28,2,1,1,1,1,45,120,0,68,65,57,61,60.0,313,62.2,4.324349662087931,11.0,PUNT_LECTURA_CRITICA,PUNT_C_NATURALES,1,3,165,0,medio,1.5112116387774364,1.1890568217889614,0.6479798477959252,1.01365980944709,0.7515177530566182,Alto,86.23333333333333,1.0461538461538462,medio
1,30,1,0,0,0,0,15,0,1,43,42,47,51,32.0,223,43.0,7.106335201775948,19.0,PUNT_SOCIALES_CIUDADANAS,PUNT_INGLES,0,0,15,1,bajo,-0.9951099062295898,-0.7543987567461514,-0.3084009174248634,0.18260946282999607,-1.6958533897190635,Bajo,30.033333333333335,1.0238095238095237,bajo
0,4,1,1,0,0,0,45,45,0,54,56,52,42,50.0,255,50.8,5.403702434442518,14.0,PUNT_MATEMATICAS,PUNT_SOCIALES_CIUDADANAS,0,1,90,0,medio,0.10767157357350166,0.42857420410130864,0.16978946518553092,-0.5653358491253885,-0.12254336936326815,Medio,52.63333333333333,0.9642857142857143,bajo
0,22,1,0,0,0,0,0,15,0,55,47,51,47,61.0,254,52.2,5.932958789676531,14.0,PUNT_INGLES,PUNT_MATEMATICAS,0,0,15,0,alto,0.2079244353737827,-0.33190841358634426,0.07415138866345206,-0.14981067581684152,0.8389238652986067,Medio,51.9,1.1702127659574468,bajo
0,4,2,0,1,1,1,90,45,0,62,60,54,63,59.0,298,59.6,3.507135583350036,9.0,PUNT_SOCIALES_CIUDADANAS,PUNT_C_NATURALES,0,2,135,0,medio,0.90969446797575,0.7665664786291544,0.36106561822968863,1.1798698787705089,0.6641116408146295,Medio,79.63333333333334,1.0333333333333334,medio
1,5,2,0,0,0,1,15,45,0,60,54,36,58,48.0,258,51.2,9.654014708917737,24.0,PUNT_LECTURA_CRITICA,PUNT_C_NATURALES,0,0,60,0,medio,0.709188744375188,0.25957806683738577,-1.360419759167731,0.7643447054619619,-0.2973555938472454,Medio,54.400000000000006,1.1111111111111112,medio
0,13,3,1,1,0,2,45,180,0,44,42,42,48,44.0,220,44.0,2.449489742783178,6.0,PUNT_SOCIALES_CIUDADANAS,PUNT_MATEMATICAS,1,2,225,0,medio,-0.8948570444293088,-0.7543987567461514,-0.7865913000352577,-0.06670564115513211,-0.6469800428151999,Bajo,27.866666666666667,1.0476190476190477,medio
0,15,3,1,1,1,1,15,15,0,61,50,57,52,62.0,278,56.4,5.319774431308154,12.0,PUNT_INGLES,PUNT_MATEMATICAS,1,3,30,0,alto,0.809441606175469,-0.07841420769045998,0.6479798477959252,0.26571449749170545,0.9263299775405954,Medio,67.80000000000001,1.22,medio
1,15,3,1,1,1,1,45,180,0,50,57,59,47,65.0,271,55.6,7.197221686178632,18.0,PUNT_INGLES,PUNT_SOCIALES_CIUDADANAS,1,3,225,0,alto,-0.29333987362762254,0.51307227273327,0.839256000840083,-0.14981067581684152,1.1885483142665612,Medio,62.96666666666667,0.8771929824561403,medio
1,28,3,1,1,1,1,45,45,0,72,64,69,69,65.0,341,67.8,3.271085446759225,8.0,PUNT_LECTURA_CRITICA,PUNT_MATEMATICAS,1,3,90,0,alto,1.9122230859785605,1.104558753157,1.7956367660608716,1.6785000867407651,1.1885483142665612,Alto,95.93333333333334,1.125,medio
0,2,1,1,1,1,2,0,180,0,45,40,39,30,31.0,190,37.0,6.363961030678928,15.0,PUNT_LECTURA_CRITICA,PUNT_SOCIALES_CIUDADANAS,1,3,180,0,bajo,-0.7946041826290278,-0.9233948940100744,-1.0735055296014944,-1.5625962650659013,-1.783259501961052,Bajo,9.966666666666667,1.125,bajo
0,30,1,0,1,0,1,45,45,0,57,45,47,48,38.0,242,47.0,6.819090848492928,19.0,PUNT_LECTURA_CRITICA,PUNT_INGLES,0,1,90,0,bajo,0.4084301589743448,-0.5009045508502672,-0.3084009174248634,-0.06670564115513211,-1.1714167162671316,Bajo,43.9,1.2666666666666666,bajo
0,4,1,1,1,1,1,15,45,0,67,70,65,67,72.0,338,68.2,2.7748873851023212,7.0,PUNT_INGLES,PUNT_C_NATURALES,1,3,60,0,alto,1.4109587769771552,1.6115471649487687,1.413084459972556,1.5122900174173464,1.8003910999604817,Alto,95.26666666666667,0.9571428571428572,bajo
0,2,6,1,1,1,0,15,180,0,68,63,68,69,76.0,338,68.8,4.658325879540846,13.0,PUNT_INGLES,PUNT_MATEMATICAS,1,3,195,0,alto,1.5112116387774364,1.0200606845250386,1.6999986895387929,1.6785000867407651,2.1500155489284363,Alto,95.26666666666667,1.0793650793650793,alto
1,13,2,1,1,1,0,0,120,0,70,65,59,73,64.0,333,66.2,5.449770637375485,14.0,PUNT_SOCIALES_CIUDADANAS,PUNT_C_NATURALES,1,3,120,0,alto,1.7117173623779984,1.1890568217889614,0.839256000840083,2.010920225387603,1.1011422020245727,Alto,93.4,1.0769230769230769,medio
1,14,2,0,1,1,1,45,15,1,51,48,49,51,53.0,250,50.4,1.9493588689617927,5.0,PUNT_INGLES,PUNT_MATEMATICAS,0,2,60,1,medio,-0.19308701182734148,-0.24741034495438285,-0.11712476438070567,0.18260946282999607,0.13967496736269774,Bajo,49.6,1.0625,medio
0,22,3,0,1,0,1,15,45,0,51,45,48,55,62.0,253,52.2,6.610597552415364,17.0,PUNT_INGLES,PUNT_MATEMATICAS,0,1,60,0,alto,-0.19308701182734148,-0.5009045508502672,-0.21276284090278455,0.5150296014768336,0.9263299775405954,Medio,51.26666666666667,1.1333333333333333,medio
0,28,6,0,1,0,1,0,180,0,36,32,31,37,39.0,172,35.0,3.391164991562634,8.0,PUNT_INGLES,PUNT_C_NATURALES,0,1,180,0,bajo,-1.6968799388315572,-1.5993794430657657,-1.8386101417781253,-0.9808610224339355,-1.084010604025143,Bajo,3.733333333333334,1.125,alto
0,9,2,0,1,1,1,0,15,0,55,41,46,23,43.0,207,41.6,11.696153213770756,32.0,PUNT_LECTURA_CRITICA,PUNT_SOCIALES_CIUDADANAS,0,2,15,0,medio,0.2079244353737827,-0.8388968253781128,-0.40403899394694226,-2.144331507697867,-0.7343861550571885,Bajo,19.566666666666666,1.3414634146341464,medio
1,6,3,1,1,1,1,0,45,0,53,57,48,50,55.0,261,52.6,3.646916505762094,9.0,PUNT_MATEMATICAS,PUNT_C_NATURALES,1,3,45,0,medio,0.007418711773220604,0.51307227273327,-0.21276284090278455,0.09950442816828668,0.314487191846675,Medio,56.333333333333336,0.9298245614035088,medio
0,28,2,1,1,1,2,120,120,0,63,53,53,52,76.0,284,59.4,10.310189135025603,24.0,PUNT_INGLES,PUNT_SOCIALES_CIUDADANAS,1,3,240,0,alto,1.009947329776031,0.17507999820542433,0.2654275417076098,0.26571449749170545,2.1500155489284363,Medio,72.16666666666667,1.1886792452830188,medio
1,15,4,1,1,1,2,45,180,0,68,65,66,63,69.0,329,66.2,2.3874672772626644,6.0,PUNT_INGLES,PUNT_SOCIALES_CIUDADANAS,1,3,225,0,alto,1.5112116387774364,1.1890568217889614,1.508722536494635,1.1798698787705089,1.5381727632345157,Alto,91.93333333333334,1.0461538461538462,alto
1,2,1,1,1,1,1,0,45,1,49,62,56,57,54.0,279,55.6,4.722287581247038,13.0,PUNT_MATEMATICAS,PUNT_LECTURA_CRITICA,1,3,45,1,medio,-0.3935927354279036,0.9355626158930772,0.5523417712738464,0.6812396708002525,0.22708107960468638,Medio,68.60000000000001,0.7903225806451613,bajo
0,21,2,0,0,0,1,90,15,0,60,59,56,65,54.0,298,58.8,4.207136793592526,11.0,PUNT_SOCIALES_CIUDADANAS,PUNT_INGLES,0,0,105,0,medio,0.709188744375188,0.6820684099971929,0.5523417712738464,1.3460799480939276,0.22708107960468638,Medio,79.63333333333334,1.0169491525423728,medio
0,28,1,0,0,0,1,45,15,0,64,74,68,63,63.0,335,66.4,4.722287581247038,11.0,PUNT_MATEMATICAS,PUNT_SOCIALES_CIUDADANAS,0,0,60,0,alto,1.110200191576312,1.9495394394766143,1.6999986895387929,1.1798698787705089,1.013736089782584,Alto,94.19999999999999,0.8648648648648649,bajo
0,15,3,0,1,1,0,45,180,0,68,50,56,55,55.0,285,56.8,6.685805860178712,18.0,PUNT_LECTURA_CRITICA,PUNT_MATEMATICAS,0,2,225,0,medio,1.5112116387774364,-0.07841420769045998,0.5523417712738464,0.5150296014768336,0.314487191846675,Medio,72.73333333333333,1.36,medio
0,14,3,1,1,1,1,45,120,0,77,63,69,72,66.0,350,69.4,5.412947441089743,14.0,PUNT_LECTURA_CRITICA,PUNT_MATEMATICAS,1,3,165,0,alto,2.4134873949799656,1.0200606845250386,1.7956367660608716,1.9278151907258934,1.2759544265085498,Alto,96.96666666666667,1.2222222222222223,medio
1,31,2,1,1,1,1,15,120,0,66,53,39,61,58.0,275,55.4,10.310189135025603,27.0,PUNT_LECTURA_CRITICA,PUNT_C_NATURALES,1,3,135,0,medio,1.3107059151768743,0.17507999820542433,-1.0735055296014944,1.01365980944709,0.5767055285726409,Medio,65.36666666666666,1.2452830188679245,medio
0,2,2,0,1,0,1,90,15,0,49,50,52,49,59.0,253,51.8,4.207136793592526,10.0,PUNT_INGLES,PUNT_LECTURA_CRITICA,0,1,105,0,medio,-0.3935927354279036,-0.07841420769045998,0.16978946518553092,0.016399393506577285,0.6641116408146295,Medio,51.26666666666667,0.98,medio
0,4,3,1,1,1,1,45,45,0,66,76,69,75,68.0,356,70.8,4.43846820423443,10.0,PUNT_MATEMATICAS,PUNT_LECTURA_CRITICA,1,3,90,0,alto,1.3107059151768743,2.118535576740537,1.7956367660608716,2.1771302947110214,1.4507666509925272,Superior,98.1,0.868421052631579,medio
0,10,1,0,0,0,1,15,45,0,53,52,49,43,51.0,247,49.6,3.974921382870358,10.0,PUNT_LECTURA_CRITICA,PUNT_SOCIALES_CIUDADANAS,0,0,60,0,medio,0.007418711773220604,0.0905819295734629,-0.11712476438070567,-0.4822308144636791,-0.03513725712127952,Bajo,47.56666666666667,1.0192307692307692,bajo
0,15,4,1,1,1,2,15,120,0,75,77,68,75,80.0,371,75.0,4.415880433163924,12.0,PUNT_INGLES,PUNT_C_NATURALES,1,3,135,0,alto,2.2129816713794037,2.2030336453724986,1.6999986895387929,2.1771302947110214,2.4996399978963906,Superior,99.06666666666666,0.974025974025974,alto
1,4,2,1,1,0,1,15,45,0,46,41,37,42,38.0,206,40.8,3.5637059362410923,9.0,PUNT_LECTURA_CRITICA,PUNT_C_NATURALES,1,2,60,0,bajo,-0.6943513208287467,-0.8388968253781128,-1.264781682645652,-0.5653358491253885,-1.1714167162671316,Bajo,19.0,1.1219512195121952,medio
1,7,4,1,1,1,1,0,45,1,50,45,38,33,42.0,208,41.6,6.5038450166036395,17.0,PUNT_LECTURA_CRITICA,PUNT_SOCIALES_CIUDADANAS,1,3,45,1,medio,-0.29333987362762254,-0.5009045508502672,-1.1691436061235732,-1.313281161080773,-0.8217922672991772,Bajo,20.366666666666667,1.1111111111111112,alto
0,5,3,1,1,1,1,15,45,0,48,51,39,42,54.0,228,46.8,6.220932405998316,15.0,PUNT_INGLES,PUNT_C_NATURALES,1,3,60,0,medio,-0.4938455972281846,0.006083860941501454,-1.0735055296014944,-0.5653358491253885,0.22708107960468638,Bajo,34.03333333333333,0.9411764705882353,medio
1,15,2,1,1,1,2,0,180,0,53,60,56,54,50.0,277,54.6,3.714835124201342,10.0,PUNT_MATEMATICAS,PUNT_INGLES,1,3,180,0,medio,0.007418711773220604,0.7665664786291544,0.5523417712738464,0.43192456681512426,-0.12254336936326815,Medio,66.73333333333333,0.8833333333333333,medio
1,26,3,1,1,1,2,45,45,0,52,48,55,53,50.0,259,51.6,2.701851217221259,7.0,PUNT_C_NATURALES,PUNT_MATEMATICAS,1,3,90,0,medio,-0.09283415002706044,-0.24741034495438285,0.45670369475176753,0.3488195321534149,-0.12254336936326815,Medio,55.06666666666666,1.0833333333333333,medio
1,15,4,1,1,1,2,15,45,0,63,57,57,61,60.0,298,59.6,2.6076809620810595,6.0,PUNT_LECTURA_CRITICA,PUNT_MATEMATICAS,1,3,60,0,medio,1.009947329776031,0.51307227273327,0.6479798477959252,1.01365980944709,0.7515177530566182,Medio,79.63333333333334,1.105263157894737,alto
1,24,2,0,1,0,1,0,15,0,39,37,34,31,34.0,176,35.0,3.082207001484488,8.0,PUNT_LECTURA_CRITICA,PUNT_SOCIALES_CIUDADANAS,0,1,15,0,bajo,-1.396121353430714,-1.1768890999059587,-1.5516959122118887,-1.4794912304041918,-1.5210411652350861,Bajo,4.966666666666667,1.054054054054054,medio
0,3,2,1,1,0,1,45,120,0,67,69,66,70,67.0,340,67.8,1.6431676725154982,4.0,PUNT_SOCIALES_CIUDADANAS,PUNT_C_NATURALES,1,2,165,0,alto,1.4109587769771552,1.5270490963168073,1.508722536494635,1.7616051214024746,1.3633605387505385,Alto,95.76666666666667,0.9710144927536232,medio
1,22,1,0,1,0,2,90,15,0,44,39,39,34,38.0,195,38.8,3.5637059362410923,10.0,PUNT_LECTURA_CRITICA,PUNT_SOCIALES_CIUDADANAS,0,1,105,0,bajo,-0.8948570444293088,-1.0078929626420357,-1.0735055296014944,-1.2301761264190636,-1.1714167162671316,Bajo,12.933333333333334,1.1282051282051282,bajo
1,23,1,0,1,0,1,15,120,0,68,55,63,75,64.0,326,65.0,7.314369419163897,20.0,PUNT_SOCIALES_CIUDADANAS,PUNT_MATEMATICAS,0,1,135,0,alto,1.5112116387774364,0.3440761354693472,1.2218083069283985,2.1771302947110214,1.1011422020245727,Alto,90.96666666666667,1.2363636363636363,bajo
0,6,2,0,0,1,0,45,45,1,72,64,62,70,61.0,333,65.8,4.919349550499537,11.0,PUNT_LECTURA_CRITICA,PUNT_INGLES,0,1,90,1,alto,1.9122230859785605,1.104558753157,1.1261702304063195,1.7616051214024746,0.8389238652986067,Alto,93.4,1.125,medio
1,2,3,1,1,1,2,45,120,0,63,63,51,55,58.0,290,58.0,5.196152422706632,12.0,PUNT_LECTURA_CRITICA,PUNT_C_NATURALES,1,3,165,0,medio,1.009947329776031,1.0200606845250386,0.07415138866345206,0.5150296014768336,0.5767055285726409,Medio,75.23333333333333,1.0,medio
1,5,4,0,1,1,2,15,15,0,52,29,41,45,46.0,210,42.6,8.561541917201597,23.0,PUNT_LECTURA_CRITICA,PUNT_MATEMATICAS,0,2,30,0,medio,-0.09283415002706044,-1.8528736489616502,-0.8822293765573366,-0.3160207451402603,-0.4721678183312227,Bajo,21.96666666666667,1.793103448275862,alto
1,29,5,0,1,0,1,15,120,1,42,24,36,30,32.0,165,32.8,6.723094525588644,18.0,PUNT_LECTURA_CRITICA,PUNT_MATEMATICAS,0,1,135,1,bajo,-1.095362768029871,-2.2753639921214575,-1.360419759167731,-1.5625962650659013,-1.6958533897190635,Bajo,1.9666666666666666,1.75,alto
0,4,1,0,0,0,1,0,0,0,47,53,43,52,48.0,243,48.6,4.03732584763727,10.0,PUNT_MATEMATICAS,PUNT_C_NATURALES,0,0,0,0,medio,-0.5940984590284657,0.17507999820542433,-0.6909532235131789,0.26571449749170545,-0.2973555938472454,Bajo,44.733333333333334,0.8867924528301887,bajo
0,6,1,0,0,0,1,0,180,0,52,54,47,48,48.0,250,49.8,3.03315017762062,7.0,PUNT_MATEMATICAS,PUNT_C_NATURALES,0,0,180,0,medio,-0.09283415002706044,0.25957806683738577,-0.3084009174248634,-0.06670564115513211,-0.2973555938472454,Bajo,49.6,0.9629629629629629,bajo
1,14,1,0,1,1,1,15,45,1,61,57,58,52,55.0,284,56.6,3.361547262794322,9.0,PUNT_LECTURA_CRITICA,PUNT_SOCIALES_CIUDADANAS,0,2,60,1,medio,0.809441606175469,0.51307227273327,0.7436179243180041,0.26571449749170545,0.314487191846675,Medio,72.16666666666667,1.0701754385964912,bajo
0,5,1,0,1,0,1,45,45,0,51,38,46,38,34.0,213,41.4,6.913754406977442,17.0,PUNT_LECTURA_CRITICA,PUNT_INGLES,0,1,90,0,bajo,-0.19308701182734148,-1.0923910312739973,-0.40403899394694226,-0.8977559877722261,-1.5210411652350861,Bajo,23.733333333333334,1.3421052631578947,bajo
0,6,1,0,1,0,1,15,0,0,62,63,64,53,50.0,298,58.4,6.4265076052238514,14.0,PUNT_C_NATURALES,PUNT_INGLES,0,1,15,0,medio,0.90969446797575,1.0200606845250386,1.3174463834504773,0.3488195321534149,-0.12254336936326815,Medio,79.63333333333334,0.9841269841269841,bajo
0,23,2,1,1,1,1,15,180,0,56,47,44,52,55.0,251,50.8,5.167204273105526,12.0,PUNT_LECTURA_CRITICA,PUNT_C_NATURALES,1,3,195,0,medio,0.3081772971740637,-0.33190841358634426,-0.5953151469911,0.26571449749170545,0.314487191846675,Medio,50.33333333333333,1.1914893617021276,medio
0,22,3,0,1,0,0,45,120,1,59,39,45,36,39.0,222,43.6,9.20869154657707,23.0,PUNT_LECTURA_CRITICA,PUNT_SOCIALES_CIUDADANAS,0,1,165,1,bajo,0.6089358825749068,-1.0078929626420357,-0.49967707046902116,-1.0639660570956448,-1.084010604025143,Bajo,29.333333333333332,1.5128205128205128,medio
0,12,0,1,0,1,2,15,120,1,36,27,34,32,29.0,160,31.6,3.6469165057620936,9.0,PUNT_LECTURA_CRITICA,PUNT_MATEMATICAS,0,2,135,1,bajo,-1.6968799388315572,-2.021869786225573,-1.5516959122118887,-1.3963861957424824,-1.9580717264450294,Bajo,0.8333333333333334,1.3333333333333333,bajo
0,15,3,1,1,1,2,45,180,0,72,70,67,72,69.0,351,70.0,2.1213203435596424,5.0,PUNT_LECTURA_CRITICA,PUNT_C_NATURALES,1,3,225,0,alto,1.9122230859785605,1.6115471649487687,1.6043606130167138,1.9278151907258934,1.5381727632345157,Superior,97.13333333333334,1.0285714285714285,medio
1,4,5,1,1,1,1,90,180,0,38,39,44,46,47.0,211,42.8,4.08656334834051,9.0,PUNT_INGLES,PUNT_LECTURA_CRITICA,1,3,270,0,medio,-1.4963742152309951,-1.0078929626420357,-0.5953151469911,-0.2329157104785509,-0.38476170608923405,Bajo,22.733333333333334,0.9743589743589743,alto
1,2,2,0,1,0,1,45,45,0,42,44,45,47,50.0,225,45.6,3.0495901363953815,8.0,PUNT_INGLES,PUNT_LECTURA_CRITICA,0,1,90,0,medio,-1.095362768029871,-0.5854026194822286,-0.49967707046902116,-0.14981067581684152,-0.12254336936326815,Bajo,31.433333333333337,0.9545454545454546,medio
1,14,2,1,1,1,2,0,180,0,38,33,40,26,44.0,175,36.2,6.942621983083912,18.0,PUNT_INGLES,PUNT_SOCIALES_CIUDADANAS,1,3,180,0,medio,-1.4963742152309951,-1.5148813744338043,-0.9778674530794155,-1.8950164037127388,-0.6469800428151999,Bajo,4.8,1.1515151515151516,medio
1,20,1,1,1,1,1,15,120,0,60,65,55,42,57.0,278,55.8,8.5848704125339,23.0,PUNT_MATEMATICAS,PUNT_SOCIALES_CIUDADANAS,1,3,135,0,medio,0.709188744375188,1.1890568217889614,0.45670369475176753,-0.5653358491253885,0.48929941633065227,Medio,67.80000000000001,0.9230769230769231,bajo
1,10,2,0,1,0,2,0,120,0,34,35,32,23,49.0,162,34.6,9.343446901438462,26.0,PUNT_INGLES,PUNT_SOCIALES_CIUDADANAS,0,1,120,0,medio,-1.8973856624321193,-1.3458852371698815,-1.7429720652560463,-2.144331507697867,-0.20994948160525678,Bajo,1.3333333333333335,0.9714285714285714,medio
0,15,3,0,1,1,2,90,15,0,57,51,45,30,51.0,231,46.8,10.305338422390601,27.0,PUNT_LECTURA_CRITICA,PUNT_SOCIALES_CIUDADANAS,0,2,105,0,medio,0.4084301589743448,0.006083860941501454,-0.49967707046902116,-1.5625962650659013,-0.03513725712127952,Bajo,36.0,1.1176470588235294,medio
0,28,2,1,0,1,2,15,120,0,59,58,59,60,53.0,293,57.8,2.7748873851023217,7.0,PUNT_SOCIALES_CIUDADANAS,PUNT_INGLES,0,2,135,0,medio,0.6089358825749068,0.5975703413652315,0.839256000840083,0.9305547747853806,0.13967496736269774,Medio,76.96666666666667,1.0172413793103448,medio
1,14,1,0,1,0,1,15,15,1,40,50,49,43,56.0,232,47.6,6.268971207462991,16.0,PUNT_INGLES,PUNT_LECTURA_CRITICA,0,1,30,1,medio,-1.295868491630433,-0.07841420769045998,-0.11712476438070567,-0.4822308144636791,0.40189330408866364,Bajo,36.833333333333336,0.8,bajo
0,6,3,1,1,1,1,15,120,1,62,58,65,59,72.0,309,63.2,5.630275304103699,14.0,PUNT_INGLES,PUNT_MATEMATICAS,1,3,135,1,alto,0.90969446797575,0.5975703413652315,1.413084459972556,0.8474497401236712,1.8003910999604817,Alto,84.8,1.0689655172413792,medio
1,22,4,0,0,0,0,15,15,0,59,56,54,48,35.0,264,50.4,9.50263121456368,24.0,PUNT_LECTURA_CRITICA,PUNT_INGLES,0,0,30,0,bajo,0.6089358825749068,0.42857420410130864,0.36106561822968863,-0.06670564115513211,-1.4336350529930975,Medio,58.666666666666664,1.0535714285714286,alto
0,31,0,1,1,1,1,15,120,0,58,32,45,32,62.0,217,45.8,14.078352176302452,30.0,PUNT_INGLES,PUNT_MATEMATICAS,1,3,135,0,alto,0.5086830207746258,-1.5993794430657657,-0.49967707046902116,-1.3963861957424824,0.9263299775405954,Bajo,25.900000000000002,1.8125,bajo
0,28,5,1,1,1,2,15,45,0,70,74,67,53,77.0,334,68.2,9.311283477587823,24.0,PUNT_INGLES,PUNT_SOCIALES_CIUDADANAS,1,3,60,0,alto,1.7117173623779984,1.9495394394766143,1.6043606130167138,0.3488195321534149,2.237421661170425,Alto,93.7,0.9459459459459459,alto
0,4,1,1,0,1,1,15,45,0,60,55,49,47,47.0,262,51.6,5.727128425310541,13.0,PUNT_LECTURA_CRITICA,PUNT_SOCIALES_CIUDADANAS,0,2,60,0,medio,0.709188744375188,0.3440761354693472,-0.11712476438070567,-0.14981067581684152,-0.38476170608923405,Medio,56.96666666666667,1.0909090909090908,bajo
0,8,1,0,1,1,0,15,180,0,64,63,52,63,52.0,299,58.8,6.220932405998316,12.0,PUNT_LECTURA_CRITICA,PUNT_C_NATURALES,0,2,195,0,medio,1.110200191576312,1.0200606845250386,0.16978946518553092,1.1798698787705089,0.05226885512070911,Medio,80.2,1.0158730158730158,bajo
0,18,2,1,1,0,2,45,180,0,55,56,52,52,73.0,276,57.6,8.792041856133308,21.0,PUNT_INGLES,PUNT_C_NATURALES,1,2,225,0,alto,0.2079244353737827,0.42857420410130864,0.16978946518553092,0.26571449749170545,1.8877972122024702,Medio,66.03333333333333,0.9821428571428571,medio
1,2,2,1,1,0,1,45,120,0,45,48,45,45,40.0,227,44.6,2.8809720581775866,8.0,PUNT_MATEMATICAS,PUNT_INGLES,1,2,165,0,bajo,-0.7946041826290278,-0.24741034495438285,-0.49967707046902116,-0.3160207451402603,-0.9966044917831545,Bajo,33.0,0.9375,medio
1,11,2,0,1,0,1,0,45,0,69,61,56,63,52.0,307,60.2,6.534523701081817,17.0,PUNT_LECTURA_CRITICA,PUNT_INGLES,0,1,45,0,medio,1.6114645005777173,0.8510645472611158,0.5523417712738464,1.1798698787705089,0.05226885512070911,Alto,83.96666666666667,1.1311475409836065,medio
1,5,1,0,1,0,1,15,0,1,41,32,36,41,41.0,189,38.2,4.08656334834051,9.0,PUNT_LECTURA_CRITICA,PUNT_MATEMATICAS,0,1,15,1,medio,-1.195615629830152,-1.5993794430657657,-1.360419759167731,-0.6484408837870979,-0.9091983795411658,Bajo,9.3,1.28125,bajo
0,23,1,1,1,1,1,0,15,0,46,46,43,35,50.0,215,44.0,5.612486080160912,15.0,PUNT_INGLES,PUNT_SOCIALES_CIUDADANAS,1,3,15,0,medio,-0.6943513208287467,-0.41640648221830573,-0.6909532235131789,-1.1470710917573543,-0.12254336936326815,Bajo,24.766666666666666,1.0,bajo
1,31,2,1,1,1,1,45,120,0,63,56,61,60,45.0,294,57.0,7.176350047203662,18.0,PUNT_LECTURA_CRITICA,PUNT_INGLES,1,3,165,0,medio,1.009947329776031,0.42857420410130864,1.0305321538842407,0.9305547747853806,-0.5595739305732113,Medio,77.46666666666667,1.125,medio
1,28,2,1,1,1,1,0,45,0,45,48,46,46,47.0,232,46.4,1.140175425099138,3.0,PUNT_MATEMATICAS,PUNT_LECTURA_CRITICA,1,3,45,0,medio,-0.7946041826290278,-0.24741034495438285,-0.40403899394694226,-0.2329157104785509,-0.38476170608923405,Bajo,36.833333333333336,0.9375,medio
0,25,2,1,1,0,1,45,180,0,50,62,55,51,50.0,271,53.6,5.128352561983234,12.0,PUNT_MATEMATICAS,PUNT_LECTURA_CRITICA,1,2,225,0,medio,-0.29333987362762254,0.9355626158930772,0.45670369475176753,0.18260946282999607,-0.12254336936326815,Medio,62.96666666666667,0.8064516129032258,medio
0,31,2,1,1,0,1,15,45,0,32,43,37,37,39.0,187,37.6,3.974921382870358,11.0,PUNT_MATEMATICAS,PUNT_LECTURA_CRITICA,1,2,60,0,bajo,-2.0978913860326815,-0.66990068811419,-1.264781682645652,-0.9808610224339355,-1.084010604025143,Bajo,8.366666666666667,0.7441860465116279,medio
0,19,1,1,0,1,2,15,120,0,32,38,38,37,35.0,181,36.0,2.5495097567963922,6.0,PUNT_MATEMATICAS,PUNT_LECTURA_CRITICA,0,2,135,0,bajo,-2.0978913860326815,-1.0923910312739973,-1.1691436061235732,-0.9808610224339355,-1.4336350529930975,Bajo,6.133333333333333,0.8421052631578947,bajo
1,15,4,1,1,1,0,45,120,0,46,57,55,51,69.0,268,55.6,8.590692637965812,23.0,PUNT_INGLES,PUNT_LECTURA_CRITICA,1,3,165,0,alto,-0.6943513208287467,0.51307227273327,0.45670369475176753,0.18260946282999607,1.5381727632345157,Medio,61.16666666666667,0.8070175438596491,alto
1,22,1,0,0,0,1,15,0,1,61,56,58,62,55.0,295,58.4,3.049590136395381,7.0,PUNT_SOCIALES_CIUDADANAS,PUNT_INGLES,0,0,15,1,medio,0.809441606175469,0.42857420410130864,0.7436179243180041,1.0967648441087994,0.314487191846675,Medio,77.96666666666667,1.0892857142857142,bajo
0,15,3,1,1,1,2,90,120,0,45,37,56,45,64.0,236,49.4,10.597169433391164,27.0,PUNT_INGLES,PUNT_MATEMATICAS,1,3,210,0,alto,-0.7946041826290278,-1.1768890999059587,0.5523417712738464,-0.3160207451402603,1.1011422020245727,Bajo,40.13333333333333,1.2162162162162162,medio
0,15,2,1,1,1,2,45,45,0,52,47,50,47,55.0,247,50.2,3.420526275297414,8.0,PUNT_INGLES,PUNT_MATEMATICAS,1,3,90,0,medio,-0.09283415002706044,-0.33190841358634426,-0.02148668785862681,-0.14981067581684152,0.314487191846675,Bajo,47.56666666666667,1.1063829787234043,medio
1,2,2,1,0,1,1,45,45,0,65,69,63,70,59.0,331,65.2,4.494441010848846,11.0,PUNT_SOCIALES_CIUDADANAS,PUNT_INGLES,0,2,90,0,medio,1.2104530533765931,1.5270490963168073,1.2218083069283985,1.7616051214024746,0.6641116408146295,Alto,92.66666666666666,0.9420289855072463,medio
0,31,2,1,1,1,1,15,45,0,62,65,58,63,53.0,307,60.2,4.764451699828638,12.0,PUNT_MATEMATICAS,PUNT_INGLES,1,3,60,0,medio,0.90969446797575,1.1890568217889614,0.7436179243180041,1.1798698787705089,0.13967496736269774,Alto,83.96666666666667,0.9538461538461539,medio
1,13,0,0,0,0,1,15,0,1,39,35,35,34,33.0,178,35.2,2.2803508501982757,6.0,PUNT_LECTURA_CRITICA,PUNT_INGLES,0,0,15,1,bajo,-1.396121353430714,-1.3458852371698815,-1.4560578356898097,-1.2301761264190636,-1.6084472774770748,Bajo,5.233333333333333,1.1142857142857143,bajo
1,22,2,1,0,1,1,45,15,0,69,64,61,42,50.0,292,57.2,10.986355173577813,27.0,PUNT_LECTURA_CRITICA,PUNT_SOCIALES_CIUDADANAS,0,2,60,0,medio,1.6114645005777173,1.104558753157,1.0305321538842407,-0.5653358491253885,-0.12254336936326815,Medio,76.33333333333333,1.078125,medio
0,23,1,0,0,0,2,45,45,1,47,38,42,39,46.0,209,42.4,4.03732584763727,9.0,PUNT_LECTURA_CRITICA,PUNT_MATEMATICAS,0,0,90,1,medio,-0.5940984590284657,-1.0923910312739973,-0.7865913000352577,-0.8146509531105167,-0.4721678183312227,Bajo,21.166666666666668,1.236842105263158,bajo
0,4,1,1,1,0,0,15,180,0,49,42,43,40,39.0,216,42.6,3.911521443121589,10.0,PUNT_LECTURA_CRITICA,PUNT_INGLES,1,2,195,0,bajo,-0.3935927354279036,-0.7543987567461514,-0.6909532235131789,-0.7315459184488072,-1.084010604025143,Bajo,25.3,1.1666666666666667,bajo
0,30,2,0,0,0,1,15,45,0,57,43,41,37,45.0,223,44.6,7.536577472566709,20.0,PUNT_LECTURA_CRITICA,PUNT_SOCIALES_CIUDADANAS,0,0,60,0,medio,0.4084301589743448,-0.66990068811419,-0.8822293765573366,-0.9808610224339355,-0.5595739305732113,Bajo,30.033333333333335,1.3255813953488371,medio
1,2,3,1,1,1,1,0,120,0,52,36,39,28,55.0,200,42.0,11.291589790636214,27.0,PUNT_INGLES,PUNT_SOCIALES_CIUDADANAS,1,3,120,0,medio,-0.09283415002706044,-1.26138716853792,-1.0735055296014944,-1.72880633438932,0.314487191846675,Bajo,15.266666666666667,1.4444444444444444,medio
0,31,1,1,1,0,2,15,120,0,43,49,31,46,47.0,213,43.2,7.155417527999327,18.0,PUNT_MATEMATICAS,PUNT_C_NATURALES,1,2,135,0,medio,-0.9951099062295898,-0.16291227632242142,-1.8386101417781253,-0.2329157104785509,-0.38476170608923405,Bajo,23.733333333333334,0.8775510204081632,bajo
0,2,4,1,1,1,2,15,120,0,54,49,51,42,40.0,242,47.2,5.974947698515862,14.0,PUNT_LECTURA_CRITICA,PUNT_INGLES,1,3,135,0,bajo,0.10767157357350166,-0.16291227632242142,0.07415138866345206,-0.5653358491253885,-0.9966044917831545,Bajo,43.9,1.1020408163265305,alto
1,22,3,0,1,0,1,45,15,0,66,61,55,65,54.0,306,60.2,5.540758070878027,12.0,PUNT_LECTURA_CRITICA,PUNT_INGLES,0,1,60,0,medio,1.3107059151768743,0.8510645472611158,0.45670369475176753,1.3460799480939276,0.22708107960468638,Alto,83.46666666666667,1.0819672131147542,medio
0,24,1,0,0,0,1,15,15,0,46,44,40,36,43.0,208,41.8,3.8987177379235853,10.0,PUNT_LECTURA_CRITICA,PUNT_SOCIALES_CIUDADANAS,0,0,30,0,medio,-0.6943513208287467,-0.5854026194822286,-0.9778674530794155,-1.0639660570956448,-0.7343861550571885,Bajo,20.366666666666667,1.0454545454545454,bajo
1,9,2,1,1,1,1,15,45,0,63,74,72,67,58.0,341,66.8,6.534523701081817,16.0,PUNT_MATEMATICAS,PUNT_INGLES,1,3,60,0,medio,1.009947329776031,1.9495394394766143,2.082550995627108,1.5122900174173464,0.5767055285726409,Alto,95.93333333333334,0.8513513513513513,medio
1,15,2,0,1,0,1,90,15,0,63,59,58,60,58.0,299,59.6,2.073644135332772,5.0,PUNT_LECTURA_CRITICA,PUNT_C_NATURALES,0,1,105,0,medio,1.009947329776031,0.6820684099971929,0.7436179243180041,0.9305547747853806,0.5767055285726409,Medio,80.2,1.0677966101694916,medio
0,30,2,1,1,1,1,15,180,0,61,49,57,54,58.0,277,55.8,4.54972526643093,12.0,PUNT_LECTURA_CRITICA,PUNT_MATEMATICAS,1,3,195,0,medio,0.809441606175469,-0.16291227632242142,0.6479798477959252,0.43192456681512426,0.5767055285726409,Medio,66.73333333333333,1.2448979591836735,medio
1,15,2,1,1,1,1,45,180,0,58,49,46,38,47.0,238,47.6,7.162401831787993,20.0,PUNT_LECTURA_CRITICA,PUNT_SOCIALES_CIUDADANAS,1,3,225,0,medio,0.5086830207746258,-0.16291227632242142,-0.40403899394694226,-0.8977559877722261,-0.38476170608923405,Bajo,41.699999999999996,1.183673469387755,medio
1,23,2,1,1,1,0,45,15,0,78,78,72,72,73.0,374,74.6,3.1304951684997055,6.0,PUNT_LECTURA_CRITICA,PUNT_C_NATURALES,1,3,60,0,alto,2.5137402567802467,2.28753171400446,2.082550995627108,1.9278151907258934,1.8877972122024702,Superior,99.33333333333333,1.0,medio
1,30,3,0,1,0,2,45,45,0,33,28,38,32,32.0,163,32.6,3.5777087639996634,10.0,PUNT_C_NATURALES,PUNT_MATEMATICAS,0,1,90,0,bajo,-1.9976385242324004,-1.9373717175936116,-1.1691436061235732,-1.3963861957424824,-1.6958533897190635,Bajo,1.633333333333333,1.1785714285714286,medio
0,15,3,1,1,1,1,45,45,0,63,58,52,54,48.0,280,55.0,5.744562646538029,15.0,PUNT_LECTURA_CRITICA,PUNT_INGLES,1,3,90,0,medio,1.009947329776031,0.5975703413652315,0.16978946518553092,0.43192456681512426,-0.2973555938472454,Medio,69.3,1.0862068965517242,medio
1,15,2,0,1,0,1,15,15,0,52,51,49,54,53.0,258,51.8,1.9235384061671343,5.0,PUNT_SOCIALES_CIUDADANAS,PUNT_C_NATURALES,0,1,30,0,medio,-0.09283415002706044,0.006083860941501454,-0.11712476438070567,0.43192456681512426,0.13967496736269774,Medio,54.400000000000006,1.0196078431372548,medio
0,31,2,1,1,1,1,45,45,1,62,59,63,61,57.0,305,60.4,2.4083189157584592,6.0,PUNT_C_NATURALES,PUNT_INGLES,1,3,90,1,medio,0.90969446797575,0.6820684099971929,1.2218083069283985,1.01365980944709,0.48929941633065227,Alto,82.69999999999999,1.0508474576271187,medio
0,7,3,1,1,1,1,15,180,0,68,67,67,61,73.0,332,67.2,4.266145801540309,12.0,PUNT_INGLES,PUNT_SOCIALES_CIUDADANAS,1,3,195,0,alto,1.5112116387774364,1.3580529590528845,1.6043606130167138,1.01365980944709,1.8877972122024702,Alto,93.0,1.0149253731343284,medio
1,14,4,1,1,1,2,0,45,0,53,55,52,51,50.0,263,52.2,1.9235384061671343,5.0,PUNT_MATEMATICAS,PUNT_INGLES,1,3,45,0,medio,0.007418711773220604,0.3440761354693472,0.16978946518553092,0.18260946282999607,-0.12254336936326815,Medio,57.93333333333334,0.9636363636363636,alto
1,15,2,0,1,1,1,15,45,0,42,42,35,48,38.0,207,41.0,4.898979485566356,13.0,PUNT_SOCIALES_CIUDADANAS,PUNT_C_NATURALES,0,2,60,0,bajo,-1.095362768029871,-0.7543987567461514,-1.4560578356898097,-0.06670564115513211,-1.1714167162671316,Bajo,19.566666666666666,1.0,medio
0,2,3,1,1,1,1,45,120,1,70,67,57,67,55.0,322,63.2,6.723094525588644,15.0,PUNT_LECTURA_CRITICA,PUNT_INGLES,1,3,165,1,medio,1.7117173623779984,1.3580529590528845,0.6479798477959252,1.5122900174173464,0.314487191846675,Alto,89.43333333333334,1.044776119402985,medio
0,30,3,1,1,1,2,0,180,0,46,34,32,34,43.0,185,37.8,6.260990336999411,14.0,PUNT_LECTURA_CRITICA,PUNT_C_NATURALES,1,3,180,0,medio,-0.6943513208287467,-1.430383305801843,-1.7429720652560463,-1.2301761264190636,-0.7343861550571885,Bajo,7.833333333333334,1.3529411764705883,medio
1,6,3,0,1,0,2,45,45,1,36,35,41,35,47.0,188,38.8,5.215361924162119,12.0,PUNT_INGLES,PUNT_MATEMATICAS,0,1,90,1,medio,-1.6968799388315572,-1.3458852371698815,-0.8822293765573366,-1.1470710917573543,-0.38476170608923405,Bajo,8.866666666666667,1.0285714285714285,medio
0,19,1,1,1,1,1,120,180,0,62,53,51,54,60.0,277,56.0,4.743416490252569,11.0,PUNT_LECTURA_CRITICA,PUNT_C_NATURALES,1,3,300,0,medio,0.90969446797575,0.17507999820542433,0.07415138866345206,0.43192456681512426,0.7515177530566182,Medio,66.73333333333333,1.169811320754717,bajo
0,2,4,1,1,1,1,45,120,0,65,55,64,53,74.0,302,62.2,8.467585252006618,21.0,PUNT_INGLES,PUNT_SOCIALES_CIUDADANAS,1,3,165,0,alto,1.2104530533765931,0.3440761354693472,1.3174463834504773,0.3488195321534149,1.975203324444459,Alto,81.2,1.1818181818181819,alto
1,12,4,0,1,0,1,45,15,0,39,44,41,31,46.0,197,40.2,5.805170109479997,15.0,PUNT_INGLES,PUNT_SOCIALES_CIUDADANAS,0,1,60,0,medio,-1.396121353430714,-0.5854026194822286,-0.8822293765573366,-1.4794912304041918,-0.4721678183312227,Bajo,13.833333333333334,0.8863636363636364,alto
1,14,2,0,1,1,1,15,15,0,64,69,74,76,64.0,351,69.4,5.5497747702046425,12.0,PUNT_SOCIALES_CIUDADANAS,PUNT_LECTURA_CRITICA,0,2,30,0,alto,1.110200191576312,1.5270490963168073,2.273827148671266,2.260235329372731,1.1011422020245727,Superior,97.13333333333334,0.927536231884058,medio
0,25,5,1,0,1,1,45,45,0,70,59,65,65,78.0,329,67.4,7.092249290598859,19.0,PUNT_INGLES,PUNT_MATEMATICAS,0,2,90,0,alto,1.7117173623779984,0.6820684099971929,1.413084459972556,1.3460799480939276,2.324827773412413,Alto,91.93333333333334,1.1864406779661016,alto
0,31,2,1,0,1,2,45,0,0,60,60,63,53,67.0,298,60.6,5.128352561983234,14.0,PUNT_INGLES,PUNT_SOCIALES_CIUDADANAS,0,2,45,0,alto,0.709188744375188,0.7665664786291544,1.2218083069283985,0.3488195321534149,1.3633605387505385,Medio,79.63333333333334,1.0,medio
1,4,0,1,1,0,2,45,120,0,34,50,47,30,44.0,203,41.0,8.602325267042627,20.0,PUNT_MATEMATICAS,PUNT_SOCIALES_CIUDADANAS,1,2,165,0,medio,-1.8973856624321193,-0.07841420769045998,-0.3084009174248634,-1.5625962650659013,-0.6469800428151999,Bajo,17.266666666666666,0.68,bajo
1,28,3,1,1,1,1,0,180,0,54,59,57,55,58.0,282,56.6,2.073644135332772,5.0,PUNT_MATEMATICAS,PUNT_LECTURA_CRITICA,1,3,180,0,medio,0.10767157357350166,0.6820684099971929,0.6479798477959252,0.5150296014768336,0.5767055285726409,Medio,70.5,0.9152542372881356,medio
0,18,1,0,0,0,1,15,0,0,46,46,48,43,42.0,227,45.0,2.449489742783178,6.0,PUNT_C_NATURALES,PUNT_INGLES,0,0,15,0,medio,-0.6943513208287467,-0.41640648221830573,-0.21276284090278455,-0.4822308144636791,-0.8217922672991772,Bajo,33.0,1.0,bajo
0,15,2,1,0,1,1,45,15,0,31,44,46,35,42.0,196,39.6,6.348228099241551,15.0,PUNT_C_NATURALES,PUNT_LECTURA_CRITICA,0,2,60,0,medio,-2.1981442478329623,-0.5854026194822286,-0.40403899394694226,-1.1470710917573543,-0.8217922672991772,Bajo,13.466666666666665,0.7045454545454546,medio
1,18,2,1,1,1,1,0,120,0,46,62,61,47,51.0,269,53.4,7.635443667528429,16.0,PUNT_MATEMATICAS,PUNT_LECTURA_CRITICA,1,3,120,0,medio,-0.6943513208287467,0.9355626158930772,1.0305321538842407,-0.14981067581684152,-0.03513725712127952,Medio,61.9,0.7419354838709677,medio
0,31,5,1,1,1,2,0,180,0,36,40,39,38,33.0,189,37.2,2.7748873851023217,7.0,PUNT_MATEMATICAS,PUNT_INGLES,1,3,180,0,bajo,-1.6968799388315572,-0.9233948940100744,-1.0735055296014944,-0.8977559877722261,-1.6084472774770748,Bajo,9.3,0.9,alto
1,15,2,1,1,0,0,45,120,0,61,49,59,60,61.0,288,58.0,5.0990195135927845,12.0,PUNT_LECTURA_CRITICA,PUNT_MATEMATICAS,1,2,165,0,alto,0.809441606175469,-0.16291227632242142,0.839256000840083,0.9305547747853806,0.8389238652986067,Medio,74.4,1.2448979591836735,medio
0,26,1,0,0,0,1,45,45,1,36,31,36,37,35.0,175,35.0,2.345207879911715,6.0,PUNT_SOCIALES_CIUDADANAS,PUNT_MATEMATICAS,0,0,90,1,bajo,-1.6968799388315572,-1.6838775116977271,-1.360419759167731,-0.9808610224339355,-1.4336350529930975,Bajo,4.8,1.1612903225806452,bajo
1,15,2,0,1,0,2,15,15,0,35,30,37,28,42.0,166,34.4,5.594640292279746,14.0,PUNT_INGLES,PUNT_SOCIALES_CIUDADANAS,0,1,30,0,medio,-1.7971328006318381,-1.7683755803296886,-1.264781682645652,-1.72880633438932,-0.8217922672991772,Bajo,2.3,1.1666666666666667,medio
0,6,2,0,0,1,1,15,45,0,50,50,52,52,44.0,252,49.6,3.286335345030997,8.0,PUNT_C_NATURALES,PUNT_INGLES,0,1,60,0,medio,-0.29333987362762254,-0.07841420769045998,0.16978946518553092,0.26571449749170545,-0.6469800428151999,Medio,50.76666666666667,1.0,medio
1,15,2,1,1,0,0,45,180,0,66,67,63,68,62.0,328,65.2,2.588435821108957,6.0,PUNT_SOCIALES_CIUDADANAS,PUNT_INGLES,1,2,225,0,alto,1.3107059151768743,1.3580529590528845,1.2218083069283985,1.5953950520790559,0.9263299775405954,Alto,91.56666666666666,0.9850746268656716,medio
0,8,1,0,0,0,1,15,45,0,48,49,44,44,41.0,229,45.2,3.2710854467592254,8.0,PUNT_MATEMATICAS,PUNT_INGLES,0,0,60,0,medio,-0.4938455972281846,-0.16291227632242142,-0.5953151469911,-0.39912577980196967,-0.9091983795411658,Bajo,34.733333333333334,0.9795918367346939,bajo
0,13,2,0,1,1,0,15,120,0,60,41,53,56,60.0,265,54.0,7.842193570679061,19.0,PUNT_LECTURA_CRITICA,PUNT_MATEMATICAS,0,2,135,0,medio,0.709188744375188,-0.8388968253781128,0.2654275417076098,0.598134636138543,0.7515177530566182,Medio,59.233333333333334,1.4634146341463414,medio
1,28,5,1,0,1,1,0,15,0,56,59,55,57,50.0,281,55.4,3.361547262794322,9.0,PUNT_MATEMATICAS,PUNT_INGLES,0,2,15,0,medio,0.3081772971740637,0.6820684099971929,0.45670369475176753,0.6812396708002525,-0.12254336936326815,Medio,69.89999999999999,0.9491525423728814,alto
1,13,1,0,0,0,1,15,0,1,44,43,53,44,40.0,228,44.8,4.868264577855235,13.0,PUNT_C_NATURALES,PUNT_INGLES,0,0,15,1,bajo,-0.8948570444293088,-0.66990068811419,0.2654275417076098,-0.39912577980196967,-0.9966044917831545,Bajo,34.03333333333333,1.0232558139534884,bajo
1,31,1,1,0,1,2,0,15,0,53,48,54,54,49.0,260,51.6,2.8809720581775866,6.0,PUNT_C_NATURALES,PUNT_MATEMATICAS,0,2,15,0,medio,0.007418711773220604,-0.24741034495438285,0.36106561822968863,0.43192456681512426,-0.20994948160525678,Medio,55.766666666666666,1.1041666666666667,bajo
0,4,2,1,1,1,1,15,15,0,48,50,48,51,54.0,248,50.2,2.4899799195977463,6.0,PUNT_INGLES,PUNT_LECTURA_CRITICA,1,3,30,0,medio,-0.4938455972281846,-0.07841420769045998,-0.21276284090278455,0.18260946282999607,0.22708107960468638,Bajo,48.3,0.96,medio
1,28,3,1,1,1,1,0,180,0,59,56,58,57,45.0,283,55.0,5.70087712549569,14.0,PUNT_LECTURA_CRITICA,PUNT_INGLES,1,3,180,0,medio,0.6089358825749068,0.42857420410130864,0.7436179243180041,0.6812396708002525,-0.5595739305732113,Medio,71.46666666666667,1.0535714285714286,medio
1,5,1,0,1,1,1,15,45,0,53,48,46,38,68.0,240,50.6,11.126544836560898,30.0,PUNT_INGLES,PUNT_SOCIALES_CIUDADANAS,0,2,60,0,alto,0.007418711773220604,-0.24741034495438285,-0.40403899394694226,-0.8977559877722261,1.4507666509925272,Bajo,42.766666666666666,1.1041666666666667,bajo
1,15,2,1,1,1,1,0,180,0,65,66,64,68,55.0,325,63.6,5.029910535983717,13.0,PUNT_SOCIALES_CIUDADANAS,PUNT_INGLES,1,3,180,0,medio,1.2104530533765931,1.273554890420923,1.3174463834504773,1.5953950520790559,0.314487191846675,Alto,90.46666666666667,0.9848484848484849,medio
0,13,1,1,1,0,1,45,180,0,48,36,47,36,45.0,210,42.4,5.9413803110051795,12.0,PUNT_LECTURA_CRITICA,PUNT_MATEMATICAS,1,2,225,0,medio,-0.4938455972281846,-1.26138716853792,-0.3084009174248634,-1.0639660570956448,-0.5595739305732113,Bajo,21.96666666666667,1.3333333333333333,bajo
1,4,5,0,1,1,1,90,45,0,50,45,48,37,54.0,228,46.8,6.3796551630946325,17.0,PUNT_INGLES,PUNT_SOCIALES_CIUDADANAS,0,2,135,0,medio,-0.29333987362762254,-0.5009045508502672,-0.21276284090278455,-0.9808610224339355,0.22708107960468638,Bajo,34.03333333333333,1.1111111111111112,alto
0,12,1,1,1,1,1,15,180,0,53,44,50,45,47.0,240,47.8,3.7013511046643495,9.0,PUNT_LECTURA_CRITICA,PUNT_MATEMATICAS,1,3,195,0,medio,0.007418711773220604,-0.5854026194822286,-0.02148668785862681,-0.3160207451402603,-0.38476170608923405,Bajo,42.766666666666666,1.2045454545454546,bajo
0,13,1,0,0,0,1,15,45,1,37,46,39,40,45.0,204,41.4,3.9115214431215892,9.0,PUNT_MATEMATICAS,PUNT_LECTURA_CRITICA,0,0,60,1,medio,-1.596627077031276,-0.41640648221830573,-1.0735055296014944,-0.7315459184488072,-0.5595739305732113,Bajo,18.133333333333333,0.8043478260869565,bajo
1,2,1,0,0,0,1,45,120,1,35,30,41,42,37.0,185,37.0,4.847679857416329,12.0,PUNT_SOCIALES_CIUDADANAS,PUNT_MATEMATICAS,0,0,165,1,bajo,-1.7971328006318381,-1.7683755803296886,-0.8822293765573366,-0.5653358491253885,-1.2588228285091203,Bajo,7.833333333333334,1.1666666666666667,bajo
1,4,1,0,1,0,2,90,45,0,50,52,45,43,42.0,235,46.4,4.39317652729776,10.0,PUNT_MATEMATICAS,PUNT_INGLES,0,1,135,0,medio,-0.29333987362762254,0.0905819295734629,-0.49967707046902116,-0.4822308144636791,-0.8217922672991772,Bajo,39.56666666666667,0.9615384615384616,bajo
1,15,2,1,1,1,1,15,180,0,37,37,41,26,49.0,182,38.0,8.306623862918075,23.0,PUNT_INGLES,PUNT_SOCIALES_CIUDADANAS,1,3,195,0,medio,-1.596627077031276,-1.1768890999059587,-0.8822293765573366,-1.8950164037127388,-0.20994948160525678,Bajo,6.566666666666666,1.0,medio
0,13,1,0,0,0,1,15,45,0,50,31,33,37,36.0,188,37.4,7.436396977031283,19.0,PUNT_LECTURA_CRITICA,PUNT_MATEMATICAS,0,0,60,0,bajo,-0.29333987362762254,-1.6838775116977271,-1.6473339887339675,-0.9808610224339355,-1.346228940751109,Bajo,8.866666666666667,1.6129032258064515,bajo
1,15,1,1,1,1,1,15,45,0,45,36,40,39,48.0,203,41.6,4.827007354458868,12.0,PUNT_INGLES,PUNT_MATEMATICAS,1,3,60,0,medio,-0.7946041826290278,-1.26138716853792,-0.9778674530794155,-0.8146509531105167,-0.2973555938472454,Bajo,17.266666666666666,1.25,bajo
1,14,1,0,1,1,1,15,45,1,60,53,45,53,45.0,261,51.2,6.340346993658944,15.0,PUNT_LECTURA_CRITICA,PUNT_C_NATURALES,0,2,60,1,medio,0.709188744375188,0.17507999820542433,-0.49967707046902116,0.3488195321534149,-0.5595739305732113,Medio,56.333333333333336,1.1320754716981132,bajo
1,5,1,0,1,0,1,15,15,1,44,39,35,37,41.0,195,39.2,3.492849839314596,9.0,PUNT_LECTURA_CRITICA,PUNT_C_NATURALES,0,1,30,1,medio,-0.8948570444293088,-1.0078929626420357,-1.4560578356898097,-0.9808610224339355,-0.9091983795411658,Bajo,12.933333333333334,1.1282051282051282,bajo
1,4,3,1,1,0,0,45,120,0,62,68,62,54,65.0,309,62.2,5.215361924162119,14.0,PUNT_MATEMATICAS,PUNT_SOCIALES_CIUDADANAS,1,2,165,0,alto,0.90969446797575,1.4425510276848459,1.1261702304063195,0.43192456681512426,1.1885483142665612,Alto,84.8,0.9117647058823529,medio
1,13,1,0,1,1,1,45,45,0,60,44,66,63,59.0,292,58.4,8.502940667792526,22.0,PUNT_C_NATURALES,PUNT_MATEMATICAS,0,2,90,0,medio,0.709188744375188,-0.5854026194822286,1.508722536494635,1.1798698787705089,0.6641116408146295,Medio,76.33333333333333,1.3636363636363635,bajo
1,28,2,0,1,0,1,15,45,0,55,53,51,53,55.0,266,53.4,1.6733200530681511,4.0,PUNT_LECTURA_CRITICA,PUNT_C_NATURALES,0,1,60,0,medio,0.2079244353737827,0.17507999820542433,0.07415138866345206,0.3488195321534149,0.314487191846675,Medio,59.73333333333334,1.0377358490566038,medio
0,9,2,1,1,1,1,45,120,0,55,53,50,48,48.0,256,50.8,3.1144823004794877,7.0,PUNT_LECTURA_CRITICA,PUNT_SOCIALES_CIUDADANAS,1,3,165,0,medio,0.2079244353737827,0.17507999820542433,-0.02148668785862681,-0.06670564115513211,-0.2973555938472454,Medio,53.233333333333334,1.0377358490566038,medio
1,22,1,0,1,0,1,15,15,1,59,59,45,60,49.0,276,54.4,6.913754406977442,15.0,PUNT_SOCIALES_CIUDADANAS,PUNT_C_NATURALES,0,1,30,1,medio,0.6089358825749068,0.6820684099971929,-0.49967707046902116,0.9305547747853806,-0.20994948160525678,Medio,66.03333333333333,1.0,bajo
1,6,1,0,1,1,1,45,15,0,67,55,60,64,59.0,307,61.0,4.636809247747852,12.0,PUNT_LECTURA_CRITICA,PUNT_MATEMATICAS,0,2,60,0,medio,1.4109587769771552,0.3440761354693472,0.9348940773621618,1.2629749134322181,0.6641116408146295,Alto,83.96666666666667,1.2181818181818183,bajo
0,22,1,0,0,0,0,15,180,0,65,67,66,67,53.0,326,63.6,5.9833101206606365,14.0,PUNT_MATEMATICAS,PUNT_INGLES,0,0,195,0,medio,1.2104530533765931,1.3580529590528845,1.508722536494635,1.5122900174173464,0.13967496736269774,Alto,90.96666666666667,0.9701492537313433,bajo
0,22,3,1,1,1,1,45,15,0,67,66,66,66,79.0,336,68.8,5.718391382198319,13.0,PUNT_INGLES,PUNT_MATEMATICAS,1,3,60,0,alto,1.4109587769771552,1.273554890420923,1.508722536494635,1.429184982755637,2.412233885654402,Alto,94.69999999999999,1.0151515151515151,medio
0,3,1,0,1,0,1,15,120,0,47,40,39,38,45.0,207,41.8,3.96232255123179,9.0,PUNT_LECTURA_CRITICA,PUNT_SOCIALES_CIUDADANAS,0,1,135,0,medio,-0.5940984590284657,-0.9233948940100744,-1.0735055296014944,-0.8977559877722261,-0.5595739305732113,Bajo,19.566666666666666,1.175,bajo
0,6,2,1,0,1,0,15,45,0,56,73,67,58,67.0,319,64.2,7.049822692805827,17.0,PUNT_MATEMATICAS,PUNT_LECTURA_CRITICA,0,2,60,0,alto,0.3081772971740637,1.865041370844653,1.6043606130167138,0.7643447054619619,1.3633605387505385,Alto,88.4,0.7671232876712328,medio
1,15,3,1,1,1,1,90,120,0,57,55,53,38,67.0,260,54.0,10.44030650891055,29.0,PUNT_INGLES,PUNT_SOCIALES_CIUDADANAS,1,3,210,0,alto,0.4084301589743448,0.3440761354693472,0.2654275417076098,-0.8977559877722261,1.3633605387505385,Medio,55.766666666666666,1.0363636363636364,medio
0,15,3,1,1,1,1,45,120,0,61,59,65,67,63.0,315,63.0,3.1622776601683795,8.0,PUNT_SOCIALES_CIUDADANAS,PUNT_MATEMATICAS,1,3,165,0,alto,0.809441606175469,0.6820684099971929,1.413084459972556,1.5122900174173464,1.013736089782584,Alto,87.03333333333333,1.0338983050847457,medio
0,5,3,0,1,0,2,90,45,1,52,58,42,41,28.0,233,44.2,11.497825881443848,30.0,PUNT_MATEMATICAS,PUNT_INGLES,0,1,135,1,bajo,-0.09283415002706044,0.5975703413652315,-0.7865913000352577,-0.6484408837870979,-2.045477838687018,Bajo,37.96666666666667,0.896551724137931,medio
0,10,4,0,1,0,1,0,45,1,41,46,39,30,45.0,197,40.2,6.379655163094632,16.0,PUNT_MATEMATICAS,PUNT_SOCIALES_CIUDADANAS,0,1,45,1,medio,-1.195615629830152,-0.41640648221830573,-1.0735055296014944,-1.5625962650659013,-0.5595739305732113,Bajo,13.833333333333334,0.8913043478260869,alto
0,4,1,0,0,0,0,45,180,0,54,68,53,51,48.0,279,54.8,7.726577508832743,20.0,PUNT_MATEMATICAS,PUNT_INGLES,0,0,225,0,medio,0.10767157357350166,1.4425510276848459,0.2654275417076098,0.18260946282999607,-0.2973555938472454,Medio,68.60000000000001,0.7941176470588235,bajo
0,10,1,0,1,0,1,0,15,0,46,52,55,51,52.0,255,51.2,3.271085446759225,9.0,PUNT_C_NATURALES,PUNT_LECTURA_CRITICA,0,1,15,0,medio,-0.6943513208287467,0.0905819295734629,0.45670369475176753,0.18260946282999607,0.05226885512070911,Medio,52.63333333333333,0.8846153846153846,bajo
0,22,2,1,1,0,1,0,180,0,33,37,34,33,36.0,172,34.6,1.816590212458495,4.0,PUNT_MATEMATICAS,PUNT_LECTURA_CRITICA,1,2,180,0,bajo,-1.9976385242324004,-1.1768890999059587,-1.5516959122118887,-1.313281161080773,-1.346228940751109,Bajo,3.733333333333334,0.8918918918918919,medio
1,15,1,1,0,1,1,45,45,0,48,44,50,42,63.0,237,49.4,8.23407554009556,21.0,PUNT_INGLES,PUNT_SOCIALES_CIUDADANAS,0,2,90,0,alto,-0.4938455972281846,-0.5854026194822286,-0.02148668785862681,-0.5653358491253885,1.013736089782584,Bajo,40.8,1.0909090909090908,bajo
0,2,2,0,1,1,2,15,45,1,36,36,34,32,32.0,172,34.0,2.0,4.0,PUNT_LECTURA_CRITICA,PUNT_SOCIALES_CIUDADANAS,0,2,60,1,bajo,-1.6968799388315572,-1.26138716853792,-1.5516959122118887,-1.3963861957424824,-1.6958533897190635,Bajo,3.733333333333334,1.0,medio
1,4,3,1,1,1,0,45,180,0,54,52,58,59,53.0,278,55.2,3.1144823004794873,7.0,PUNT_SOCIALES_CIUDADANAS,PUNT_MATEMATICAS,1,3,225,0,medio,0.10767157357350166,0.0905819295734629,0.7436179243180041,0.8474497401236712,0.13967496736269774,Medio,67.80000000000001,1.0384615384615385,medio
1,8,2,0,1,1,2,45,120,0,49,52,37,53,43.0,237,46.8,6.723094525588644,16.0,PUNT_SOCIALES_CIUDADANAS,PUNT_C_NATURALES,0,2,165,0,medio,-0.3935927354279036,0.0905819295734629,-1.264781682645652,0.3488195321534149,-0.7343861550571885,Bajo,40.8,0.9423076923076923,medio
0,2,2,1,1,1,2,45,180,0,56,52,49,21,48.0,224,45.2,13.881642554107206,35.0,PUNT_LECTURA_CRITICA,PUNT_SOCIALES_CIUDADANAS,1,3,225,0,medio,0.3081772971740637,0.0905819295734629,-0.11712476438070567,-2.3105415770212856,-0.2973555938472454,Bajo,30.766666666666666,1.0769230769230769,medio
0,28,2,1,0,1,2,15,45,0,41,38,31,35,36.0,181,36.2,3.7013511046643495,10.0,PUNT_LECTURA_CRITICA,PUNT_C_NATURALES,0,2,60,0,bajo,-1.195615629830152,-1.0923910312739973,-1.8386101417781253,-1.1470710917573543,-1.346228940751109,Bajo,6.133333333333333,1.0789473684210527,medio
0,26,2,1,1,0,1,0,180,0,68,60,54,61,53.0,301,59.2,6.058052492344384,15.0,PUNT_LECTURA_CRITICA,PUNT_INGLES,1,2,180,0,medio,1.5112116387774364,0.7665664786291544,0.36106561822968863,1.01365980944709,0.13967496736269774,Alto,80.7,1.1333333333333333,medio
0,20,2,0,0,0,1,45,15,0,42,40,42,42,37.0,206,40.6,2.1908902300206643,5.0,PUNT_LECTURA_CRITICA,PUNT_INGLES,0,0,60,0,bajo,-1.095362768029871,-0.9233948940100744,-0.7865913000352577,-0.5653358491253885,-1.2588228285091203,Bajo,19.0,1.05,medio
0,2,2,0,1,0,1,15,15,1,59,46,52,42,43.0,246,48.4,7.092249290598858,17.0,PUNT_LECTURA_CRITICA,PUNT_SOCIALES_CIUDADANAS,0,1,30,1,medio,0.6089358825749068,-0.41640648221830573,0.16978946518553092,-0.5653358491253885,-0.7343861550571885,Bajo,46.9,1.2826086956521738,medio
0,13,2,0,1,0,1,15,45,0,49,46,54,45,46.0,242,48.0,3.6742346141747673,9.0,PUNT_C_NATURALES,PUNT_SOCIALES_CIUDADANAS,0,1,60,0,medio,-0.3935927354279036,-0.41640648221830573,0.36106561822968863,-0.3160207451402603,-0.4721678183312227,Bajo,43.9,1.065217391304348,medio
1,15,1,1,1,1,1,15,180,0,61,50,47,46,36.0,249,48.0,8.972179222463181,25.0,PUNT_LECTURA_CRITICA,PUNT_INGLES,1,3,195,0,bajo,0.809441606175469,-0.07841420769045998,-0.3084009174248634,-0.2329157104785509,-1.346228940751109,Bajo,48.9,1.22,bajo
1,31,1,0,1,0,1,90,180,1,49,43,43,46,47.0,227,45.6,2.6076809620810595,6.0,PUNT_LECTURA_CRITICA,PUNT_MATEMATICAS,0,1,270,1,medio,-0.3935927354279036,-0.66990068811419,-0.6909532235131789,-0.2329157104785509,-0.38476170608923405,Bajo,33.0,1.1395348837209303,bajo
1,15,3,1,1,1,1,15,180,0,62,57,55,47,53.0,275,54.8,5.495452665613635,15.0,PUNT_LECTURA_CRITICA,PUNT_SOCIALES_CIUDADANAS,1,3,195,0,medio,0.90969446797575,0.51307227273327,0.45670369475176753,-0.14981067581684152,0.13967496736269774,Medio,65.36666666666666,1.087719298245614,medio
0,26,2,1,1,1,1,45,120,0,59,59,56,56,63.0,290,58.6,2.8809720581775866,7.0,PUNT_INGLES,PUNT_C_NATURALES,1,3,165,0,alto,0.6089358825749068,0.6820684099971929,0.5523417712738464,0.598134636138543,1.013736089782584,Medio,75.23333333333333,1.0,medio
0,5,1,1,1,0,1,15,45,1,38,38,36,32,41.0,182,37.0,3.3166247903554,9.0,PUNT_INGLES,PUNT_SOCIALES_CIUDADANAS,1,2,60,1,medio,-1.4963742152309951,-1.0923910312739973,-1.360419759167731,-1.3963861957424824,-0.9091983795411658,Bajo,6.566666666666666,1.0,bajo
0,13,0,0,0,0,1,15,15,1,45,39,40,37,39.0,201,40.0,3.0,8.0,PUNT_LECTURA_CRITICA,PUNT_SOCIALES_CIUDADANAS,0,0,30,1,bajo,-0.7946041826290278,-1.0078929626420357,-0.9778674530794155,-0.9808610224339355,-1.084010604025143,Bajo,15.833333333333332,1.1538461538461537,bajo
1,18,1,0,1,0,1,0,120,0,72,66,64,71,56.0,337,65.8,6.418722614352485,16.0,PUNT_LECTURA_CRITICA,PUNT_INGLES,0,1,120,0,medio,1.9122230859785605,1.273554890420923,1.3174463834504773,1.8447101560641839,0.40189330408866364,Alto,95.0,1.0909090909090908,bajo
1,15,3,1,1,1,1,0,15,0,43,42,36,37,35.0,196,38.6,3.6469165057620936,8.0,PUNT_LECTURA_CRITICA,PUNT_INGLES,1,3,15,0,bajo,-0.9951099062295898,-0.7543987567461514,-1.360419759167731,-0.9808610224339355,-1.4336350529930975,Bajo,13.466666666666665,1.0238095238095237,medio
1,28,3,1,1,1,1,45,180,0,74,84,69,71,83.0,376,76.2,6.906518659932803,15.0,PUNT_MATEMATICAS,PUNT_C_NATURALES,1,3,225,0,alto,2.1127288095791226,2.794520125796229,1.7956367660608716,1.8447101560641839,2.7618583346223566,Superior,99.4,0.8809523809523809,medio
0,15,4,1,1,1,2,15,45,0,62,60,59,56,70.0,300,61.4,5.272570530585627,14.0,PUNT_INGLES,PUNT_SOCIALES_CIUDADANAS,1,3,60,0,alto,0.90969446797575,0.7665664786291544,0.839256000840083,0.598134636138543,1.6255788754765044,Medio,80.5,1.0333333333333334,alto
0,15,1,1,1,1,1,15,45,0,62,40,45,43,56.0,241,49.2,9.364827814754525,22.0,PUNT_LECTURA_CRITICA,PUNT_MATEMATICAS,1,3,60,0,medio,0.90969446797575,-0.9233948940100744,-0.49967707046902116,-0.4822308144636791,0.40189330408866364,Bajo,43.266666666666666,1.55,bajo
0,31,2,1,1,1,1,15,15,0,45,54,44,44,31.0,228,43.6,8.203657720797473,23.0,PUNT_MATEMATICAS,PUNT_INGLES,1,3,30,0,bajo,-0.7946041826290278,0.25957806683738577,-0.5953151469911,-0.39912577980196967,-1.783259501961052,Bajo,34.03333333333333,0.8333333333333334,medio
0,18,0,1,1,1,1,15,180,0,42,42,41,32,53.0,202,42.0,7.44983221287567,21.0,PUNT_INGLES,PUNT_SOCIALES_CIUDADANAS,1,3,195,0,medio,-1.095362768029871,-0.7543987567461514,-0.8822293765573366,-1.3963861957424824,0.13967496736269774,Bajo,16.3,1.0,bajo
1,28,3,1,1,1,1,15,120,0,56,48,45,44,40.0,238,46.6,5.9833101206606365,16.0,PUNT_LECTURA_CRITICA,PUNT_INGLES,1,3,135,0,bajo,0.3081772971740637,-0.24741034495438285,-0.49967707046902116,-0.39912577980196967,-0.9966044917831545,Bajo,41.699999999999996,1.1666666666666667,medio
1,13,1,0,1,1,1,90,180,1,38,34,31,30,32.0,166,33.0,3.1622776601683795,8.0,PUNT_LECTURA_CRITICA,PUNT_SOCIALES_CIUDADANAS,0,2,270,1,bajo,-1.4963742152309951,-1.430383305801843,-1.8386101417781253,-1.5625962650659013,-1.6958533897190635,Bajo,2.3,1.1176470588235294,bajo
0,9,2,1,1,1,1,45,120,0,53,56,55,51,58.0,270,54.6,2.701851217221259,7.0,PUNT_INGLES,PUNT_SOCIALES_CIUDADANAS,1,3,165,0,medio,0.007418711773220604,0.42857420410130864,0.45670369475176753,0.18260946282999607,0.5767055285726409,Medio,62.4,0.9464285714285714,medio
1,30,2,1,1,0,2,15,45,0,39,40,45,31,43.0,195,39.6,5.366563145999495,14.0,PUNT_C_NATURALES,PUNT_SOCIALES_CIUDADANAS,1,2,60,0,medio,-1.396121353430714,-0.9233948940100744,-0.49967707046902116,-1.4794912304041918,-0.7343861550571885,Bajo,12.933333333333334,0.975,medio
0,6,1,0,1,0,1,0,15,0,48,60,53,48,40.0,257,49.8,7.362064927722384,20.0,PUNT_MATEMATICAS,PUNT_INGLES,0,1,15,0,bajo,-0.4938455972281846,0.7665664786291544,0.2654275417076098,-0.06670564115513211,-0.9966044917831545,Medio,53.733333333333334,0.8,bajo
0,21,6,0,1,1,1,45,120,0,55,47,44,47,52.0,243,49.0,4.415880433163924,11.0,PUNT_LECTURA_CRITICA,PUNT_C_NATURALES,0,2,165,0,medio,0.2079244353737827,-0.33190841358634426,-0.5953151469911,-0.14981067581684152,0.05226885512070911,Bajo,44.733333333333334,1.1702127659574468,alto
1,29,1,0,0,0,2,45,0,1,40,25,41,27,31.0,165,32.8,7.362064927722384,16.0,PUNT_C_NATURALES,PUNT_MATEMATICAS,0,0,45,1,bajo,-1.295868491630433,-2.1908659234894956,-0.8822293765573366,-1.8119113690510293,-1.783259501961052,Bajo,1.9666666666666666,1.6,bajo
1,31,1,1,1,0,1,45,120,0,66,63,69,65,57.0,325,64.0,4.47213595499958,12.0,PUNT_C_NATURALES,PUNT_INGLES,1,2,165,0,medio,1.3107059151768743,1.0200606845250386,1.7956367660608716,1.3460799480939276,0.48929941633065227,Alto,90.46666666666667,1.0476190476190477,bajo
0,29,2,0,1,0,1,45,45,0,50,47,42,43,62.0,234,48.8,8.04363102087608,20.0,PUNT_INGLES,PUNT_C_NATURALES,0,1,90,0,alto,-0.29333987362762254,-0.33190841358634426,-0.7865913000352577,-0.4822308144636791,0.9263299775405954,Bajo,38.9,1.0638297872340425,medio
1,5,2,1,0,1,1,0,45,0,45,48,44,35,41.0,214,42.6,4.9295030175464944,13.0,PUNT_MATEMATICAS,PUNT_SOCIALES_CIUDADANAS,0,2,45,0,medio,-0.7946041826290278,-0.24741034495438285,-0.5953151469911,-1.1470710917573543,-0.9091983795411658,Bajo,24.2,0.9375,medio
0,14,3,1,1,1,2,45,180,0,54,45,56,49,54.0,256,51.6,4.505552130427524,11.0,PUNT_C_NATURALES,PUNT_MATEMATICAS,1,3,225,0,medio,0.10767157357350166,-0.5009045508502672,0.5523417712738464,0.016399393506577285,0.22708107960468638,Medio,53.233333333333334,1.2,medio
0,2,3,1,1,1,1,90,180,0,46,36,41,36,49.0,202,41.6,5.856620185738529,13.0,PUNT_INGLES,PUNT_MATEMATICAS,1,3,270,0,medio,-0.6943513208287467,-1.26138716853792,-0.8822293765573366,-1.0639660570956448,-0.20994948160525678,Bajo,16.3,1.2777777777777777,medio
0,30,3,1,1,1,1,15,120,0,65,64,64,68,71.0,328,66.4,3.0495901363953815,7.0,PUNT_INGLES,PUNT_MATEMATICAS,1,3,135,0,alto,1.2104530533765931,1.104558753157,1.3174463834504773,1.5953950520790559,1.712984987718493,Alto,91.56666666666666,1.015625,medio
1,31,2,1,1,1,1,15,45,0,44,42,42,43,48.0,216,43.8,2.4899799195977463,6.0,PUNT_INGLES,PUNT_MATEMATICAS,1,3,60,0,medio,-0.8948570444293088,-0.7543987567461514,-0.7865913000352577,-0.4822308144636791,-0.2973555938472454,Bajo,25.3,1.0476190476190477,medio
0,13,1,0,1,0,1,45,120,0,62,55,61,62,46.0,295,57.2,6.906518659932803,16.0,PUNT_LECTURA_CRITICA,PUNT_INGLES,0,1,165,0,medio,0.90969446797575,0.3440761354693472,1.0305321538842407,1.0967648441087994,-0.4721678183312227,Medio,77.96666666666667,1.1272727272727272,bajo
0,2,3,1,1,1,1,45,120,0,57,66,58,58,52.0,296,58.2,5.0199601592044525,14.0,PUNT_MATEMATICAS,PUNT_INGLES,1,3,165,0,medio,0.4084301589743448,1.273554890420923,0.7436179243180041,0.7643447054619619,0.05226885512070911,Medio,78.5,0.8636363636363636,medio
0,28,2,1,1,1,2,0,180,0,55,46,47,33,40.0,224,44.2,8.228000972289685,22.0,PUNT_LECTURA_CRITICA,PUNT_SOCIALES_CIUDADANAS,1,3,180,0,bajo,0.2079244353737827,-0.41640648221830573,-0.3084009174248634,-1.313281161080773,-0.9966044917831545,Bajo,30.766666666666666,1.1956521739130435,medio
1,15,1,1,1,0,2,45,120,0,61,66,57,63,53.0,305,60.0,5.0990195135927845,13.0,PUNT_MATEMATICAS,PUNT_INGLES,1,2,165,0,medio,0.809441606175469,1.273554890420923,0.6479798477959252,1.1798698787705089,0.13967496736269774,Alto,82.69999999999999,0.9242424242424242,bajo
0,5,1,1,1,0,1,15,45,0,46,47,39,35,36.0,207,40.6,5.594640292279745,12.0,PUNT_MATEMATICAS,PUNT_SOCIALES_CIUDADANAS,1,2,60,0,bajo,-0.6943513208287467,-0.33190841358634426,-1.0735055296014944,-1.1470710917573543,-1.346228940751109,Bajo,19.566666666666666,0.9787234042553191,bajo
1,4,2,0,1,0,1,15,45,0,53,42,50,52,45.0,245,48.4,4.722287581247038,11.0,PUNT_LECTURA_CRITICA,PUNT_MATEMATICAS,0,1,60,0,medio,0.007418711773220604,-0.7543987567461514,-0.02148668785862681,0.26571449749170545,-0.5595739305732113,Bajo,46.0,1.2619047619047619,medio
0,24,1,0,0,0,1,120,15,0,40,40,42,44,37.0,206,40.6,2.6076809620810595,7.0,PUNT_SOCIALES_CIUDADANAS,PUNT_INGLES,0,0,135,0,bajo,-1.295868491630433,-0.9233948940100744,-0.7865913000352577,-0.39912577980196967,-1.2588228285091203,Bajo,19.0,1.0,bajo
1,5,3,1,1,0,2,15,120,0,56,50,47,45,44.0,245,48.4,4.827007354458868,12.0,PUNT_LECTURA_CRITICA,PUNT_INGLES,1,2,135,0,medio,0.3081772971740637,-0.07841420769045998,-0.3084009174248634,-0.3160207451402603,-0.6469800428151999,Bajo,46.0,1.12,medio
0,2,3,1,1,1,2,45,120,0,46,54,44,40,53.0,233,47.4,5.9833101206606365,14.0,PUNT_MATEMATICAS,PUNT_SOCIALES_CIUDADANAS,1,3,165,0,medio,-0.6943513208287467,0.25957806683738577,-0.5953151469911,-0.7315459184488072,0.13967496736269774,Bajo,37.96666666666667,0.8518518518518519,medio
0,28,4,1,1,1,1,90,45,0,67,66,69,67,80.0,341,69.8,5.805170109479997,14.0,PUNT_INGLES,PUNT_MATEMATICAS,1,3,135,0,alto,1.4109587769771552,1.273554890420923,1.7956367660608716,1.5122900174173464,2.4996399978963906,Alto,95.93333333333334,1.0151515151515151,alto
1,31,2,1,1,1,1,15,180,1,41,40,41,34,41.0,196,39.4,3.0495901363953815,7.0,PUNT_LECTURA_CRITICA,PUNT_SOCIALES_CIUDADANAS,1,3,195,1,medio,-1.195615629830152,-0.9233948940100744,-0.8822293765573366,-1.2301761264190636,-0.9091983795411658,Bajo,13.466666666666665,1.025,medio
1,20,0,1,1,0,2,0,180,1,42,51,42,32,44.0,210,42.2,6.797058187186572,19.0,PUNT_MATEMATICAS,PUNT_SOCIALES_CIUDADANAS,1,2,180,1,medio,-1.095362768029871,0.006083860941501454,-0.7865913000352577,-1.3963861957424824,-0.6469800428151999,Bajo,21.96666666666667,0.8235294117647058,bajo
1,2,1,1,0,0,1,0,45,0,51,48,39,44,49.0,229,46.2,4.764451699828639,12.0,PUNT_LECTURA_CRITICA,PUNT_C_NATURALES,0,1,45,0,medio,-0.19308701182734148,-0.24741034495438285,-1.0735055296014944,-0.39912577980196967,-0.20994948160525678,Bajo,34.733333333333334,1.0625,bajo
1,2,5,1,1,1,2,15,180,0,54,61,51,64,59.0,288,57.8,5.263078946776307,13.0,PUNT_SOCIALES_CIUDADANAS,PUNT_C_NATURALES,1,3,195,0,medio,0.10767157357350166,0.8510645472611158,0.07415138866345206,1.2629749134322181,0.6641116408146295,Medio,74.4,0.8852459016393442,alto
0,15,3,1,1,1,2,45,180,0,63,59,56,69,59.0,308,61.2,5.019960159204453,13.0,PUNT_SOCIALES_CIUDADANAS,PUNT_C_NATURALES,1,3,225,0,medio,1.009947329776031,0.6820684099971929,0.5523417712738464,1.6785000867407651,0.6641116408146295,Alto,84.39999999999999,1.0677966101694916,medio
1,14,1,1,1,1,1,0,120,0,50,49,47,39,53.0,234,47.6,5.272570530585627,14.0,PUNT_INGLES,PUNT_SOCIALES_CIUDADANAS,1,3,120,0,medio,-0.29333987362762254,-0.16291227632242142,-0.3084009174248634,-0.8146509531105167,0.13967496736269774,Bajo,38.9,1.0204081632653061,bajo
1,15,1,1,1,1,1,15,15,0,40,48,43,37,48.0,212,43.2,4.868264577855234,11.0,PUNT_MATEMATICAS,PUNT_SOCIALES_CIUDADANAS,1,3,30,0,medio,-1.295868491630433,-0.24741034495438285,-0.6909532235131789,-0.9808610224339355,-0.2973555938472454,Bajo,23.266666666666666,0.8333333333333334,bajo
1,15,3,1,1,1,1,0,120,0,53,63,56,53,62.0,283,57.4,4.8270073544588685,10.0,PUNT_MATEMATICAS,PUNT_LECTURA_CRITICA,1,3,120,0,alto,0.007418711773220604,1.0200606845250386,0.5523417712738464,0.3488195321534149,0.9263299775405954,Medio,71.46666666666667,0.8412698412698413,medio
1,19,2,0,0,0,0,45,45,0,58,56,55,59,54.0,284,56.4,2.0736441353327724,5.0,PUNT_SOCIALES_CIUDADANAS,PUNT_INGLES,0,0,90,0,medio,0.5086830207746258,0.42857420410130864,0.45670369475176753,0.8474497401236712,0.22708107960468638,Medio,72.16666666666667,1.0357142857142858,medio
1,14,2,0,1,0,1,15,0,1,54,52,51,49,45.0,255,50.2,3.420526275297414,9.0,PUNT_LECTURA_CRITICA,PUNT_INGLES,0,1,15,1,medio,0.10767157357350166,0.0905819295734629,0.07415138866345206,0.016399393506577285,-0.5595739305732113,Medio,52.63333333333333,1.0384615384615385,medio
0,21,1,0,1,1,1,15,45,0,67,32,40,58,62.0,251,51.8,15.039946808416577,35.0,PUNT_LECTURA_CRITICA,PUNT_MATEMATICAS,0,2,60,0,alto,1.4109587769771552,-1.5993794430657657,-0.9778674530794155,0.7643447054619619,0.9263299775405954,Medio,50.33333333333333,2.09375,bajo
0,15,1,1,0,1,1,45,120,0,44,50,56,44,51.0,243,49.0,5.0990195135927845,12.0,PUNT_C_NATURALES,PUNT_LECTURA_CRITICA,0,2,165,0,medio,-0.8948570444293088,-0.07841420769045998,0.5523417712738464,-0.39912577980196967,-0.03513725712127952,Bajo,44.733333333333334,0.88,bajo
0,6,2,1,1,1,1,45,120,0,55,52,48,48,49.0,253,50.4,3.0495901363953815,7.0,PUNT_LECTURA_CRITICA,PUNT_C_NATURALES,1,3,165,0,medio,0.2079244353737827,0.0905819295734629,-0.21276284090278455,-0.06670564115513211,-0.20994948160525678,Medio,51.26666666666667,1.0576923076923077,medio
1,4,1,1,1,1,1,15,45,0,53,40,44,50,47.0,234,46.8,5.06951674225463,13.0,PUNT_LECTURA_CRITICA,PUNT_MATEMATICAS,1,3,60,0,medio,0.007418711773220604,-0.9233948940100744,-0.5953151469911,0.09950442816828668,-0.38476170608923405,Bajo,38.9,1.325,bajo
0,28,3,1,1,1,2,45,120,0,50,63,48,42,42.0,250,49.0,8.602325267042627,21.0,PUNT_MATEMATICAS,PUNT_SOCIALES_CIUDADANAS,1,3,165,0,medio,-0.29333987362762254,1.0200606845250386,-0.21276284090278455,-0.5653358491253885,-0.8217922672991772,Bajo,49.6,0.7936507936507936,medio
1,2,3,1,1,1,1,15,45,0,54,49,50,50,48.0,253,50.2,2.2803508501982757,6.0,PUNT_LECTURA_CRITICA,PUNT_INGLES,1,3,60,0,medio,0.10767157357350166,-0.16291227632242142,-0.02148668785862681,0.09950442816828668,-0.2973555938472454,Medio,51.26666666666667,1.1020408163265305,medio
0,18,2,1,1,1,1,45,45,0,66,59,48,68,47.0,296,57.6,9.813256340277675,21.0,PUNT_SOCIALES_CIUDADANAS,PUNT_INGLES,1,3,90,0,medio,1.3107059151768743,0.6820684099971929,-0.21276284090278455,1.5953950520790559,-0.38476170608923405,Medio,78.5,1.11864406779661,medio
0,2,3,1,1,1,1,45,120,0,57,65,65,60,71.0,312,63.6,5.366563145999495,14.0,PUNT_INGLES,PUNT_LECTURA_CRITICA,1,3,165,0,alto,0.4084301589743448,1.1890568217889614,1.413084459972556,0.9305547747853806,1.712984987718493,Alto,85.83333333333333,0.8769230769230769,medio
0,28,2,1,1,1,1,90,45,0,68,74,70,79,79.0,366,74.0,5.049752469181039,11.0,PUNT_SOCIALES_CIUDADANAS,PUNT_LECTURA_CRITICA,1,3,135,0,alto,1.5112116387774364,1.9495394394766143,1.8912748425829504,2.5095504333578593,2.412233885654402,Superior,98.63333333333333,0.918918918918919,medio
0,26,3,1,1,1,2,90,180,0,48,53,53,40,43.0,240,47.4,5.856620185738529,13.0,PUNT_MATEMATICAS,PUNT_SOCIALES_CIUDADANAS,1,3,270,0,medio,-0.4938455972281846,0.17507999820542433,0.2654275417076098,-0.7315459184488072,-0.7343861550571885,Bajo,42.766666666666666,0.9056603773584906,medio
1,15,2,0,1,0,1,45,15,0,55,46,52,62,59.0,271,54.8,6.220932405998316,16.0,PUNT_SOCIALES_CIUDADANAS,PUNT_MATEMATICAS,0,1,60,0,medio,0.2079244353737827,-0.41640648221830573,0.16978946518553092,1.0967648441087994,0.6641116408146295,Medio,62.96666666666667,1.1956521739130435,medio
0,12,1,0,1,0,1,90,0,0,36,35,41,25,29.0,169,33.2,6.260990336999411,16.0,PUNT_C_NATURALES,PUNT_SOCIALES_CIUDADANAS,0,1,90,0,bajo,-1.6968799388315572,-1.3458852371698815,-0.8822293765573366,-1.978121438374448,-1.9580717264450294,Bajo,2.9000000000000004,1.0285714285714285,bajo
0,2,2,1,1,1,1,45,120,0,45,47,45,40,43.0,221,44.0,2.6457513110645907,7.0,PUNT_MATEMATICAS,PUNT_SOCIALES_CIUDADANAS,1,3,165,0,medio,-0.7946041826290278,-0.33190841358634426,-0.49967707046902116,-0.7315459184488072,-0.7343861550571885,Bajo,28.733333333333334,0.9574468085106383,medio
0,2,1,0,0,0,1,45,15,1,45,41,51,56,42.0,239,47.0,6.363961030678928,15.0,PUNT_SOCIALES_CIUDADANAS,PUNT_MATEMATICAS,0,0,60,1,medio,-0.7946041826290278,-0.8388968253781128,0.07415138866345206,0.598134636138543,-0.8217922672991772,Bajo,42.333333333333336,1.0975609756097562,bajo
0,24,3,0,1,0,1,0,15,0,55,43,48,43,40.0,233,45.8,5.890670590009257,15.0,PUNT_LECTURA_CRITICA,PUNT_INGLES,0,1,15,0,bajo,0.2079244353737827,-0.66990068811419,-0.21276284090278455,-0.4822308144636791,-0.9966044917831545,Bajo,37.96666666666667,1.2790697674418605,medio
0,15,2,1,1,1,1,45,45,0,68,64,59,62,71.0,319,64.8,4.764451699828638,12.0,PUNT_INGLES,PUNT_C_NATURALES,1,3,90,0,alto,1.5112116387774364,1.104558753157,0.839256000840083,1.0967648441087994,1.712984987718493,Alto,88.4,1.0625,medio
0,23,2,0,1,0,1,15,45,0,47,42,46,51,49.0,233,47.0,3.391164991562634,9.0,PUNT_SOCIALES_CIUDADANAS,PUNT_MATEMATICAS,0,1,60,0,medio,-0.5940984590284657,-0.7543987567461514,-0.40403899394694226,0.18260946282999607,-0.20994948160525678,Bajo,37.96666666666667,1.119047619047619,medio
0,11,1,0,0,0,1,15,15,0,40,42,36,42,46.0,202,41.2,3.6331804249169903,10.0,PUNT_INGLES,PUNT_C_NATURALES,0,0,30,0,medio,-1.295868491630433,-0.7543987567461514,-1.360419759167731,-0.5653358491253885,-0.4721678183312227,Bajo,16.3,0.9523809523809523,bajo
1,19,1,0,0,0,0,45,45,0,34,40,37,31,43.0,180,37.0,4.743416490252569,12.0,PUNT_INGLES,PUNT_SOCIALES_CIUDADANAS,0,0,90,0,medio,-1.8973856624321193,-0.9233948940100744,-1.264781682645652,-1.4794912304041918,-0.7343861550571885,Bajo,5.733333333333333,0.85,bajo
1,4,2,0,1,0,1,15,120,0,39,34,42,40,45.0,196,40.0,4.06201920231798,11.0,PUNT_INGLES,PUNT_MATEMATICAS,0,1,135,0,medio,-1.396121353430714,-1.430383305801843,-0.7865913000352577,-0.7315459184488072,-0.5595739305732113,Bajo,13.466666666666665,1.1470588235294117,medio
1,19,1,0,1,1,1,15,180,0,56,59,46,50,52.0,263,52.6,5.079370039680118,13.0,PUNT_MATEMATICAS,PUNT_C_NATURALES,0,2,195,0,medio,0.3081772971740637,0.6820684099971929,-0.40403899394694226,0.09950442816828668,0.05226885512070911,Medio,57.93333333333334,0.9491525423728814,bajo
0,12,1,0,0,0,1,45,0,1,39,43,35,35,32.0,188,36.8,4.266145801540309,11.0,PUNT_MATEMATICAS,PUNT_INGLES,0,0,45,1,bajo,-1.396121353430714,-0.66990068811419,-1.4560578356898097,-1.1470710917573543,-1.6958533897190635,Bajo,8.866666666666667,0.9069767441860465,bajo
0,20,1,1,1,1,0,15,45,0,54,39,39,45,43.0,221,44.0,6.164414002968976,15.0,PUNT_LECTURA_CRITICA,PUNT_MATEMATICAS,1,3,60,0,medio,0.10767157357350166,-1.0078929626420357,-1.0735055296014944,-0.3160207451402603,-0.7343861550571885,Bajo,28.733333333333334,1.3846153846153846,bajo
1,3,2,1,1,1,1,15,45,0,66,74,78,71,60.0,357,69.8,7.014271166700073,18.0,PUNT_C_NATURALES,PUNT_INGLES,1,3,60,0,medio,1.3107059151768743,1.9495394394766143,2.6563794547595814,1.8447101560641839,0.7515177530566182,Superior,98.33333333333333,0.8918918918918919,medio
0,7,2,0,1,1,1,45,45,1,50,49,53,51,51.0,254,50.8,1.4832396974191324,4.0,PUNT_C_NATURALES,PUNT_MATEMATICAS,0,2,90,1,medio,-0.29333987362762254,-0.16291227632242142,0.2654275417076098,0.18260946282999607,-0.03513725712127952,Medio,51.9,1.0204081632653061,medio
0,28,2,1,0,1,0,90,180,0,48,46,49,41,45.0,230,45.8,3.1144823004794873,8.0,PUNT_C_NATURALES,PUNT_SOCIALES_CIUDADANAS,0,2,270,0,medio,-0.4938455972281846,-0.41640648221830573,-0.11712476438070567,-0.6484408837870979,-0.5595739305732113,Bajo,35.333333333333336,1.0434782608695652,medio
1,2,2,0,0,0,0,90,120,0,49,61,64,61,50.0,290,57.0,6.96419413859206,15.0,PUNT_C_NATURALES,PUNT_LECTURA_CRITICA,0,0,210,0,medio,-0.3935927354279036,0.8510645472611158,1.3174463834504773,1.01365980944709,-0.12254336936326815,Medio,75.23333333333333,0.8032786885245902,medio
1,26,1,0,0,0,1,15,45,0,46,45,50,39,49.0,227,45.8,4.324349662087931,11.0,PUNT_C_NATURALES,PUNT_SOCIALES_CIUDADANAS,0,0,60,0,medio,-0.6943513208287467,-0.5009045508502672,-0.02148668785862681,-0.8146509531105167,-0.20994948160525678,Bajo,33.0,1.0222222222222221,bajo
1,31,2,0,1,0,1,0,15,0,60,52,51,53,70.0,276,57.2,7.981227975693966,19.0,PUNT_INGLES,PUNT_C_NATURALES,0,1,15,0,alto,0.709188744375188,0.0905819295734629,0.07415138866345206,0.3488195321534149,1.6255788754765044,Medio,66.03333333333333,1.1538461538461537,medio
0,28,1,0,0,1,2,15,0,0,64,69,66,66,61.0,329,65.2,2.9495762407505253,8.0,PUNT_MATEMATICAS,PUNT_INGLES,0,1,15,0,alto,1.110200191576312,1.5270490963168073,1.508722536494635,1.429184982755637,0.8389238652986067,Alto,91.93333333333334,0.927536231884058,bajo
0,2,3,1,1,1,1,0,180,1,55,59,44,48,54.0,258,52.0,5.958187643906492,15.0,PUNT_MATEMATICAS,PUNT_C_NATURALES,1,3,180,1,medio,0.2079244353737827,0.6820684099971929,-0.5953151469911,-0.06670564115513211,0.22708107960468638,Medio,54.400000000000006,0.9322033898305084,medio
1,14,3,1,1,1,0,0,45,0,49,48,51,56,54.0,256,51.6,3.361547262794322,8.0,PUNT_SOCIALES_CIUDADANAS,PUNT_MATEMATICAS,1,3,45,0,medio,-0.3935927354279036,-0.24741034495438285,0.07415138866345206,0.598134636138543,0.22708107960468638,Medio,53.233333333333334,1.0208333333333333,medio
0,2,2,0,1,0,2,45,45,0,49,51,48,36,46.0,230,46.0,5.873670062235365,15.0,PUNT_MATEMATICAS,PUNT_SOCIALES_CIUDADANAS,0,1,90,0,medio,-0.3935927354279036,0.006083860941501454,-0.21276284090278455,-1.0639660570956448,-0.4721678183312227,Bajo,35.333333333333336,0.9607843137254902,medio
1,28,3,1,1,0,0,15,15,0,37,57,53,48,44.0,242,47.8,7.791020472312981,20.0,PUNT_MATEMATICAS,PUNT_LECTURA_CRITICA,1,2,30,0,medio,-1.596627077031276,0.51307227273327,0.2654275417076098,-0.06670564115513211,-0.6469800428151999,Bajo,43.9,0.6491228070175439,medio
0,23,1,0,1,0,2,45,15,0,52,42,48,40,45.0,227,45.4,4.774934554525329,12.0,PUNT_LECTURA_CRITICA,PUNT_SOCIALES_CIUDADANAS,0,1,60,0,medio,-0.09283415002706044,-0.7543987567461514,-0.21276284090278455,-0.7315459184488072,-0.5595739305732113,Bajo,33.0,1.2380952380952381,bajo
0,5,1,0,1,0,1,90,120,0,46,41,40,32,44.0,200,40.6,5.366563145999495,14.0,PUNT_LECTURA_CRITICA,PUNT_SOCIALES_CIUDADANAS,0,1,210,0,medio,-0.6943513208287467,-0.8388968253781128,-0.9778674530794155,-1.3963861957424824,-0.6469800428151999,Bajo,15.266666666666667,1.1219512195121952,bajo
0,2,2,1,1,1,0,15,120,0,73,66,59,63,67.0,327,65.6,5.176871642217915,14.0,PUNT_LECTURA_CRITICA,PUNT_C_NATURALES,1,3,135,0,alto,2.0124759477788414,1.273554890420923,0.839256000840083,1.1798698787705089,1.3633605387505385,Alto,91.3,1.106060606060606,medio
0,2,2,0,0,0,0,45,120,0,48,25,35,35,40.0,180,36.6,8.384509526501834,23.0,PUNT_LECTURA_CRITICA,PUNT_MATEMATICAS,0,0,165,0,bajo,-0.4938455972281846,-2.1908659234894956,-1.4560578356898097,-1.1470710917573543,-0.9966044917831545,Bajo,5.733333333333333,1.92,medio
1,21,3,0,0,0,1,15,120,0,57,44,52,53,42.0,254,49.6,6.348228099241551,15.0,PUNT_LECTURA_CRITICA,PUNT_INGLES,0,0,135,0,medio,0.4084301589743448,-0.5854026194822286,0.16978946518553092,0.3488195321534149,-0.8217922672991772,Medio,51.9,1.2954545454545454,medio
0,15,3,1,1,1,1,45,120,0,63,49,51,58,60.0,278,56.2,5.974947698515862,14.0,PUNT_LECTURA_CRITICA,PUNT_MATEMATICAS,1,3,165,0,medio,1.009947329776031,-0.16291227632242142,0.07415138866345206,0.7643447054619619,0.7515177530566182,Medio,67.80000000000001,1.2857142857142858,medio
1,22,2,1,1,1,1,15,120,0,70,61,64,71,66.0,332,66.4,4.159326868617084,10.0,PUNT_SOCIALES_CIUDADANAS,PUNT_MATEMATICAS,1,3,135,0,alto,1.7117173623779984,0.8510645472611158,1.3174463834504773,1.8447101560641839,1.2759544265085498,Alto,93.0,1.1475409836065573,medio
0,2,2,0,0,0,1,15,120,0,60,25,49,54,47.0,235,47.0,13.285330255586423,35.0,PUNT_LECTURA_CRITICA,PUNT_MATEMATICAS,0,0,135,0,medio,0.709188744375188,-2.1908659234894956,-0.11712476438070567,0.43192456681512426,-0.38476170608923405,Bajo,39.56666666666667,2.4,medio
0,20,2,0,0,0,0,0,180,0,45,43,42,42,41.0,214,42.6,1.5165750888103102,4.0,PUNT_LECTURA_CRITICA,PUNT_INGLES,0,0,180,0,medio,-0.7946041826290278,-0.66990068811419,-0.7865913000352577,-0.5653358491253885,-0.9091983795411658,Bajo,24.2,1.0465116279069768,medio
1,15,2,1,1,1,1,45,45,0,51,56,46,49,46.0,251,49.6,4.159326868617084,10.0,PUNT_MATEMATICAS,PUNT_C_NATURALES,1,3,90,0,medio,-0.19308701182734148,0.42857420410130864,-0.40403899394694226,0.016399393506577285,-0.4721678183312227,Medio,50.33333333333333,0.9107142857142857,medio
0,15,4,1,1,1,1,90,120,0,69,61,65,67,80.0,333,68.4,7.127411872482185,19.0,PUNT_INGLES,PUNT_MATEMATICAS,1,3,210,0,alto,1.6114645005777173,0.8510645472611158,1.413084459972556,1.5122900174173464,2.4996399978963906,Alto,93.4,1.1311475409836065,alto
1,22,1,0,1,0,2,15,0,0,31,42,35,29,28.0,169,33.0,5.70087712549569,14.0,PUNT_MATEMATICAS,PUNT_INGLES,0,1,15,0,bajo,-2.1981442478329623,-0.7543987567461514,-1.4560578356898097,-1.6457012997276106,-2.045477838687018,Bajo,2.9000000000000004,0.7380952380952381,bajo
